time_ps,Mx_eA,My_eA,Mz_eA,M_mag_eA
1.0000,-10.007525,10.548911,-0.073810,14.540823
2.0000,-1.440972,4.623694,5.243699,7.138019
3.0000,8.262226,6.496199,1.061303,10.563681
4.0000,5.604594,2.058058,-6.961190,9.170891
5.0000,6.683970,12.370406,-14.362324,20.099223
6.0000,17.587301,5.560979,-7.989602,20.101527
7.0000,4.855664,17.121286,-3.130654,18.069779
8.0000,-0.006719,8.480923,-4.264362,9.492675
9.0000,-5.674577,5.785945,-10.987737,13.653144
10.0000,0.537303,8.326695,-16.411939,18.411255
11.0000,-2.766858,3.648942,-12.462498,13.277204
12.0000,4.880324,4.661263,-14.625217,16.107200
13.0000,1.502053,-3.760681,-7.174672,8.238617
14.0000,7.604619,-0.430520,0.712132,7.650013
15.0000,-11.283043,-4.262280,9.154171,15.141761
16.0000,-5.314892,-11.641580,4.345935,13.515236
17.0000,-13.324720,-2.419557,5.379122,14.571800
18.0000,-10.550770,-3.258161,7.886535,13.569517
19.0000,1.020507,-1.656869,-3.435143,3.948019
20.0000,-14.289125,3.504993,-1.097888,14.753624
21.0000,-6.468208,2.773135,-3.588508,7.899707
22.0000,-18.126394,-4.651680,-6.590392,19.840302
23.0000,-8.830760,8.160066,-3.355238,12.483053
24.0000,-13.048806,4.149172,-6.100128,14.989947
25.0000,-17.810080,5.431072,-4.654537,19.192712
26.0000,-29.491268,3.708861,-6.191593,30.361593
27.0000,-20.108576,11.349284,-12.422155,26.219669
28.0000,-20.708937,-2.932620,2.224201,21.033482
29.0000,-22.950332,2.015434,-0.722240,23.049975
30.0000,-32.458973,-12.805766,-2.200039,34.963019
31.0000,-22.762829,1.229280,-4.199506,23.179589
32.0000,-22.060643,1.495264,-1.446007,22.158490
33.0000,-15.843388,6.444507,-5.499050,17.966195
34.0000,-17.011458,-7.736685,-0.182671,18.689017
35.0000,-17.056483,2.746826,-7.879657,18.988356
36.0000,-25.079318,-1.508555,2.868537,25.287871
37.0000,-24.292352,-3.290399,-2.665685,24.658689
38.0000,-19.562382,-3.267481,-8.808394,21.701406
39.0000,-27.192401,-2.924128,-11.157411,29.537519
40.0000,-21.409139,7.001212,-1.928121,22.607208
41.0000,-16.138805,8.452764,-3.145728,18.487992
42.0000,-9.563404,8.669884,2.071095,13.073447
43.0000,-8.635439,6.499073,0.337012,10.813063
44.0000,-8.515384,0.586902,9.810127,13.003646
45.0000,-7.781464,16.535582,3.754590,18.656731
46.0000,-13.625664,6.277871,6.380829,16.302925
47.0000,-14.767934,17.589427,-0.379268,22.970060
48.0000,-9.092306,20.482095,8.462686,23.954191
49.0000,-19.089078,15.497634,7.847026,25.809793
50.0000,-19.788235,11.746280,4.516483,23.450969
51.0000,-16.305623,18.481748,-1.492393,24.691609
52.0000,-22.616809,7.445574,-6.104387,24.580890
53.0000,-22.704691,4.427704,-16.482280,28.403752
54.0000,-22.182349,15.300432,-7.948870,28.095273
55.0000,-22.748281,10.286990,-9.059869,26.559136
56.0000,-9.551795,12.269870,0.086134,15.549724
57.0000,-8.949221,8.811129,-2.361652,12.778965
58.0000,-8.628252,1.495731,-17.706833,19.753882
59.0000,-9.237472,6.803031,-18.929185,22.134276
60.0000,-15.428816,6.176085,-11.951425,20.470197
61.0000,-14.253573,9.822915,-10.686485,20.343426
62.0000,-7.474021,6.351756,-11.188364,14.879022
63.0000,1.070253,-2.576845,-17.481191,17.702475
64.0000,-9.730451,11.363874,-12.150017,19.272837
65.0000,-9.368239,12.894746,-13.703588,21.019674
66.0000,-10.674308,16.531547,-7.868679,21.193136
67.0000,-17.492686,10.691486,-11.042814,23.286169
68.0000,-31.939678,22.006141,-15.507672,41.772015
69.0000,-26.392205,21.518686,-4.774818,34.386061
70.0000,-27.629185,28.058747,-14.128816,41.836451
71.0000,-25.892593,13.350884,-22.244898,36.653895
72.0000,-21.279383,12.362335,-21.256933,32.519174
73.0000,-21.205653,20.345967,-30.666636,42.474470
74.0000,4.943437,-4.161634,-24.565539,25.401229
75.0000,-5.914091,19.888842,-20.257082,28.998136
76.0000,-4.376960,15.171638,-13.727635,20.923297
77.0000,-8.651660,17.695513,-13.543371,23.904085
78.0000,-10.541493,24.085594,-12.174273,28.973295
79.0000,-13.575452,25.359370,-14.329402,32.135998
80.0000,-13.289100,30.473530,-8.300526,34.265652
81.0000,-2.663121,26.215065,-6.688272,27.185563
82.0000,-7.779188,13.683973,-1.238127,15.789232
83.0000,-3.456066,12.177593,1.065777,12.703309
84.0000,-8.916794,6.261215,-7.689606,13.335744
85.0000,-3.000371,11.692630,6.223920,13.581495
86.0000,-12.006937,19.531736,16.242619,28.097650
87.0000,-4.814253,15.741601,9.521822,19.016838
88.0000,-9.312770,24.644524,16.937521,31.320278
89.0000,1.437092,15.471955,14.151785,21.017127
90.0000,-2.431529,20.234864,15.955526,25.883216
91.0000,6.231990,12.909407,16.476016,21.839176
92.0000,8.932483,23.283263,8.853664,26.462936
93.0000,-3.213959,22.422088,0.253320,22.652676
94.0000,-2.460845,28.071614,-1.231788,28.206180
95.0000,-1.254063,10.670822,3.214929,11.214940
96.0000,1.209360,12.665603,5.315171,13.788804
97.0000,21.196062,20.767311,-5.343592,30.151422
98.0000,13.280235,13.728953,-7.426961,20.494110
99.0000,18.990199,19.367596,-7.188405,28.060731
100.0000,16.853467,15.527514,-5.088524,23.474159
101.0000,25.736238,22.607442,-1.927274,34.309835
102.0000,15.217333,15.886047,1.751873,22.068139
103.0000,7.628659,36.035021,0.225224,36.834358
104.0000,13.476304,33.822263,6.982223,37.071656
105.0000,11.164594,52.491039,15.081990,55.744271
106.0000,28.736821,52.681070,19.814627,63.195882
107.0000,36.398555,49.035422,12.763427,62.387759
108.0000,32.256259,57.121073,7.858489,66.068442
109.0000,30.005506,55.375585,-0.893444,62.988761
110.0000,22.599986,61.328220,9.469196,66.042226
111.0000,21.045586,53.606344,6.103950,57.912132
112.0000,21.182435,58.247669,3.115434,62.057977
113.0000,18.568335,40.924694,3.910927,45.109966
114.0000,31.930801,39.006344,5.944029,50.758274
115.0000,20.340837,47.630033,10.779727,52.901533
116.0000,20.239435,46.290210,19.441783,54.133181
117.0000,17.423218,46.379417,15.952022,52.048879
118.0000,21.602936,40.209748,13.716741,47.661930
119.0000,19.064683,41.915295,2.552565,46.117997
120.0000,19.832609,37.454568,-1.060006,42.394583
121.0000,15.799127,26.253416,-0.144116,30.641067
122.0000,14.915927,30.468774,-4.009204,34.159988
123.0000,9.688576,36.165445,0.598320,37.445506
124.0000,5.152059,29.950313,-7.342129,31.264546
125.0000,18.059869,23.986104,1.942703,30.087641
126.0000,-0.661866,29.399665,-3.311205,29.592946
127.0000,-7.610147,24.751950,-2.189228,25.987806
128.0000,11.483834,28.681103,-0.635003,30.901252
129.0000,26.194153,30.800716,-0.246454,40.433631
130.0000,14.301795,27.499818,-1.443637,31.030073
131.0000,16.842190,25.256044,1.680211,30.403129
132.0000,16.138919,27.906671,2.787758,32.357666
133.0000,29.635183,38.982780,-0.594444,48.971977
134.0000,21.476814,37.415011,1.055332,43.153798
135.0000,17.612414,36.690221,-8.126766,41.501973
136.0000,25.246022,47.264377,-0.828068,53.590751
137.0000,27.150630,37.773474,2.373965,46.579263
138.0000,31.718750,32.678907,0.441354,45.543220
139.0000,34.975126,27.253959,9.191415,45.282666
140.0000,30.387261,22.772154,7.860522,38.778144
141.0000,30.449434,25.571637,7.215666,40.412157
142.0000,26.293999,1.392898,2.573450,26.456326
143.0000,31.071207,9.711760,6.322954,33.161995
144.0000,25.544238,19.392966,-0.620440,32.077721
145.0000,20.668760,2.670107,-11.730985,23.915332
146.0000,19.957058,12.337525,-2.922586,23.644031
147.0000,24.799487,10.920023,6.561250,27.880305
148.0000,22.173326,6.590188,-8.833597,24.761248
149.0000,15.631761,-0.186951,-10.232655,18.684061
150.0000,5.650711,11.711771,-16.303758,20.854464
151.0000,13.453113,10.764975,-13.280787,21.754315
152.0000,13.658775,15.766544,-16.140485,26.375391
153.0000,11.979456,14.452085,-13.982692,23.406961
154.0000,6.721921,15.875931,-14.639056,22.617059
155.0000,15.754760,16.224063,-15.179187,27.236747
156.0000,16.508114,17.710500,-18.484069,30.460473
157.0000,17.366028,14.676002,-24.937670,33.746871
158.0000,20.093761,16.034858,-20.539160,32.904908
159.0000,18.108783,18.975473,-25.890462,36.855293
160.0000,15.459184,14.006589,-11.876354,24.004555
161.0000,8.838858,10.810464,-21.023243,25.238231
162.0000,6.153978,10.966201,-19.551620,23.246395
163.0000,14.689966,13.101935,-22.932533,30.221794
164.0000,22.220092,4.214528,-11.724012,25.474442
165.0000,22.786813,2.479686,-10.753408,25.318442
166.0000,19.141031,0.633667,-6.136760,20.110705
167.0000,9.763458,-6.058429,-14.937572,18.845709
168.0000,9.846655,-8.174766,-12.508365,17.895323
169.0000,14.241193,-15.805763,4.621872,21.771436
170.0000,1.041545,-7.957773,1.187370,8.113003
171.0000,7.256728,-14.611671,4.053617,16.810498
172.0000,2.226370,-18.566915,2.820271,18.911398
173.0000,4.172364,-8.082894,-9.433687,13.104818
174.0000,9.833535,-11.931570,14.784927,21.392869
175.0000,9.537855,-22.604025,9.796590,26.417529
176.0000,-3.266458,-26.345253,6.317818,27.288403
177.0000,6.544297,-26.713119,3.981907,27.789821
178.0000,-0.676097,-36.843543,13.188164,39.138618
179.0000,-1.439933,-24.085640,2.575144,24.265671
180.0000,-13.261956,-19.852132,10.434025,26.054855
181.0000,-22.170820,-18.492832,18.380344,34.225241
182.0000,-22.058891,-17.534698,8.538326,29.444241
183.0000,-31.789967,-23.071356,17.845920,43.143555
184.0000,-19.656876,-26.724731,13.464510,35.803590
185.0000,-17.049913,-16.520660,18.027079,29.809517
186.0000,-16.487767,-15.419307,17.755774,28.720533
187.0000,-4.476447,-27.659905,14.902719,31.736414
188.0000,-23.535882,-31.460682,12.854263,41.339380
189.0000,-19.404114,-28.988679,16.167995,38.448241
190.0000,-19.698800,-36.368404,18.243523,45.205416
191.0000,-21.193351,-29.848432,22.502114,42.970131
192.0000,-21.054192,-39.304997,16.505711,47.545770
193.0000,-15.070600,-28.636868,17.889691,36.976130
194.0000,-19.641885,-27.626987,13.216138,36.382968
195.0000,-14.210611,-22.934444,26.080675,37.525082
196.0000,-9.775781,-31.650721,30.889705,45.293574
197.0000,-16.216087,-15.948886,18.623533,29.396674
198.0000,-4.929694,-20.567376,25.081835,32.808799
199.0000,-13.445177,-15.239777,23.311658,30.926639
200.0000,-3.973521,-20.771648,30.569265,37.171632
201.0000,-3.659946,-18.471219,23.260578,29.927172
202.0000,-3.914725,-20.282664,43.289984,47.965969
203.0000,-2.093655,-13.384284,25.055860,28.483655
204.0000,4.681250,0.090783,17.693265,18.302294
205.0000,5.497538,-2.535281,12.309635,13.717787
206.0000,-4.816353,-15.398732,19.042320,24.958529
207.0000,8.981797,-20.259717,20.349653,30.087160
208.0000,-3.464235,-21.143716,18.502226,28.308832
209.0000,6.451837,-16.475333,17.201058,24.676693
210.0000,-2.326278,-5.053759,23.748390,24.391352
211.0000,2.215708,-8.628065,34.030445,35.177039
212.0000,14.331984,-13.949834,20.210725,28.433730
213.0000,19.523750,-16.831532,20.832657,33.143278
214.0000,21.783721,-8.676152,26.079055,35.070261
215.0000,15.883491,-9.864492,31.146714,36.327831
216.0000,15.765822,-8.422062,30.794068,35.605715
217.0000,16.338068,-3.708955,19.485190,25.697499
218.0000,8.379144,3.551651,20.431496,22.366723
219.0000,11.661491,-0.944363,25.758324,28.290872
220.0000,-1.371308,-9.066442,20.725077,22.662959
221.0000,-5.306921,-12.879604,22.938682,26.837115
222.0000,7.159283,-2.323521,12.721618,14.781531
223.0000,-1.601965,-1.037149,20.546432,20.634869
224.0000,-4.266204,0.729612,18.375590,18.878430
225.0000,-6.708821,2.180082,18.584688,19.878422
226.0000,-4.271046,-6.082109,18.450262,19.890853
227.0000,-9.025388,-6.195836,16.624190,19.905017
228.0000,-5.890990,7.813581,12.161470,15.609522
229.0000,-10.315536,-4.049561,3.185264,11.530617
230.0000,-8.924572,-4.958703,8.052193,13.002867
231.0000,-17.078316,-5.522390,7.818740,19.578007
232.0000,-5.186471,-4.762151,2.710418,7.544795
233.0000,-8.076460,-3.613770,8.179120,12.049337
234.0000,0.492102,-13.245666,2.704459,13.527895
235.0000,-4.978530,-0.864288,11.215674,12.301386
236.0000,-4.319186,-10.300433,15.716165,19.280875
237.0000,-9.459543,-10.031361,8.214357,16.049512
238.0000,-5.070800,-4.779298,6.840063,9.764280
239.0000,-6.696210,-12.842302,13.476932,19.783620
240.0000,-7.407565,-6.448557,12.636016,16.003900
241.0000,5.097787,-12.959708,16.188646,21.354478
242.0000,-5.044428,-16.584878,8.913982,19.492653
243.0000,-0.355846,-21.045126,12.180428,24.318446
244.0000,9.431490,-11.783980,19.720783,24.833938
245.0000,4.351944,-14.820844,19.475187,24.857186
246.0000,12.529409,-6.879793,17.919427,22.922118
247.0000,6.738132,-7.556178,7.178138,12.410637
248.0000,9.954281,-6.326915,10.900939,16.060761
249.0000,4.863527,-12.666385,10.913829,17.412721
250.0000,14.942230,-0.368538,13.060883,19.849250
251.0000,11.819494,-8.524841,11.806213,18.755267
252.0000,3.949801,-2.905737,9.147559,10.378925
253.0000,-0.769098,9.398410,8.648417,12.795184
254.0000,7.436963,10.495182,6.175167,14.268495
255.0000,13.245347,9.225868,8.910076,18.437606
256.0000,2.697165,6.270641,-1.695009,7.033398
257.0000,6.476914,-5.343892,-6.869584,10.848907
258.0000,14.713695,-0.868547,-8.718236,17.124685
259.0000,9.241175,6.696685,-2.297890,11.641529
260.0000,7.218974,-0.951081,-13.940088,15.727180
261.0000,4.072543,-4.253735,-4.157019,7.208375
262.0000,10.187577,-3.401593,1.977727,10.921033
263.0000,11.545394,-7.631070,15.623511,20.871594
264.0000,-6.224646,0.887550,10.037544,11.844250
265.0000,12.060415,-11.034192,15.429314,22.478228
266.0000,9.148594,4.676498,18.991419,21.592601
267.0000,6.447774,-8.765856,17.149710,20.310750
268.0000,-8.229768,6.690924,15.619670,18.880457
269.0000,0.208790,-6.137157,16.300300,17.418612
270.0000,3.238947,-15.259411,18.841645,24.461153
271.0000,-1.573847,-3.593135,21.059740,21.421957
272.0000,-0.873697,-9.450258,20.334466,22.440170
273.0000,-10.215324,-4.698555,17.853842,21.099500
274.0000,-19.738912,-13.722358,16.652495,29.244373
275.0000,-13.465242,-2.905534,22.388864,26.287185
276.0000,-16.108475,-5.588672,22.344566,28.106865
277.0000,-11.253380,-17.892326,14.522270,25.645082
278.0000,-16.756635,-4.092573,23.996063,29.552411
279.0000,-25.887636,5.165002,22.851855,34.914956
280.0000,-11.006750,-13.147140,26.771439,31.791600
281.0000,-17.947811,-1.999674,21.763724,28.280423
282.0000,-16.783914,-23.381154,24.960301,38.097175
283.0000,-13.989234,-20.703128,12.561311,27.966135
284.0000,-12.330781,-13.610582,22.059674,28.704099
285.0000,-10.535492,-6.154404,10.416359,16.042874
286.0000,-18.304590,-10.623725,4.541664,21.645976
287.0000,-5.030541,-18.435575,6.723837,20.258005
288.0000,-1.769848,-13.452505,4.147419,14.188141
289.0000,-4.132833,-10.770512,7.526738,13.774470
290.0000,6.521844,-19.941287,-7.183963,22.176535
291.0000,-1.235278,-15.657718,-12.209978,19.894060
292.0000,5.607106,-8.090743,3.264261,10.370881
293.0000,0.949191,-12.240565,-4.917091,13.225361
294.0000,4.811701,-15.371005,3.812579,16.551617
295.0000,-5.568906,-4.147119,-1.086308,7.027900
296.0000,-5.825147,-8.948332,4.559955,11.610261
297.0000,-3.170867,-11.380268,5.524090,13.041490
298.0000,-8.475966,-11.842911,9.809551,17.559153
299.0000,-4.451203,1.491235,2.515228,5.325727
300.0000,-4.904667,-7.041103,-7.505058,11.399947
301.0000,-12.219122,6.353134,-5.111953,14.690177
302.0000,-12.955248,11.366516,2.727983,17.449299
303.0000,-9.632402,20.230448,4.482821,22.850599
304.0000,-5.160834,10.255419,8.956823,14.561336
305.0000,-10.279952,4.637026,13.468055,17.566102
306.0000,-8.302183,7.737887,12.915246,17.193159
307.0000,-14.468942,9.666882,0.205452,17.402330
308.0000,-2.185859,6.746509,4.095304,8.189315
309.0000,4.175012,9.499106,-0.871048,10.412611
310.0000,7.926653,3.622751,8.303401,12.037551
311.0000,-1.119601,-0.419301,8.198415,8.285127
312.0000,-7.157219,7.323840,10.689755,14.803218
313.0000,3.397958,4.350624,11.771733,13.001836
314.0000,-13.918639,1.484024,3.636066,14.462082
315.0000,-13.674434,1.032513,9.257652,16.545705
316.0000,-20.101199,9.737394,8.373547,23.853539
317.0000,-0.744312,5.489389,6.235600,8.340869
318.0000,-10.093431,2.431043,7.408439,12.754305
319.0000,-5.913330,9.966784,4.219736,12.333306
320.0000,-10.677549,9.687982,2.071445,14.565642
321.0000,-0.619931,24.185122,11.747645,26.894453
322.0000,-7.266095,27.301253,9.838684,29.915786
323.0000,-3.511835,19.357597,2.818146,19.874393
324.0000,-14.264847,24.748737,9.510124,30.106948
325.0000,-2.248316,23.154995,14.709344,27.524053
326.0000,-1.405412,16.610053,8.479216,18.702036
327.0000,-8.553911,16.578262,17.035578,25.262998
328.0000,-12.810664,18.869749,15.008629,27.302738
329.0000,-2.345270,26.266041,17.760256,31.793583
330.0000,-10.542021,11.201397,7.977608,17.327658
331.0000,0.919076,16.140113,-2.747478,16.398066
332.0000,1.642047,13.316869,7.224356,15.238984
333.0000,6.721231,19.375938,-11.616394,23.569950
334.0000,-1.604914,24.164595,2.950954,24.396958
335.0000,9.366710,20.354666,-10.574524,24.776364
336.0000,1.982146,22.468357,-10.545742,24.899170
337.0000,6.878107,25.462969,-0.518584,26.380676
338.0000,-0.089647,12.412251,5.671968,13.647096
339.0000,3.013751,6.874705,-3.307405,8.202633
340.0000,2.570846,11.327821,10.273014,15.506889
341.0000,7.564312,17.146708,4.587057,19.294287
342.0000,6.302687,15.715556,11.301295,20.357354
343.0000,4.030670,19.386335,6.049728,20.704480
344.0000,-7.394302,-2.692242,-5.653879,9.689696
345.0000,1.676704,-8.622582,-2.712057,9.193232
346.0000,-3.589355,-1.719065,11.863821,12.513549
347.0000,4.732030,-8.453847,8.677735,13.006257
348.0000,13.086737,-4.053061,14.565294,19.995944
349.0000,-3.371470,2.942547,-2.328591,5.044574
350.0000,1.023803,15.116888,10.546722,18.460819
351.0000,7.565498,11.618766,22.262803,26.227178
352.0000,9.572486,0.472473,24.579293,26.381762
353.0000,7.456622,7.430340,27.484981,29.431876
354.0000,-1.623647,6.179345,20.813839,21.772378
355.0000,-3.725082,7.054058,19.251600,20.838907
356.0000,-2.704472,19.014884,11.778846,22.530451
357.0000,-6.234133,10.695704,9.278297,15.470918
358.0000,2.507073,21.595650,7.105260,22.872303
359.0000,3.750465,2.400552,18.749951,19.271463
360.0000,4.223959,-6.449565,6.172139,9.875931
361.0000,5.956211,-3.089371,-0.916183,6.772005
362.0000,3.958640,2.467221,4.319067,6.357070
363.0000,5.913962,16.266700,2.396201,17.473473
364.0000,19.514890,10.983529,-8.569623,23.977224
365.0000,9.675633,8.564371,-5.647693,14.101871
366.0000,17.362686,11.774471,-7.067228,22.137000
367.0000,21.326642,3.904057,-4.809438,22.208062
368.0000,11.265241,1.228662,-2.911601,11.700114
369.0000,5.310202,-4.570753,-11.454139,13.427112
370.0000,3.384116,-2.598063,-6.980253,8.180837
371.0000,8.973862,-5.532708,-22.236289,24.608811
372.0000,6.415468,13.011520,-14.183066,20.288353
373.0000,16.184070,2.396170,-25.030209,29.902795
374.0000,16.220515,3.357707,-28.636221,33.081905
375.0000,1.104569,2.754698,-23.175107,23.364375
376.0000,2.949258,1.978377,-23.879066,24.141704
377.0000,5.157914,15.678646,-24.706469,29.712516
378.0000,4.247151,8.728420,-31.227282,32.701174
379.0000,-2.356422,5.256107,-19.469085,20.303316
380.0000,12.395235,10.067378,-4.639328,16.628810
381.0000,6.824746,5.303231,-12.393309,15.109451
382.0000,6.320216,4.759579,-15.184478,17.122123
383.0000,-7.967250,5.553011,-14.165955,17.175194
384.0000,10.262178,-2.384379,-8.532487,13.557319
385.0000,10.047343,-9.212320,-1.152979,13.680106
386.0000,-0.126060,4.698381,5.942981,7.576919
387.0000,1.766093,1.866379,3.937821,4.702009
388.0000,9.722997,10.653308,8.063618,16.524272
389.0000,-1.383454,10.841018,2.665155,11.249207
390.0000,9.255935,16.181054,2.773414,18.846503
391.0000,15.967967,20.745099,-1.268553,26.209622
392.0000,1.272011,14.625624,12.796663,19.475150
393.0000,1.238927,17.353853,5.871170,18.361966
394.0000,-8.556433,14.453820,-1.463948,16.860267
395.0000,-8.556834,13.096435,9.783330,18.451275
396.0000,-9.581372,7.807787,12.124721,17.313956
397.0000,-1.384222,7.392724,8.924344,11.671005
398.0000,-13.354940,10.481782,7.624964,18.610810
399.0000,-3.112859,14.017586,-0.085715,14.359316
400.0000,-0.254438,13.526594,13.667602,19.231142
401.0000,-3.594839,12.778169,13.767710,19.124704
402.0000,-7.348067,6.231513,13.129327,16.285118
403.0000,-5.949764,9.985572,19.497797,22.699679
404.0000,-6.353819,13.421893,14.268485,20.593880
405.0000,-10.707979,7.226151,10.839651,16.863455
406.0000,-2.875076,7.279950,18.892254,20.449474
407.0000,-3.007575,20.953244,17.412507,27.409476
408.0000,-6.192594,9.617987,15.298827,19.102565
409.0000,-12.919111,0.268778,13.659937,18.803445
410.0000,-21.451140,-5.022944,17.814423,28.332579
411.0000,-16.603515,-1.722582,8.395695,18.685067
412.0000,-21.253182,3.725708,20.111871,29.496881
413.0000,-28.314557,-7.027135,7.050096,30.013308
414.0000,-22.410735,-15.980495,4.181229,27.840617
415.0000,-19.693810,-22.316178,11.732595,31.992370
416.0000,-21.843172,-7.974137,13.924853,27.103737
417.0000,-13.360762,-17.501121,20.257834,29.919542
418.0000,-26.899344,-13.336893,8.291563,31.147993
419.0000,-20.355811,-20.966368,12.456976,31.766710
420.0000,-11.714059,-23.555305,30.594012,40.349289
421.0000,-26.300078,-21.811715,35.486330,49.261797
422.0000,-18.726272,-16.195410,25.983640,35.890306
423.0000,-14.518288,-19.878163,24.725123,34.889164
424.0000,-3.694198,-20.695404,20.324341,29.240822
425.0000,-0.732933,-15.189203,10.218800,18.321380
426.0000,-3.257924,-13.344186,26.127919,29.518630
427.0000,2.729034,-5.194896,28.072536,28.679293
428.0000,-0.250643,0.587424,15.517092,15.530229
429.0000,-4.500787,-8.096814,14.093032,16.865024
430.0000,-8.573105,-5.557344,-4.665072,11.231433
431.0000,-11.076329,-9.443699,-2.171882,14.716847
432.0000,-3.234447,2.040610,10.385038,11.066832
433.0000,3.022211,5.854439,2.355955,6.997052
434.0000,-2.625605,9.302785,-2.943471,10.104436
435.0000,3.163884,6.450544,-6.067871,9.404187
436.0000,-1.361549,-1.024879,4.120376,4.458889
437.0000,-3.741305,9.221826,6.600155,11.941586
438.0000,6.858952,13.025502,10.628589,18.156977
439.0000,-5.112934,6.564323,-3.457619,9.010414
440.0000,-0.966916,2.302353,15.314668,15.516920
441.0000,-3.922480,-0.482563,0.304536,3.963768
442.0000,9.537548,0.190662,9.845167,13.708701
443.0000,11.170950,-3.928746,-6.330107,13.427413
444.0000,5.160966,7.200301,-3.517823,9.531788
445.0000,6.040298,5.144924,-9.054475,12.039060
446.0000,4.188074,13.171511,0.197049,13.822717
447.0000,6.676917,15.410524,3.332960,17.122328
448.0000,7.874981,12.427433,-3.962383,15.236696
449.0000,8.935709,12.421329,3.947762,15.802568
450.0000,10.637339,17.632761,-2.393803,20.731559
451.0000,14.610187,-7.705175,7.501464,18.141093
452.0000,10.092847,-2.728678,3.185970,10.929851
453.0000,-1.836468,9.053331,10.644548,14.094035
454.0000,-0.113082,4.930417,4.434280,6.632092
455.0000,3.885143,5.710057,16.197786,17.608729
456.0000,-5.875157,6.762521,11.768982,14.790473
457.0000,3.255228,5.110242,12.103307,13.535181
458.0000,1.948671,8.389304,15.617517,17.834926
459.0000,8.120849,15.487772,13.410900,22.037956
460.0000,20.101755,21.442806,18.820647,34.901163
461.0000,13.127421,19.050394,17.655957,29.102912
462.0000,15.334819,12.990543,22.191604,29.939575
463.0000,23.814326,10.865034,22.473082,34.499428
464.0000,28.699077,10.231888,21.352325,37.205515
465.0000,33.647547,2.542913,20.514174,39.489937
466.0000,33.215880,-3.409456,16.522911,37.254875
467.0000,27.562277,13.373134,18.525086,35.800819
468.0000,23.760920,8.133198,15.836884,29.690691
469.0000,27.543221,8.372910,13.076420,31.618466
470.0000,40.816469,8.737838,5.068128,42.047828
471.0000,28.463469,11.200415,9.116212,31.917451
472.0000,24.211513,18.051082,4.797950,30.578738
473.0000,28.045890,14.841681,6.479407,32.385647
474.0000,20.177033,25.616712,22.776046,39.775330
475.0000,23.932170,10.450169,0.021507,26.114273
476.0000,22.521160,11.937823,4.141615,25.823773
477.0000,20.271954,18.833397,6.496658,28.422799
478.0000,24.773991,30.620291,18.937955,43.703535
479.0000,8.484633,19.603512,6.380061,22.293314
480.0000,8.508190,29.826436,12.503485,33.441631
481.0000,6.636848,16.746724,5.448548,18.819861
482.0000,3.446510,11.484878,17.637863,21.327800
483.0000,3.716295,13.914628,15.215761,20.951065
484.0000,-0.510136,21.086596,28.049915,35.095620
485.0000,1.014030,19.566696,26.375763,32.856730
486.0000,-7.429934,22.232624,23.448343,33.155969
487.0000,-7.522484,33.391164,15.574352,37.604761
488.0000,-5.774450,21.597009,11.592257,25.182444
489.0000,-12.568012,28.688655,20.928011,37.669292
490.0000,-8.218413,17.064473,22.849121,29.678627
491.0000,-10.606535,20.140895,20.358738,30.539032
492.0000,-13.818448,31.457762,24.273096,42.068082
493.0000,-12.902311,25.058051,15.272563,32.056617
494.0000,-7.997345,26.910265,23.621370,36.689086
495.0000,-20.511423,25.440056,25.941027,41.723516
496.0000,-16.025098,24.802817,29.050407,41.423540
497.0000,-30.809052,29.930377,18.903575,46.929418
498.0000,-21.465861,29.443327,17.880314,40.588155
499.0000,-22.010338,22.741279,22.775219,38.991427
500.0000,-28.581463,21.210013,17.466475,39.646468
501.0000,-32.697410,14.206509,12.355159,37.730564
502.0000,-20.513089,6.327118,28.693873,35.835144
503.0000,-17.259627,17.213894,27.270182,36.576983
504.0000,-26.046252,15.456006,14.919761,33.762326
505.0000,-39.726342,6.133924,11.662581,41.854785
506.0000,-32.954209,8.981489,17.223526,38.253064
507.0000,-19.205457,12.842280,9.601605,25.019283
508.0000,-16.777387,7.829050,12.295410,22.225028
509.0000,-9.327574,9.725683,21.030655,24.977610
510.0000,-14.235883,9.758388,5.583578,18.140089
511.0000,-13.222993,-2.270369,-0.183131,13.417737
512.0000,-18.331064,13.954840,9.376617,24.873408
513.0000,-23.186629,10.755611,13.060504,28.703305
514.0000,-13.872633,21.224843,14.428141,29.173878
515.0000,-19.625740,13.186993,16.045612,28.574956
516.0000,-14.718404,15.500793,19.385260,28.856443
517.0000,-18.781761,10.106640,10.083180,23.591720
518.0000,-19.561225,18.066535,7.341387,27.621318
519.0000,-17.558054,6.926006,14.220533,23.632148
520.0000,-19.097723,-4.584042,3.807905,20.005915
521.0000,-19.525905,-1.265923,12.371864,23.150087
522.0000,-23.507760,8.930140,7.999197,26.388431
523.0000,-14.376367,16.727564,15.398851,26.900110
524.0000,-18.524068,-2.590278,18.120836,26.042568
525.0000,-14.565022,-4.902844,8.195552,17.416797
526.0000,-19.900870,-9.191653,-1.649390,21.982984
527.0000,-15.128827,-2.393684,3.297997,15.668054
528.0000,-27.524026,1.475140,5.551089,28.116946
529.0000,-45.003682,12.664823,5.996044,47.134718
530.0000,-50.512568,11.377144,12.453820,53.254639
531.0000,-36.562662,20.667326,7.100690,42.595615
532.0000,-24.636340,24.073781,9.526203,35.738560
533.0000,-19.411409,23.008322,-1.345965,30.132994
534.0000,-34.058914,21.996619,2.237155,40.606228
535.0000,-23.656463,16.778819,-0.074352,29.002802
536.0000,-34.425281,14.912104,-9.341839,38.661878
537.0000,-26.607232,19.730810,-0.740079,33.133025
538.0000,-27.897629,15.741763,3.871581,32.265615
539.0000,-24.463268,24.244757,3.104746,34.581775
540.0000,-32.763592,24.834951,-9.408458,42.175192
541.0000,-21.152190,33.056386,-6.308502,39.748422
542.0000,-20.572562,31.521323,-0.004545,37.640724
543.0000,-17.307008,12.257591,-3.269524,21.458585
544.0000,-12.071277,20.350288,-4.625366,24.109001
545.0000,-15.830933,20.841210,-8.057915,27.384384
546.0000,-14.352392,24.745802,8.905247,29.960796
547.0000,-10.379167,24.628307,6.295476,27.457487
548.0000,-14.318733,22.906338,-0.313052,27.015263
549.0000,-7.878371,31.183188,-3.967986,32.406864
550.0000,1.272247,24.076906,-0.708782,24.120912
551.0000,-5.657769,39.687209,-5.012585,40.400630
552.0000,-0.427739,41.279330,3.316715,41.414571
553.0000,4.520804,35.366664,5.176552,36.028256
554.0000,-3.287302,26.126188,6.695252,27.170029
555.0000,-1.904268,32.023281,2.955967,32.215749
556.0000,-2.614848,23.533801,8.594119,25.190000
557.0000,0.202176,36.236372,20.667511,41.716442
558.0000,-4.897308,32.130686,12.775632,34.922505
559.0000,-9.745130,31.649815,10.708324,34.804404
560.0000,-13.782280,33.731064,7.198221,37.142298
561.0000,-23.459118,28.848076,13.097812,39.422004
562.0000,-32.982516,35.067147,14.908547,50.396587
563.0000,-22.432193,18.751735,1.557963,29.278970
564.0000,-26.628799,22.414094,1.456483,34.836847
565.0000,-16.032611,28.895037,-11.239179,34.903967
566.0000,-17.191959,34.651564,-16.550951,42.074082
567.0000,-10.518088,28.198138,-12.155626,32.458040
568.0000,-16.791725,21.904421,-14.413541,31.137050
569.0000,-13.918995,23.785313,-11.000840,29.673187
570.0000,-15.085931,23.814735,-4.187723,28.500244
571.0000,-8.723881,18.452924,2.284133,20.538592
572.0000,-11.474268,17.815766,-3.807729,21.530424
573.0000,-13.129452,23.115246,-17.964414,32.084533
574.0000,-20.234895,28.586054,-12.962234,37.344785
575.0000,-14.835364,24.155510,-13.133226,31.241932
576.0000,-19.059690,23.138293,-8.411111,31.135175
577.0000,-11.911554,28.144948,1.811326,30.615423
578.0000,-16.660813,27.688412,-4.031265,32.565041
579.0000,-18.735585,23.033865,-6.832834,30.467502
580.0000,-19.228121,33.480988,-12.487488,40.578745
581.0000,-12.233213,21.116944,-4.367107,24.792105
582.0000,-11.081850,34.876681,-9.081302,37.704911
583.0000,-13.728602,31.793751,-11.002468,36.336915
584.0000,-16.404211,27.197534,-18.203415,36.608309
585.0000,-9.737178,37.455288,-17.198215,42.349614
586.0000,-21.146096,19.944719,-11.878542,31.401417
587.0000,-22.760175,26.753568,-7.737038,35.967218
588.0000,-30.167091,24.481170,-6.758975,39.434310
589.0000,-10.466754,22.121421,-1.015636,24.493708
590.0000,-17.908405,13.366644,-7.413624,23.544425
591.0000,-14.583197,25.560795,-16.427946,33.703135
592.0000,-13.164306,23.129774,-21.287279,34.079813
593.0000,-12.115582,28.553858,-22.572616,38.361871
594.0000,-24.597350,30.648600,-11.464593,40.936575
595.0000,-17.933965,30.719886,-8.200593,36.504633
596.0000,-17.960163,33.928577,-4.087198,38.605971
597.0000,-16.140827,31.808802,-5.186078,36.044716
598.0000,-18.339746,30.698700,-1.916584,35.811029
599.0000,-32.749260,36.784553,-3.666692,49.386861
600.0000,-28.506924,33.959756,-3.492714,44.475935
601.0000,-28.521222,37.140482,-10.898325,48.079611
602.0000,-23.082308,36.827523,-16.638852,46.539347
603.0000,-16.544239,42.849785,-19.056691,49.728999
604.0000,-3.197698,39.719622,-20.709790,44.908452
605.0000,-13.686036,21.880640,-16.000155,30.365687
606.0000,-3.012730,37.218706,-8.527932,38.301883
607.0000,-5.204845,29.706527,0.086002,30.159170
608.0000,0.765398,33.575032,-20.706360,39.454049
609.0000,-7.575578,45.362053,-10.393078,47.149987
610.0000,-15.338651,33.790489,-8.587938,38.089685
611.0000,6.082595,46.622420,-13.141103,48.819428
612.0000,-5.778996,34.020697,-8.481471,35.535053
613.0000,-4.696629,47.081006,-19.708609,51.255329
614.0000,-1.324055,36.232380,-21.174408,41.986832
615.0000,-11.753418,32.572457,-25.900470,43.242828
616.0000,-14.027750,27.518303,-15.798757,34.693450
617.0000,-9.362368,27.951527,-12.887391,32.171829
618.0000,-12.516635,31.070268,6.609426,34.142528
619.0000,-7.165344,21.899708,2.861587,23.219131
620.0000,-3.641766,16.601640,-2.150239,17.131855
621.0000,4.851671,22.561617,-7.865729,24.381037
622.0000,4.893690,16.900281,-13.044518,21.902675
623.0000,13.057479,19.219271,-8.452158,24.724827
624.0000,5.245425,35.996030,-2.576715,36.467357
625.0000,10.421080,38.282692,-5.054739,39.996423
626.0000,-1.352939,36.399705,-12.070713,38.372791
627.0000,-0.001741,35.234077,-9.942856,36.610116
628.0000,-2.647749,35.803759,-6.732480,36.527333
629.0000,-17.567226,48.343853,-0.635250,51.440636
630.0000,-4.512247,42.016751,-8.454264,43.095735
631.0000,5.981147,43.595762,-15.258382,46.574486
632.0000,15.751003,50.783735,-16.903087,55.792438
633.0000,10.435815,55.331095,-10.826855,57.338095
634.0000,16.722813,47.013605,-6.552286,50.327567
635.0000,5.013669,55.283870,-16.581567,57.934372
636.0000,3.747986,47.896386,-2.297942,48.097731
637.0000,15.140666,51.917973,-7.248891,54.564293
638.0000,9.622490,51.845130,9.873779,53.647007
639.0000,0.991778,37.255571,13.210735,39.540924
640.0000,-1.408011,44.539554,13.324999,46.511396
641.0000,-15.940792,39.136433,13.571080,44.384045
642.0000,-6.959533,45.241177,9.675575,46.784784
643.0000,-0.990592,40.084444,13.512132,42.312193
644.0000,-5.187881,37.088114,15.916677,40.691312
645.0000,-6.263459,46.686428,9.448463,48.042969
646.0000,-3.379754,34.001013,6.202720,34.727012
647.0000,0.895592,19.757504,16.230532,25.584980
648.0000,-1.826373,15.379955,18.171040,23.876041
649.0000,8.786512,8.247193,11.363583,16.563515
650.0000,2.871378,6.603656,11.611538,13.663122
651.0000,-0.667092,2.727464,5.142250,5.858908
652.0000,-14.022714,0.170488,7.341669,15.829266
653.0000,-18.400495,2.470128,15.037850,23.891771
654.0000,-14.791362,-1.752040,4.870791,15.670949
655.0000,-11.860217,4.210001,9.839976,15.975418
656.0000,-9.022921,10.516582,1.947941,13.993072
657.0000,-8.737935,-2.065930,2.807125,9.407419
658.0000,-23.060070,10.496206,7.834728,26.520184
659.0000,-28.910208,5.934207,11.094330,31.529337
660.0000,-24.097200,2.110204,12.438616,27.200132
661.0000,-18.654717,2.535293,11.381624,21.999263
662.0000,-12.586472,3.459809,6.425299,14.549021
663.0000,-21.689246,3.519230,16.563769,27.516664
664.0000,-18.123339,6.850804,9.409898,21.539153
665.0000,-21.286833,-4.254403,4.613869,22.192724
666.0000,-19.484897,-3.642126,7.974136,21.366168
667.0000,-18.993248,2.414088,13.346131,23.338605
668.0000,-22.756037,9.019616,13.109558,27.767809
669.0000,-29.277656,7.814211,2.435277,30.400224
670.0000,-22.050091,13.444211,10.813405,27.997911
671.0000,-20.899765,6.990728,9.368371,23.946541
672.0000,-14.775108,7.131368,20.428238,26.200632
673.0000,-22.661905,-7.702563,16.206257,28.905608
674.0000,-10.902615,-0.406684,18.368055,21.363938
675.0000,-13.407687,10.184190,19.770220,25.968161
676.0000,-4.186466,6.063859,12.716753,14.697371
677.0000,-4.008159,6.211913,16.944575,18.487071
678.0000,-0.364253,25.231421,20.445399,32.477247
679.0000,-1.252079,10.412368,30.531413,32.282383
680.0000,-2.558713,14.487544,35.192541,38.143819
681.0000,2.913312,15.305262,27.461978,31.573703
682.0000,1.911609,9.363356,20.175648,22.324503
683.0000,4.172452,6.510466,21.453167,22.804252
684.0000,3.717550,9.931321,23.934350,26.178320
685.0000,17.767294,13.562379,21.387530,30.936084
686.0000,13.247374,13.223846,19.580038,27.087653
687.0000,16.291180,30.337860,7.603203,35.264670
688.0000,11.856870,34.208400,13.813790,38.750752
689.0000,11.609003,24.480792,19.117860,33.159775
690.0000,4.804010,21.018947,13.674803,25.531841
691.0000,10.741138,20.800274,23.033439,32.841479
692.0000,11.736747,21.647734,28.053321,37.327797
693.0000,9.769917,16.026966,33.647631,38.528924
694.0000,15.484100,20.742714,20.329226,32.913447
695.0000,12.403526,12.524250,33.612540,37.954013
696.0000,14.216561,7.512035,29.425007,33.531662
697.0000,11.406737,16.999972,21.378683,29.600013
698.0000,25.952969,20.059730,23.403349,40.294740
699.0000,17.487351,16.261603,12.511732,26.959055
700.0000,15.379599,20.542061,8.032042,26.889069
701.0000,14.710666,15.365925,4.070346,21.658325
702.0000,13.930526,14.994986,2.546834,20.625119
703.0000,15.036135,8.701470,-1.550910,17.441509
704.0000,12.730997,4.462999,5.136215,14.435281
705.0000,20.083163,8.227153,11.795405,24.701237
706.0000,19.048455,4.992039,10.628234,22.376851
707.0000,16.309019,14.275055,17.489833,27.850593
708.0000,21.995599,7.999489,4.458267,23.825918
709.0000,23.846249,9.456841,7.647726,26.768697
710.0000,18.639319,5.655891,7.150828,20.749642
711.0000,17.604608,-0.112177,19.125223,25.994403
712.0000,21.040805,11.828551,15.599090,28.739549
713.0000,13.464234,8.517925,0.830066,15.953985
714.0000,19.298791,15.239628,2.350998,24.702566
715.0000,9.254927,19.392640,7.232085,22.672256
716.0000,11.623150,16.241224,11.087637,22.843176
717.0000,-1.372272,10.273911,14.891397,18.143596
718.0000,-1.222748,4.945136,22.820674,23.382315
719.0000,1.223576,9.705759,13.014989,16.281549
720.0000,-1.995876,11.410128,16.930440,20.513760
721.0000,-2.766645,-3.628245,19.560034,20.085154
722.0000,1.952587,17.730100,14.816061,23.188029
723.0000,-6.836712,20.126126,17.181383,27.331328
724.0000,-17.056745,8.318370,18.292489,26.357978
725.0000,-18.290829,1.520123,17.301639,25.223241
726.0000,-25.449319,9.498865,10.312447,29.055857
727.0000,-19.280357,16.276793,14.120707,28.914711
728.0000,-14.561081,12.307195,14.342056,23.857634
729.0000,-3.674243,22.151967,28.885866,36.586923
730.0000,-8.723754,21.892825,23.358168,33.181375
731.0000,-25.238669,23.908729,22.206332,41.252138
732.0000,-15.471614,20.665627,8.152834,27.072268
733.0000,-10.524739,13.898898,3.362023,17.755357
734.0000,-17.858730,16.898817,3.474987,24.831024
735.0000,-23.069167,23.253831,17.458003,37.117503
736.0000,-24.833664,25.783859,27.260983,44.996438
737.0000,-17.235021,36.951211,18.357996,44.715254
738.0000,-21.942245,42.953498,19.589434,52.059687
739.0000,-30.200042,29.272864,21.041236,47.028467
740.0000,-23.273082,39.566091,32.812990,56.425209
741.0000,-19.315948,32.403909,28.605099,47.343118
742.0000,-18.509601,26.489863,30.938454,44.738195
743.0000,-17.032448,50.376394,20.371489,56.946316
744.0000,-31.881923,33.874761,20.679020,50.907547
745.0000,-26.267654,33.680770,25.549934,49.771307
746.0000,-26.188531,43.379465,22.293137,55.358840
747.0000,-11.838321,32.547652,24.295210,42.305469
748.0000,-14.646936,34.540495,15.006730,40.407679
749.0000,-9.382033,25.194711,16.985239,31.800855
750.0000,-15.522118,28.784250,23.377437,40.199176
751.0000,-15.463828,42.962059,26.001321,52.544621
752.0000,-20.476909,35.545786,24.891598,47.983314
753.0000,-19.291530,36.775389,19.676286,45.953766
754.0000,-24.094606,29.561459,25.917782,46.110317
755.0000,-24.426942,28.589339,27.316105,46.477902
756.0000,-23.004159,22.117242,34.703829,47.145726
757.0000,-25.987624,29.952677,24.321992,46.519660
758.0000,-26.006223,29.259033,24.065751,45.951877
759.0000,-14.628547,31.927678,17.510063,39.242494
760.0000,-22.066270,38.452438,20.190718,48.715247
761.0000,-25.769776,35.186806,6.267125,44.062110
762.0000,-23.335439,22.898910,8.270838,33.724020
763.0000,-17.086288,23.964886,13.317048,32.304811
764.0000,-29.422576,34.936034,-1.595208,45.702944
765.0000,-32.616183,35.849957,8.668246,49.235894
766.0000,-39.928847,40.928287,4.394211,57.347594
767.0000,-26.323135,41.248733,-1.057084,48.943670
768.0000,-42.238396,44.578648,-0.151862,61.411408
769.0000,-45.940589,40.522680,-14.165618,62.875194
770.0000,-44.829604,37.720585,-11.857768,59.775769
771.0000,-49.520124,44.892041,-9.590007,67.524116
772.0000,-54.176514,43.280795,-5.573800,69.565718
773.0000,-54.822080,43.921736,-0.354882,70.247457
774.0000,-41.889145,29.951512,-6.450272,51.897973
775.0000,-41.929346,30.572473,0.825219,51.898238
776.0000,-47.549397,23.278236,-8.116086,53.560174
777.0000,-34.513566,23.394558,10.209802,42.927051
778.0000,-37.686167,21.385227,-4.104978,43.525004
779.0000,-51.637541,26.177607,-3.397656,57.993506
780.0000,-51.797581,27.271613,4.077051,58.680087
781.0000,-44.693740,17.074799,-4.280347,48.035409
782.0000,-37.140217,16.973992,-6.889459,41.412278
783.0000,-27.487668,23.043548,-7.018162,36.549030
784.0000,-31.961953,22.016757,-3.101056,38.934824
785.0000,-25.528810,22.084372,-15.656329,37.209680
786.0000,-28.508328,27.544318,-12.763445,41.645165
787.0000,-38.763215,19.578122,-9.878538,44.536223
788.0000,-43.922841,12.840242,-9.810422,46.800985
789.0000,-49.210187,5.780782,-11.563273,50.879949
790.0000,-49.359836,2.116156,-7.162818,49.921713
791.0000,-42.345697,-0.661566,-9.552264,43.414761
792.0000,-40.602056,-7.527307,2.112584,41.347918
793.0000,-50.081306,-3.499149,-4.674739,50.420575
794.0000,-46.190319,7.659192,2.197442,46.872567
795.0000,-42.030041,17.968073,-6.860442,46.221658
796.0000,-36.287906,6.148938,8.161844,37.699301
797.0000,-38.384182,5.347020,-2.192232,38.816774
798.0000,-42.479477,5.202510,-3.696893,42.956247
799.0000,-42.233134,0.496011,-4.535917,42.478914
800.0000,-40.596934,-7.145266,-10.267691,42.480482
801.0000,-29.793191,-5.465134,-16.280591,34.388363
802.0000,-33.982779,-10.507520,-12.456370,37.688174
803.0000,-29.398643,-13.167526,-15.847296,35.899871
804.0000,-38.390028,-9.969378,-20.195447,44.508863
805.0000,-36.896794,-9.179035,-13.957535,40.502357
806.0000,-42.608124,6.099429,-14.722835,45.490847
807.0000,-34.723087,4.312502,-22.924988,41.831155
808.0000,-36.164292,-0.369889,-28.249235,45.891308
809.0000,-43.031142,-12.797814,-24.428426,51.109796
810.0000,-49.963521,-20.027308,-22.577151,58.371005
811.0000,-33.492778,-17.729351,-22.334322,43.987703
812.0000,-44.253634,-13.870640,-14.793393,48.678776
813.0000,-27.226669,-5.880821,-23.252985,36.284664
814.0000,-20.070485,-4.083387,-32.082080,38.062558
815.0000,-24.310192,-6.071570,-27.098725,36.907862
816.0000,-31.284518,-4.560730,-19.648139,37.223255
817.0000,-32.236533,-6.647377,-11.666129,34.921057
818.0000,-44.216087,-7.087257,-23.992486,50.802863
819.0000,-25.595998,-2.993346,-14.839112,29.737425
820.0000,-29.390771,-4.152147,-21.789754,36.821884
821.0000,-26.258024,0.845990,-23.138224,35.008241
822.0000,-26.339738,-18.899226,-6.811776,33.126468
823.0000,-28.167648,-5.992668,-6.222381,29.462629
824.0000,-29.464810,-0.249730,-25.971789,39.278126
825.0000,-24.999900,-11.620799,-21.032710,34.675825
826.0000,-16.665592,-11.924283,-23.514777,31.190948
827.0000,-4.532719,-2.717287,-37.346136,37.718206
828.0000,-18.353552,-16.321806,-37.507121,44.833451
829.0000,-14.328354,-21.772048,-40.382279,48.063003
830.0000,-9.049109,-19.782405,-32.879476,39.424483
831.0000,-0.586268,-15.928958,-32.874871,36.535360
832.0000,1.688403,-11.590439,-38.043523,39.805761
833.0000,3.335906,-9.687109,-19.570476,22.090086
834.0000,-2.882905,-11.739382,-16.267045,20.266746
835.0000,1.220679,-2.644366,-18.967790,19.190096
836.0000,1.758831,3.065935,-28.962539,29.177425
837.0000,-2.841809,12.594832,-25.278343,28.384860
838.0000,10.708897,10.421827,-37.632444,40.490688
839.0000,-1.011484,12.458818,-25.982276,28.832688
840.0000,2.383477,13.717696,-18.275243,22.974783
841.0000,-6.453853,16.688869,-31.164593,35.936088
842.0000,-4.699543,18.674422,-28.134610,34.093636
843.0000,-13.009824,6.926143,-19.641638,24.556485
844.0000,-3.356029,13.603601,-29.236729,32.420784
845.0000,-6.046319,16.439179,-34.121321,38.354519
846.0000,1.331999,21.681508,-24.645002,32.851760
847.0000,0.045385,25.410589,-27.602925,37.518283
848.0000,6.903541,25.129967,-26.595731,37.235830
849.0000,-1.467733,10.979251,-13.493277,17.457569
850.0000,-8.472491,27.072345,-13.792653,31.542546
851.0000,1.118461,19.911194,-7.823671,21.422335
852.0000,8.360871,24.325672,-14.095601,29.331357
853.0000,-7.074128,25.375396,-16.982875,31.342815
854.0000,-5.545559,32.932884,-19.699951,38.773910
855.0000,-0.526275,25.252599,-17.367301,30.652795
856.0000,8.303531,20.623512,-27.118784,35.067169
857.0000,11.656021,11.784380,-24.547239,29.619274
858.0000,1.992148,23.850348,-26.896181,36.002949
859.0000,16.069328,21.657256,-30.274561,40.543916
860.0000,12.125723,15.825978,-34.446592,39.800281
861.0000,14.131451,26.817610,-15.948225,34.252416
862.0000,12.440431,28.574858,-14.393100,34.328533
863.0000,12.242705,29.491175,-20.058203,37.708683
864.0000,7.208961,31.857916,-18.461754,37.519759
865.0000,10.221458,38.275080,-11.579075,41.273901
866.0000,9.335985,29.482080,-17.573920,35.569598
867.0000,12.187572,22.607395,-18.691943,31.765074
868.0000,21.209768,22.799951,-2.205063,31.217853
869.0000,9.800761,17.399858,-24.006590,31.227013
870.0000,16.327074,21.997709,-14.107666,30.813938
871.0000,6.222164,28.081760,-16.998318,33.410228
872.0000,-7.772082,36.473169,-17.123798,41.035616
873.0000,4.040740,16.959064,-13.059151,21.782536
874.0000,1.510372,21.369746,-15.217015,26.277459
875.0000,12.908859,31.626698,-19.906472,39.536746
876.0000,10.597311,22.217585,-25.593881,35.510151
877.0000,12.777043,13.845558,-19.922749,27.420216
878.0000,10.769665,18.196797,-15.139151,26.005826
879.0000,16.586576,19.177831,-26.446273,36.637537
880.0000,18.587584,25.476176,-17.369238,36.003114
881.0000,-1.416382,16.677992,-18.716277,25.108974
882.0000,4.601960,24.412710,-26.368775,36.228038
883.0000,8.948716,24.980347,-29.020772,39.323052
884.0000,16.398909,21.886119,-27.066939,38.477859
885.0000,1.660551,12.865807,-25.086984,28.242577
886.0000,10.863779,2.011118,-20.140611,22.971950
887.0000,5.557367,19.030930,-21.278132,29.082977
888.0000,14.181773,19.217815,-30.444776,38.695367
889.0000,15.876653,25.688858,-17.871511,35.090974
890.0000,25.511150,29.256686,-23.637231,45.447674
891.0000,34.404352,26.747259,-27.021786,51.276234
892.0000,39.748114,23.536698,-18.534470,49.773641
893.0000,29.508690,21.733186,-19.277643,41.409199
894.0000,19.632357,20.580047,-16.043804,32.655343
895.0000,17.196279,14.956560,-11.206337,25.396706
896.0000,15.658714,23.247947,-7.606148,29.043344
897.0000,16.471748,10.368607,-8.895172,21.399780
898.0000,16.611025,17.784018,-14.932485,28.551297
899.0000,17.199872,19.698675,-2.402226,26.261076
900.0000,12.914442,10.571554,-11.490678,20.262681
901.0000,13.320659,15.506140,-18.905578,27.844231
902.0000,7.569489,18.932857,-8.672272,22.157584
903.0000,14.020019,11.195207,-10.070498,20.574463
904.0000,13.218569,18.142128,-1.458968,22.494355
905.0000,16.578665,12.200218,-5.229789,21.237894
906.0000,6.745393,16.040829,4.854505,18.065845
907.0000,7.843754,18.656054,5.977843,21.102308
908.0000,3.288917,23.729269,7.568243,25.123166
909.0000,12.977391,22.553959,-12.548184,28.888591
910.0000,22.938080,25.264516,-3.020625,34.257488
911.0000,22.574616,22.243617,-15.356274,35.216572
912.0000,8.231065,13.157613,-3.844560,15.989179
913.0000,17.903009,10.129520,-7.182953,21.788064
914.0000,16.821511,7.177847,-8.478747,20.158717
915.0000,16.606558,8.866490,0.071341,18.825448
916.0000,22.843987,9.381750,1.160658,24.722704
917.0000,10.495905,3.248153,-14.807510,18.438462
918.0000,8.502372,11.491796,-10.392739,17.673730
919.0000,8.703838,11.703006,-18.430498,23.503200
920.0000,13.817734,21.952137,-10.471393,27.972776
921.0000,12.852681,17.609617,-3.034930,22.011379
922.0000,27.435433,21.855926,-12.826536,37.348420
923.0000,26.838658,13.983365,-3.296970,30.442045
924.0000,30.253400,20.986195,-4.829996,37.135124
925.0000,22.514758,23.681343,-1.293672,32.701589
926.0000,27.895278,20.152551,-2.248597,34.486636
927.0000,29.284040,24.847918,-5.017042,38.731701
928.0000,34.903655,12.195868,-3.882648,37.176327
929.0000,34.814136,22.378963,-6.290928,41.861890
930.0000,45.629550,14.832527,-2.037803,48.023040
931.0000,38.387105,14.215698,-10.077425,42.156973
932.0000,42.593663,20.698860,-10.628405,48.534791
933.0000,44.890816,2.382543,-20.320120,49.333246
934.0000,53.213515,14.867313,-17.432508,57.936236
935.0000,55.042045,8.767792,-11.413912,56.892691
936.0000,55.455875,5.654850,-16.015635,57.998551
937.0000,51.447252,7.051930,-17.761457,54.881863
938.0000,48.710585,4.461609,-21.134847,53.285164
939.0000,37.090600,3.186018,-23.449736,43.997198
940.0000,47.892777,-2.108953,-19.565993,51.778315
941.0000,39.765774,-1.328385,0.957130,39.799466
942.0000,37.443798,-7.242664,-2.879173,38.246357
943.0000,33.629046,-8.528981,2.174072,34.761802
944.0000,34.800456,9.272749,-1.521816,36.046797
945.0000,35.209889,10.306374,-0.204047,36.687862
946.0000,35.762829,8.466321,-3.363368,36.904888
947.0000,24.057875,2.099005,1.233240,24.180737
948.0000,26.249232,7.659043,0.046030,27.343834
949.0000,25.232288,2.803900,8.275829,26.702426
950.0000,17.660744,4.500750,-10.951472,21.262487
951.0000,15.988375,1.374834,-0.200282,16.048626
952.0000,23.286187,-8.318888,-4.186396,25.079400
953.0000,22.489674,-8.014960,-10.183882,25.956435
954.0000,19.124395,-16.923833,-8.500977,26.915148
955.0000,17.300917,-13.622128,-16.532022,27.535284
956.0000,14.465354,-17.218914,-14.512578,26.764760
957.0000,13.193890,-17.774462,-10.508360,24.503793
958.0000,17.640493,-2.569657,-4.472761,18.379220
959.0000,22.762436,3.744782,4.702314,23.542804
960.0000,15.809500,0.211922,15.877134,22.406888
961.0000,21.629352,8.091514,6.036310,23.869196
962.0000,18.220661,8.876372,-2.344418,20.402911
963.0000,11.315898,7.408872,4.583440,14.281066
964.0000,5.462942,-3.121446,7.553531,9.830716
965.0000,14.569368,-4.684881,3.672094,15.738452
966.0000,-5.706690,-5.412597,13.147146,15.320247
967.0000,-4.260267,-0.353432,8.273433,9.312598
968.0000,2.515093,7.931502,0.118440,8.321565
969.0000,6.176922,-3.044031,-5.401696,8.752074
970.0000,0.057997,2.939285,-12.303256,12.649619
971.0000,3.587617,4.323113,-9.629262,11.148228
972.0000,11.582657,7.920018,-6.229216,15.352126
973.0000,-2.319400,8.702037,-0.079914,9.006189
974.0000,-5.488748,13.451920,2.311843,14.711394
975.0000,-5.811062,12.183646,-3.533459,13.953315
976.0000,-4.057841,1.325734,2.747404,5.076601
977.0000,-10.318961,-2.446281,-0.201988,10.606887
978.0000,-9.991261,-8.351895,11.808917,17.579248
979.0000,3.628702,-13.729612,20.749826,25.144085
980.0000,-7.941280,-0.746718,10.564320,13.237310
981.0000,-4.632554,-4.872132,1.862932,6.976299
982.0000,-10.106717,-0.436809,8.785621,13.398644
983.0000,-6.332784,-1.613800,-0.848081,6.589973
984.0000,-17.844762,-7.595104,2.160634,19.513828
985.0000,-17.133924,-4.923492,-5.431831,18.636440
986.0000,-7.591528,-1.413655,-3.386696,8.432048
987.0000,-16.776843,-2.670829,-4.979313,17.702806
988.0000,-11.813852,-0.124196,1.047559,11.860856
989.0000,-5.999948,4.136211,-2.098773,7.583697
990.0000,-18.277834,-4.161196,-9.512086,21.020813
991.0000,-16.003168,-7.257805,-11.215172,20.846036
992.0000,-12.661032,6.839609,-24.042589,28.020136
993.0000,-16.672475,-0.268373,-18.373218,24.811662
994.0000,-28.854095,-8.349346,-5.388410,30.517296
995.0000,-24.696699,-8.407600,-7.676412,27.194521
996.0000,-27.947958,-4.411963,-5.605928,28.844067
997.0000,-37.061331,-4.820551,-7.736050,38.165775
998.0000,-38.073533,-8.566686,-2.878283,39.131401
999.0000,-38.272904,-9.902127,9.319559,40.616763
1000.0000,-25.524425,-9.084951,1.898490,27.159471
1001.0000,-36.565820,-14.886475,0.625402,39.484901
1002.0000,-33.464249,-7.913175,6.736621,35.040781
1003.0000,-39.050524,-15.088193,9.252255,42.874249
1004.0000,-23.600376,-9.873950,13.714072,29.026684
1005.0000,-38.917705,-2.422236,13.164623,41.155344
1006.0000,-26.658063,-6.665657,19.531660,33.713040
1007.0000,-42.020833,-14.741474,16.987870,47.661821
1008.0000,-46.674928,-16.551120,10.140600,50.550176
1009.0000,-41.450347,-19.209146,2.314702,45.743638
1010.0000,-35.287677,-26.176696,-0.343141,43.938107
1011.0000,-35.812699,-25.088503,-10.078548,44.872703
1012.0000,-28.520830,-23.683994,-17.833662,41.138897
1013.0000,-32.893395,-22.903352,-10.179176,41.354016
1014.0000,-38.974056,-22.397890,-17.345963,48.182206
1015.0000,-32.781016,-34.111037,-19.001587,50.982528
1016.0000,-37.798664,-28.560711,-22.802723,52.577727
1017.0000,-44.636769,-22.900486,-21.553592,54.602479
1018.0000,-36.156908,-31.865840,-9.526398,49.127447
1019.0000,-46.532115,-36.368647,-15.624093,61.090331
1020.0000,-50.138927,-30.290310,-17.938263,61.263334
1021.0000,-26.812774,-39.911667,-32.794354,58.200822
1022.0000,-24.281870,-23.467874,-22.632722,40.652065
1023.0000,-19.892607,-19.924173,-15.172685,31.982790
1024.0000,-19.514714,-31.910298,-14.963799,40.286555
1025.0000,-18.084043,-29.191804,-15.545709,37.694338
1026.0000,-20.230243,-29.697386,-25.223787,43.902584
1027.0000,-10.384982,-17.049375,-23.775401,31.045108
1028.0000,-7.839449,-23.779888,-14.721912,29.046079
1029.0000,-1.297636,-22.404302,-19.118187,29.481209
1030.0000,7.932783,-37.036415,-15.976659,41.108135
1031.0000,18.241907,-30.642377,-25.277955,43.711526
1032.0000,8.812625,-26.824118,-20.288382,34.768004
1033.0000,4.098181,-29.301528,-12.847379,32.255694
1034.0000,-1.090231,-19.061743,-8.115766,20.746188
1035.0000,5.297680,-24.826063,-1.305233,25.418546
1036.0000,-8.131290,-16.701038,-5.811754,19.463274
1037.0000,2.743584,-23.940488,-8.268360,25.476263
1038.0000,-8.737673,-19.847742,-3.765243,22.010381
1039.0000,-3.167139,-5.943182,-18.432235,19.623951
1040.0000,-2.290739,-3.630030,0.864013,4.378484
1041.0000,2.890418,-12.740723,-23.115723,26.552160
1042.0000,-1.649980,-5.237547,-20.378897,21.105776
1043.0000,-2.336213,-3.341860,-17.947001,18.404368
1044.0000,-3.399346,-5.367639,-20.203191,21.178669
1045.0000,-6.352976,1.028829,-4.922705,8.102581
1046.0000,-15.000076,12.627294,-16.842250,25.847867
1047.0000,-15.233376,6.421453,-19.240752,25.367249
1048.0000,-13.760284,3.588434,-21.637020,25.891754
1049.0000,-16.530345,15.603442,-26.084374,34.599339
1050.0000,-13.566073,4.679840,-16.414286,21.802936
1051.0000,-12.228233,9.769576,-17.236793,23.282640
1052.0000,-20.001815,6.464144,-1.264523,21.058414
1053.0000,-16.632630,8.415955,11.178400,21.735440
1054.0000,-18.108026,6.166587,16.627429,25.345588
1055.0000,-21.944318,15.031950,18.270170,32.269362
1056.0000,-21.256979,11.641541,7.857935,25.478065
1057.0000,-26.240490,28.942155,6.317738,39.574303
1058.0000,-35.442439,8.164277,-1.728317,36.411660
1059.0000,-24.225816,13.670994,4.466385,28.173300
1060.0000,-17.877078,7.040685,-10.314602,21.807159
1061.0000,-27.313431,11.780156,6.442696,30.435242
1062.0000,-25.887352,21.153489,-7.254633,34.208987
1063.0000,-21.781147,17.626576,-13.912091,31.283556
1064.0000,-28.944447,11.683993,-8.964701,32.475569
1065.0000,-15.418994,12.152551,-20.574752,28.438535
1066.0000,-23.058666,2.314486,-17.953300,29.315182
1067.0000,-22.482853,4.973494,-7.170791,24.117101
1068.0000,-18.689065,18.215699,-14.022556,29.626423
1069.0000,-23.882571,17.770437,-9.218510,31.163225
1070.0000,-20.622538,10.034262,-9.235904,24.724025
1071.0000,-25.794945,15.170291,-15.500177,33.701223
1072.0000,-25.130720,16.173508,-19.151309,35.495184
1073.0000,-21.223245,17.056261,-19.874404,33.709555
1074.0000,-29.223402,19.326293,-11.603480,36.907364
1075.0000,-31.320543,20.179315,-24.526972,44.606654
1076.0000,-24.543040,17.037618,-14.265946,33.108284
1077.0000,-29.173655,24.897617,-21.071681,43.760819
1078.0000,-32.149936,19.494829,-13.840847,40.065395
1079.0000,-17.097493,26.213513,-9.876302,32.817889
1080.0000,-27.654667,19.416225,-0.916934,33.802532
1081.0000,-30.414153,14.311971,-5.873094,34.122521
1082.0000,-18.229620,7.882257,-19.207733,27.629442
1083.0000,-17.753871,15.766066,-24.366723,34.022140
1084.0000,-9.995521,20.488581,-22.650847,32.136478
1085.0000,-19.536176,12.035489,-17.984088,29.153775
1086.0000,-11.570063,7.479264,-19.612941,23.968171
1087.0000,-29.103003,12.661284,-20.773598,37.931982
1088.0000,-34.869039,15.918540,-14.884305,41.119245
1089.0000,-28.050483,17.347688,-1.837652,33.032542
1090.0000,-30.119894,29.774055,-5.006677,42.647030
1091.0000,-30.347173,32.785140,-10.822693,45.966803
1092.0000,-15.757260,31.927709,-13.946218,38.238291
1093.0000,-26.877203,28.598061,-5.653835,39.650965
1094.0000,-23.132886,19.339914,-3.077305,30.308951
1095.0000,-28.647895,18.837981,7.793701,35.161245
1096.0000,-23.818236,29.439244,-12.087222,39.750199
1097.0000,-29.276426,24.053759,-11.587219,39.622671
1098.0000,-29.187362,27.052253,-0.063711,39.796113
1099.0000,-37.032034,26.911297,-5.065124,46.056974
1100.0000,-32.065522,31.612083,-5.396029,45.350178
1101.0000,-24.608517,34.671384,-4.540872,42.758666
1102.0000,-16.390017,21.220104,-18.316398,32.471771
1103.0000,-23.634859,35.206111,-3.398992,42.539746
1104.0000,-22.762070,26.299675,-5.010602,35.141014
1105.0000,-30.422190,36.703260,-9.952943,48.700103
1106.0000,-29.579989,31.758200,-2.254022,43.458482
1107.0000,-27.665097,30.723746,-7.004765,41.932957
1108.0000,-36.909237,24.221726,-1.835647,44.185443
1109.0000,-48.212210,25.445149,1.345176,54.531479
1110.0000,-43.943010,21.908596,15.181668,51.395114
1111.0000,-57.662070,34.197882,11.026106,67.941037
1112.0000,-51.594141,27.098792,-0.669351,58.281626
1113.0000,-50.375134,11.491510,0.297662,51.670083
1114.0000,-40.703525,16.915792,-4.593722,44.317302
1115.0000,-32.025797,19.404184,8.808950,38.467800
1116.0000,-34.126865,23.936288,-2.186216,41.741685
1117.0000,-28.422355,19.166377,-7.280409,35.045465
1118.0000,-21.637227,20.581769,-1.879220,29.921736
1119.0000,-22.374131,11.114957,5.220270,25.522445
1120.0000,-22.168978,14.618136,0.452281,26.558578
1121.0000,-30.123036,8.945879,-7.762815,32.367999
1122.0000,-31.064648,8.502060,-4.727497,32.552213
1123.0000,-29.350993,10.765248,1.375925,31.293203
1124.0000,-23.612553,13.627578,1.203578,27.289414
1125.0000,-19.962310,13.093747,4.089503,24.221149
1126.0000,-19.975107,19.784276,-1.418779,28.150229
1127.0000,-11.902320,14.917573,-2.335807,19.226419
1128.0000,-3.752507,14.092134,-2.539237,14.802610
1129.0000,-6.617833,6.460470,-1.102137,9.313865
1130.0000,-0.969360,9.621688,-4.348313,10.603035
1131.0000,-7.305290,-1.765932,-10.345783,12.787533
1132.0000,-9.448217,-2.264107,4.531652,10.720581
1133.0000,2.400807,-7.498284,2.948964,8.407409
1134.0000,-2.155572,1.762805,-1.798207,3.314743
1135.0000,-17.904631,14.611291,10.041661,25.197234
1136.0000,-10.329188,12.938580,-10.356640,19.528415
1137.0000,-8.400339,14.843034,-4.034356,17.525906
1138.0000,-23.562437,15.622150,-11.624957,30.567624
1139.0000,-17.301652,5.803199,-22.520666,28.986284
1140.0000,-18.473894,3.769309,-3.187164,19.121989
1141.0000,-18.559653,6.811885,-21.387120,29.125099
1142.0000,-21.808776,9.958079,-4.773279,24.445250
1143.0000,-23.646804,1.465433,-15.948261,28.559865
1144.0000,-15.184762,10.179653,-13.658793,22.820275
1145.0000,-17.302615,7.121449,-10.822105,21.615122
1146.0000,-20.795975,2.987521,-11.927925,24.159330
1147.0000,-29.030135,0.970923,-18.894098,34.650807
1148.0000,-27.425089,0.303134,-14.133466,30.854210
1149.0000,-29.885311,-10.594275,-20.024848,37.501533
1150.0000,-28.128956,-1.935741,-12.255524,30.743831
1151.0000,-23.856892,-18.045777,-19.170625,35.529062
1152.0000,-22.789010,-15.498594,-15.470766,31.605221
1153.0000,-13.038072,-14.711094,-4.093917,20.079037
1154.0000,-15.959311,1.344904,-4.052895,16.520725
1155.0000,-21.192435,0.722079,-8.381469,22.801090
1156.0000,-22.055543,3.020861,-2.675067,22.421609
1157.0000,-19.008524,-7.382376,-14.330410,24.923565
1158.0000,-19.100617,-13.366290,-11.767636,26.114527
1159.0000,-18.411687,2.185955,-5.377370,19.305043
1160.0000,-16.143495,-14.389825,-7.229529,22.802315
1161.0000,-19.868215,-21.037163,-4.855011,29.340745
1162.0000,-14.083309,-16.853452,-3.031606,22.171357
1163.0000,-21.247298,-25.799058,9.644286,34.785791
1164.0000,-11.658331,-20.086128,4.873594,23.730173
1165.0000,-26.033094,-21.838355,3.331696,34.142875
1166.0000,-18.432838,-16.978968,5.947559,25.757103
1167.0000,-13.749998,-3.754908,2.538162,14.477709
1168.0000,-7.451923,1.303864,6.381777,9.897388
1169.0000,-3.733900,-6.079372,8.549298,11.135137
1170.0000,2.928833,6.947694,3.900615,8.489011
1171.0000,6.780446,-7.072104,2.771667,10.181907
1172.0000,2.075413,-3.248599,6.403608,7.474419
1173.0000,-5.183786,-1.700173,9.150046,10.652960
1174.0000,2.599215,8.286936,5.482744,10.270818
1175.0000,7.397590,9.758528,7.098031,14.153983
1176.0000,7.506826,-1.718927,8.011958,11.112993
1177.0000,8.812553,2.138509,10.386222,13.787963
1178.0000,1.005529,-0.491905,5.951230,6.055593
1179.0000,9.929399,-0.539217,7.977660,12.748599
1180.0000,12.890685,2.283595,3.865827,13.650245
1181.0000,4.963989,-8.016898,4.153846,10.303702
1182.0000,0.184154,3.556469,-1.134288,3.737512
1183.0000,6.913013,0.367280,3.608946,7.806993
1184.0000,19.083944,3.458110,-1.362761,19.442545
1185.0000,13.018594,4.179757,-17.074550,21.874515
1186.0000,18.904350,4.703954,-13.603654,23.760493
1187.0000,23.524346,2.137718,6.130978,24.403967
1188.0000,13.597048,-8.719105,-0.738216,16.169337
1189.0000,17.424651,-15.129385,7.692334,24.324653
1190.0000,28.823360,-7.389049,-5.011392,30.174463
1191.0000,25.679758,-13.541804,11.647828,31.281022
1192.0000,25.554284,-4.998266,7.813717,27.185626
1193.0000,28.251873,-0.449200,2.724291,28.386474
1194.0000,24.919039,8.407668,3.424519,26.521213
1195.0000,9.738283,2.098280,2.996970,10.402825
1196.0000,2.587309,3.778229,2.316842,5.131953
1197.0000,6.887724,3.978980,-6.755070,10.435708
1198.0000,10.944061,-9.818326,-6.174878,15.946822
1199.0000,1.504356,-8.768984,-1.399060,9.006416
1200.0000,7.661329,-5.763568,-2.569197,9.925495
1201.0000,4.869485,-12.363321,-8.118543,15.571587
1202.0000,19.471049,-11.137729,6.311026,23.302356
1203.0000,0.039155,-8.605214,18.905996,20.772287
1204.0000,4.959648,-15.376992,18.620167,24.652802
1205.0000,1.812445,-10.880750,13.706461,17.593827
1206.0000,-6.285651,-16.048807,11.047505,20.472444
1207.0000,-16.208550,-11.042036,19.699834,27.797970
1208.0000,-18.775889,-14.021496,21.869184,32.053043
1209.0000,-11.084551,-3.293705,8.930315,14.610486
1210.0000,-18.613375,-20.016843,7.474614,28.337283
1211.0000,-12.312970,-20.438598,19.535243,30.837822
1212.0000,-19.357630,-13.635455,19.450270,30.642397
1213.0000,-17.989480,-20.697963,33.103876,42.987134
1214.0000,-14.465624,-18.798592,13.827778,27.456307
1215.0000,-24.738111,-27.231774,18.101069,41.002345
1216.0000,-18.588754,-36.562931,6.686674,41.558409
1217.0000,-24.275944,-27.884486,-3.506217,37.137037
1218.0000,-21.340449,-36.968883,0.769492,42.693151
1219.0000,-24.235596,-32.379367,-6.858744,41.022310
1220.0000,-24.323081,-34.906983,-5.593478,42.911499
1221.0000,-26.902597,-35.358368,-0.390654,44.431031
1222.0000,-25.412132,-25.845605,13.463458,38.665702
1223.0000,-22.409338,-26.426372,11.109827,36.386259
1224.0000,-15.429124,-27.290333,-4.073459,31.613498
1225.0000,-30.993618,-36.519297,10.620914,49.061871
1226.0000,-24.032916,-35.149976,9.591020,43.647332
1227.0000,-34.364063,-37.329793,11.869965,52.108525
1228.0000,-33.102244,-38.389054,14.355180,52.683482
1229.0000,-34.763639,-40.917491,26.230461,59.756077
1230.0000,-31.168766,-40.804978,22.777525,56.172537
1231.0000,-18.256186,-28.067237,20.386520,39.200361
1232.0000,-18.940767,-22.157314,32.657146,43.774289
1233.0000,-15.007963,-20.459182,30.051607,39.330855
1234.0000,-29.782585,-10.673803,36.015444,47.937925
1235.0000,-24.783593,-15.964061,35.741052,46.330341
1236.0000,-19.928672,-18.513130,19.553310,33.499551
1237.0000,-29.204926,-2.543265,23.377567,37.495420
1238.0000,-29.203469,-10.550853,17.725443,35.754083
1239.0000,-24.337837,-9.993451,25.802500,36.850622
1240.0000,-23.663826,-12.615661,22.999719,35.328723
1241.0000,-19.276473,-15.274437,31.169676,39.704402
1242.0000,-25.444801,-8.653097,25.944327,37.355349
1243.0000,-20.647588,-2.782079,17.897052,27.465748
1244.0000,-28.611071,-4.585422,15.778929,32.993849
1245.0000,-13.409484,-8.319954,15.684947,22.249797
1246.0000,-23.149178,-5.015507,20.122508,31.079818
1247.0000,-21.761441,-9.638657,40.249559,46.759929
1248.0000,-20.820311,-22.673346,34.871898,46.514678
1249.0000,-13.652558,-3.816116,29.147712,32.412100
1250.0000,-8.892251,3.831284,30.425045,31.928580
1251.0000,-11.305747,9.398554,21.329329,25.905463
1252.0000,-27.050281,25.316200,14.733549,39.871107
1253.0000,-25.756375,20.006314,13.812964,35.418094
1254.0000,-14.189503,10.199479,22.595414,28.564385
1255.0000,-25.396582,16.204278,17.053023,34.617490
1256.0000,-13.446558,20.009128,7.563058,25.266083
1257.0000,-14.203092,28.401141,-4.859763,32.124288
1258.0000,-29.993278,5.366887,-1.446159,30.503960
1259.0000,-20.555503,13.456737,-1.025935,24.589937
1260.0000,-31.932928,10.944358,4.022874,33.995211
1261.0000,-20.833800,8.623666,4.961703,23.087514
1262.0000,-5.478328,19.754653,1.235445,20.537398
1263.0000,-12.193476,6.057669,3.541163,14.068263
1264.0000,-12.615188,15.083779,0.693922,19.675998
1265.0000,-17.548330,4.364827,-4.239173,18.573265
1266.0000,-12.047026,8.149126,-2.617795,14.778090
1267.0000,-19.679320,-6.911056,-8.095186,22.373430
1268.0000,-12.387163,3.698516,-1.005360,12.966556
1269.0000,-7.356144,-4.545418,-14.242379,16.661903
1270.0000,-14.706573,-15.760899,-2.581261,21.710646
1271.0000,-0.517592,-4.652531,-9.376732,10.480318
1272.0000,-8.727735,-5.686218,-4.085526,11.189189
1273.0000,-8.995600,-7.288981,-6.288402,13.175510
1274.0000,-5.375449,-2.240197,-4.962962,7.651465
1275.0000,-5.996734,-11.316148,6.375975,14.306260
1276.0000,-10.801435,-2.502237,2.117033,11.287781
1277.0000,5.911717,-2.613278,4.970542,8.153766
1278.0000,7.145830,-12.153757,6.794094,15.650444
1279.0000,8.516584,-0.552636,19.553799,21.335150
1280.0000,17.246976,-11.842900,18.278276,27.781429
1281.0000,10.802274,-14.209165,4.867283,18.500809
1282.0000,20.578574,-6.022606,0.347044,21.444578
1283.0000,31.709670,-14.062748,19.044349,39.572103
1284.0000,17.147736,-2.836391,16.829104,24.193154
1285.0000,18.003666,-3.951932,16.063863,24.449897
1286.0000,13.968005,-9.439496,11.486353,20.399646
1287.0000,23.917488,-9.117595,3.471156,25.830712
1288.0000,16.335926,-10.331840,-1.309626,19.373294
1289.0000,13.616082,-7.461174,5.536190,16.483817
1290.0000,10.079837,-8.048191,14.390475,19.325171
1291.0000,11.983239,-12.712493,11.613994,20.978331
1292.0000,17.314529,-11.035416,9.316259,22.546973
1293.0000,28.814026,-0.994177,-0.505974,28.835611
1294.0000,16.031932,-6.410027,-3.264728,17.571846
1295.0000,22.377272,-2.898711,-9.881034,24.632898
1296.0000,19.340806,-1.798954,6.009116,20.332548
1297.0000,15.437227,5.820827,6.457956,17.717088
1298.0000,27.907675,15.304865,11.569329,33.866305
1299.0000,24.906133,21.220354,15.670241,36.279131
1300.0000,31.582222,20.443450,23.566322,44.393050
1301.0000,27.842383,20.204683,19.406728,39.497451
1302.0000,16.188733,27.587522,10.470952,33.656905
1303.0000,21.657944,8.660670,16.003416,28.287507
1304.0000,26.738821,5.208709,20.791060,34.268985
1305.0000,13.335086,9.010339,16.468494,23.026550
1306.0000,22.005693,10.510049,6.308707,25.189511
1307.0000,23.214396,2.066761,1.544039,23.357306
1308.0000,37.447917,-5.953391,8.090033,38.771614
1309.0000,29.369178,3.408438,-7.960743,30.619266
1310.0000,21.860965,-0.270460,-6.668341,22.856984
1311.0000,24.041932,2.380838,-5.150796,24.702501
1312.0000,24.080086,10.068727,-12.175177,28.800429
1313.0000,34.112217,8.898932,-4.569492,35.548763
1314.0000,41.649090,15.527742,-7.082855,45.010269
1315.0000,40.722523,11.086286,-11.951535,43.864209
1316.0000,37.613844,12.404979,-17.457245,43.283255
1317.0000,28.961336,18.760621,-24.588779,42.371310
1318.0000,36.023109,7.506614,-20.042428,41.901224
1319.0000,33.059188,8.841028,-17.666104,38.511880
1320.0000,33.083795,6.628633,-10.166371,35.239628
1321.0000,27.463638,-8.499854,-12.854704,31.491941
1322.0000,16.980345,-2.076639,-22.894701,28.579921
1323.0000,15.951315,-10.725915,-21.265460,28.665476
1324.0000,19.118261,-7.855120,-15.127669,25.613613
1325.0000,16.440824,-12.041407,-14.131056,24.798849
1326.0000,38.743133,-20.064484,-4.737239,43.886846
1327.0000,40.114863,-7.491761,3.350438,40.945747
1328.0000,25.811522,-17.342387,2.421759,31.190672
1329.0000,29.759253,-26.445260,5.798465,40.231668
1330.0000,23.009034,-27.018297,1.259491,35.510425
1331.0000,18.848378,-26.372558,6.114339,32.987245
1332.0000,30.024409,-11.595609,1.144587,32.206108
1333.0000,20.276355,-29.369634,5.203912,36.066420
1334.0000,21.080793,-16.242250,11.613688,29.035982
1335.0000,17.108363,-7.612337,10.908713,21.671266
1336.0000,20.204641,-9.796150,5.849447,23.203622
1337.0000,15.921671,-0.898544,8.020840,17.850514
1338.0000,18.350424,-5.432913,-3.910537,19.533226
1339.0000,13.633468,-10.788052,2.619183,17.581627
1340.0000,2.488141,-1.120827,2.343628,3.597178
1341.0000,1.199089,0.693634,-0.353757,1.429716
1342.0000,1.160809,-5.243803,5.757487,7.873602
1343.0000,2.879675,2.298288,-0.280747,3.695061
1344.0000,-4.241354,5.469584,9.580076,11.818768
1345.0000,1.773800,-3.090360,12.040903,12.557071
1346.0000,9.149041,2.308425,14.578645,17.365790
1347.0000,11.161828,-7.559856,10.408706,17.031706
1348.0000,6.510560,2.558041,9.344138,11.672356
1349.0000,9.497758,3.576113,12.539849,16.132073
1350.0000,3.881153,6.341455,9.241619,11.861068
1351.0000,3.520038,12.854175,11.023705,17.295738
1352.0000,-11.495201,15.117580,8.709084,20.893277
1353.0000,7.870209,6.801919,10.796428,14.992304
1354.0000,3.818445,-1.028995,6.399146,7.522528
1355.0000,2.166976,7.325919,1.679342,7.822088
1356.0000,7.225967,-0.281655,2.693374,7.716748
1357.0000,0.574970,-5.722248,-2.220011,6.164670
1358.0000,-0.774261,-6.243621,-4.922606,7.988387
1359.0000,-2.018143,-5.003316,-4.610155,7.096450
1360.0000,6.006943,-6.260067,-0.586359,8.695725
1361.0000,5.935675,0.894648,-2.748634,6.602093
1362.0000,13.664153,0.145438,-3.192157,14.032822
1363.0000,4.909708,10.367563,-8.419583,14.229581
1364.0000,1.993926,10.751657,0.738546,10.959896
1365.0000,13.409322,25.901881,5.326135,29.649368
1366.0000,23.693102,17.366261,11.957544,31.716446
1367.0000,12.996729,15.151893,6.757121,21.074950
1368.0000,17.393592,15.954754,9.522475,25.451301
1369.0000,21.283417,13.487328,13.393895,28.535737
1370.0000,23.337570,18.907556,13.270880,32.836780
1371.0000,22.015204,10.232968,21.441155,32.389906
1372.0000,15.088588,9.169998,10.763582,20.678710
1373.0000,13.050722,-1.862188,22.109766,25.741617
1374.0000,15.075260,12.689629,23.537513,30.696981
1375.0000,12.186065,12.980873,16.580313,24.329201
1376.0000,17.033985,15.920774,10.728079,25.665529
1377.0000,11.156081,10.599972,13.537665,20.495998
1378.0000,11.345689,10.374015,20.842115,25.898622
1379.0000,14.788799,14.561292,17.483191,27.136724
1380.0000,6.215652,-1.825555,5.444837,8.462461
1381.0000,5.797785,12.532955,11.916424,18.239803
1382.0000,15.031919,3.789500,12.472488,19.896780
1383.0000,23.985901,8.040324,15.041127,29.431374
1384.0000,23.189708,15.647290,16.171469,32.312794
1385.0000,9.038889,15.501681,1.262544,17.988820
1386.0000,-0.432307,14.474376,-7.663259,16.383528
1387.0000,1.973331,19.741709,-0.747279,19.854156
1388.0000,-2.318672,14.745867,-0.782924,14.947568
1389.0000,5.363023,16.920136,-11.671469,21.243263
1390.0000,-3.792940,9.332699,-0.983649,10.121919
1391.0000,8.601697,17.986292,-1.509013,19.994325
1392.0000,14.149308,2.763686,1.072180,14.456501
1393.0000,-2.130779,11.899895,-1.141339,12.142915
1394.0000,-3.256197,6.894927,-0.357542,7.633523
1395.0000,3.350621,8.590964,13.111865,16.029733
1396.0000,3.253914,-1.185352,7.565136,8.320114
1397.0000,-0.951657,-12.440154,7.809202,14.718923
1398.0000,-5.357790,0.030323,11.173660,12.391832
1399.0000,0.763140,-1.353452,2.444404,2.896433
1400.0000,-13.212026,-3.866412,-0.080858,13.766383
1401.0000,-6.618485,1.948127,-0.814522,6.947157
1402.0000,-8.250100,5.638959,-0.187256,9.994852
1403.0000,-31.818791,5.216665,1.298487,32.269724
1404.0000,-27.889244,6.760862,-2.029513,28.768700
1405.0000,-15.334330,8.006274,1.379586,17.353540
1406.0000,-9.165589,18.113365,3.800409,20.652969
1407.0000,-3.147862,1.732183,4.999442,6.156616
1408.0000,-10.915916,6.935079,4.001368,13.537485
1409.0000,-6.771467,18.090698,4.139637,19.755068
1410.0000,-7.686769,4.090122,16.916890,19.026211
1411.0000,-14.608954,12.708317,10.054154,21.817628
1412.0000,-5.411371,5.534580,-6.247094,9.946894
1413.0000,8.472371,-0.011369,11.044763,13.920056
1414.0000,-4.775675,-3.991444,4.225685,7.522972
1415.0000,10.172876,-0.374963,2.431630,10.466175
1416.0000,12.064896,15.021011,13.087287,23.290976
1417.0000,7.948230,9.528577,0.238130,12.410675
1418.0000,1.897026,5.267042,-4.251701,7.029751
1419.0000,-6.868369,16.250864,1.920256,17.746900
1420.0000,-4.131347,13.844674,8.024726,16.526925
1421.0000,-5.414529,14.900751,7.869520,17.699685
1422.0000,0.460915,4.936509,7.545296,9.028458
1423.0000,-3.300855,9.539944,-0.143019,10.095872
1424.0000,-1.213032,8.068561,11.497932,14.098779
1425.0000,-7.069553,10.254556,-1.689487,12.569362
1426.0000,-6.955667,-0.767963,-10.011943,12.215158
1427.0000,-7.268048,6.471145,-6.054701,11.461224
1428.0000,-5.913489,3.046151,-8.016711,10.417103
1429.0000,-0.503070,13.133968,-13.467429,18.818231
1430.0000,-3.242658,-4.926097,-26.625044,27.270391
1431.0000,-13.182139,3.257286,-17.822412,22.405738
1432.0000,-19.063657,-6.391588,-18.067173,27.031429
1433.0000,-8.992004,0.589565,-10.143647,13.568246
1434.0000,-3.198206,-3.612156,-3.277553,5.832542
1435.0000,-10.262630,7.917031,-6.975086,14.719130
1436.0000,-12.981659,8.478837,-10.995863,19.008502
1437.0000,1.904210,5.844711,-6.709980,9.100028
1438.0000,-9.546358,9.767884,-0.646875,13.673440
1439.0000,-13.659820,0.783188,-14.695798,20.079108
1440.0000,-4.061179,2.698455,-4.066326,6.349004
1441.0000,-16.949135,5.755651,4.311690,18.411718
1442.0000,-7.383848,9.501077,0.103943,12.033390
1443.0000,0.905829,8.515832,3.330853,9.188825
1444.0000,-17.879900,1.459240,5.698748,18.822750
1445.0000,-14.967791,0.889735,14.247622,20.683838
1446.0000,7.177269,-4.047862,10.566171,13.399341
1447.0000,-2.334039,8.499403,-3.083845,9.337970
1448.0000,0.281384,5.512106,-1.579497,5.740845
1449.0000,-8.633863,1.162422,0.554143,8.729369
1450.0000,-11.921718,-6.771457,-10.125587,17.044281
1451.0000,-7.677773,-5.929358,-9.375222,13.490748
1452.0000,-18.230884,-18.631004,-11.231176,28.383424
1453.0000,-14.478613,1.909143,-5.797374,15.712562
1454.0000,-30.445228,0.694181,-9.132758,31.793098
1455.0000,-26.087344,-1.169222,-10.906736,28.299708
1456.0000,-28.362493,0.363187,-7.192261,29.262460
1457.0000,-11.464200,10.882119,-0.241840,15.808443
1458.0000,-10.469677,-1.520892,0.979134,10.624780
1459.0000,-19.010627,2.914963,-9.682241,21.532458
1460.0000,-17.831036,1.704673,-11.072547,21.058325
1461.0000,-11.197339,7.594675,-19.993643,24.141359
1462.0000,-14.176849,10.716713,-15.126569,23.337611
1463.0000,-14.006409,6.071446,-6.203314,16.477956
1464.0000,-8.713811,3.195990,-15.227599,17.833245
1465.0000,-8.621566,9.924646,-18.200554,22.451952
1466.0000,-13.140069,8.826216,-15.161179,21.918596
1467.0000,-10.226944,14.575980,-3.535372,18.153469
1468.0000,-7.595808,-2.572324,1.081445,8.092137
1469.0000,-4.370342,3.352446,-3.187889,6.364073
1470.0000,-4.765344,6.818001,-7.497429,11.198442
1471.0000,-4.345372,16.051854,-1.145306,16.669013
1472.0000,-15.691191,22.226393,3.234696,27.398710
1473.0000,-7.572016,6.552684,-12.368277,15.913748
1474.0000,3.280376,7.426795,2.869975,8.611324
1475.0000,-1.130158,3.286588,-10.120538,10.700664
1476.0000,2.066730,6.203268,-22.437714,23.370985
1477.0000,-2.642202,-5.065356,-17.932467,18.820533
1478.0000,-1.878337,-10.588664,-10.615698,15.110957
1479.0000,2.762238,-9.657629,-6.009272,11.705174
1480.0000,1.057836,-11.403164,-15.641381,19.385664
1481.0000,4.755818,-11.758644,-27.540495,30.320989
1482.0000,2.981881,-7.016829,-22.451416,23.710622
1483.0000,3.825246,-5.297528,-21.645341,22.610111
1484.0000,5.979658,-0.578756,-16.639804,17.691081
1485.0000,5.328946,11.050354,-20.941619,24.270546
1486.0000,19.030534,1.048877,-16.999946,25.539372
1487.0000,4.169771,-3.333060,-24.851755,25.418615
1488.0000,11.062801,-9.588289,-15.842064,21.570625
1489.0000,10.654465,-0.901782,-19.721589,22.433723
1490.0000,13.267406,3.818159,-19.063893,23.537936
1491.0000,20.178375,-1.493670,-17.297609,26.619639
1492.0000,14.417354,3.445284,-24.240118,28.413261
1493.0000,5.141620,12.865014,-25.541588,29.057143
1494.0000,5.809894,9.348689,-20.680499,23.427247
1495.0000,3.593137,6.981864,-25.294491,26.485247
1496.0000,10.229112,12.466627,-21.709702,27.043718
1497.0000,-2.247171,11.374960,-22.471043,25.286108
1498.0000,-10.018081,7.267452,-26.033166,28.825398
1499.0000,-12.228665,8.897628,-28.090317,31.902569
1500.0000,-12.539023,8.048507,-22.380946,26.887029
1501.0000,-2.628409,7.645490,-12.121835,14.570550
1502.0000,-2.706168,11.809814,-30.156951,32.499796
1503.0000,-2.131566,7.998491,-17.246412,19.130033
1504.0000,-13.962344,6.109845,-17.412208,23.140057
1505.0000,-8.913283,-5.249483,-22.164603,24.459626
1506.0000,-7.644441,5.105080,-20.040674,22.048309
1507.0000,-8.345321,4.356834,-22.324217,24.228022
1508.0000,-7.526356,-2.075274,-15.742444,17.572061
1509.0000,-2.436510,-9.057862,-27.024174,28.605724
1510.0000,-10.574470,1.356152,-25.505921,27.644359
1511.0000,1.717665,-3.975685,-34.631554,34.901303
1512.0000,-13.518617,-2.068608,-21.076686,25.124865
1513.0000,-2.214673,2.969894,-40.534146,40.703096
1514.0000,-6.876014,15.859755,-28.209522,33.084567
1515.0000,2.697881,8.207368,-33.293106,34.395790
1516.0000,4.002936,12.919378,-37.797972,40.144993
1517.0000,3.287943,12.986881,-29.792191,32.665644
1518.0000,-5.817293,11.363345,-29.706234,32.333061
1519.0000,-10.245964,1.775163,-30.822074,32.528929
1520.0000,-9.238254,2.455208,-32.278833,33.664468
1521.0000,-1.695734,-3.160097,-36.149375,36.326836
1522.0000,-0.895881,-1.325018,-48.759960,48.786187
1523.0000,1.851515,6.806665,-39.420569,40.046723
1524.0000,-10.247616,15.225134,-39.422457,43.485037
1525.0000,-2.506280,8.603572,-33.941849,35.104871
1526.0000,-11.428678,14.804065,-36.921084,41.387697
1527.0000,-11.032036,10.578992,-41.445694,44.174274
1528.0000,-15.403569,15.293574,-21.747684,30.726619
1529.0000,-30.021900,16.262154,-8.297924,35.137269
1530.0000,-22.074680,32.790320,-12.920406,41.586458
1531.0000,-18.707110,39.076730,-16.261971,46.275247
1532.0000,-19.030306,38.549226,-11.865556,44.598058
1533.0000,-13.233145,29.594817,-11.371908,34.355343
1534.0000,-7.204966,27.688716,-22.210889,36.220161
1535.0000,4.559460,28.704680,-15.797020,33.080103
1536.0000,6.805463,9.646367,-15.937665,19.833706
1537.0000,5.091093,13.368697,-12.719139,19.142042
1538.0000,5.262209,6.986429,-6.226112,10.736177
1539.0000,-1.057466,14.174678,-12.123760,18.682218
1540.0000,-12.479050,21.077383,-17.382021,30.035269
1541.0000,-7.301271,14.295614,-20.479502,26.020821
1542.0000,-2.636953,30.501556,-11.654648,32.758652
1543.0000,-12.093109,28.829944,-17.297178,35.729558
1544.0000,-3.752772,19.810548,-14.151492,24.633429
1545.0000,-7.156084,31.472104,-14.103783,35.222429
1546.0000,-15.063260,22.961558,-5.394326,27.986313
1547.0000,-9.549957,21.039436,7.778259,24.379517
1548.0000,-12.202927,16.691364,0.305591,20.678648
1549.0000,-16.695709,11.934844,-0.354055,20.525900
1550.0000,-9.007922,8.164153,2.040124,12.327131
1551.0000,-8.208751,7.370254,7.918062,13.579394
1552.0000,-8.221390,-0.048044,-4.397475,9.323698
1553.0000,-5.175639,-3.902360,-15.646177,16.935717
1554.0000,-2.308338,0.627636,-9.382730,9.682871
1555.0000,-5.244412,12.605830,-8.788786,16.237413
1556.0000,-20.045316,6.130346,-2.945903,21.167763
1557.0000,-11.918788,9.241931,5.276457,15.978479
1558.0000,-21.423656,14.945609,1.395237,26.158955
1559.0000,-31.576328,8.340955,5.294974,33.085839
1560.0000,-20.493982,15.425409,12.165669,28.389259
1561.0000,-22.839615,12.062380,5.101667,26.328236
1562.0000,-35.103432,10.900183,2.765511,36.860724
1563.0000,-25.413570,14.865407,3.593168,29.660424
1564.0000,-35.073769,23.582889,8.651961,43.141376
1565.0000,-23.369893,20.942425,5.794046,31.910939
1566.0000,-8.657421,20.217814,4.031267,22.359831
1567.0000,-12.244439,8.427914,5.266751,15.770056
1568.0000,-13.319633,13.410264,-0.329936,18.903880
1569.0000,-10.970137,18.047608,-0.670814,21.130784
1570.0000,-12.146551,12.732600,3.479774,17.937855
1571.0000,-9.426332,11.129123,5.297967,15.517138
1572.0000,-11.704930,6.800447,3.083260,13.883730
1573.0000,3.311190,20.564353,-0.725441,20.841853
1574.0000,5.532000,17.289082,2.925064,18.386718
1575.0000,9.901848,16.918898,6.489872,20.649797
1576.0000,9.251898,21.937416,-6.814620,24.764629
1577.0000,10.638426,16.302303,-10.588879,22.159999
1578.0000,10.329725,19.877960,-1.492971,22.451402
1579.0000,6.824327,19.451843,-12.711353,24.218261
1580.0000,9.875877,28.728690,-5.623414,30.894876
1581.0000,18.897137,20.819806,-13.386900,31.141214
1582.0000,15.284873,19.781535,-13.289312,28.311522
1583.0000,14.336144,20.612474,-24.755179,35.259297
1584.0000,20.744255,32.785427,-27.460635,47.532040
1585.0000,11.762661,9.548540,-33.000882,36.312437
1586.0000,21.022729,9.610860,-19.889735,30.494677
1587.0000,10.569439,23.685585,-12.008049,28.581693
1588.0000,5.565221,17.844462,-16.398562,24.865827
1589.0000,1.737519,12.971950,-13.099981,18.517559
1590.0000,4.218462,25.088744,-14.251952,29.160909
1591.0000,-3.153384,24.182301,-11.946061,27.155771
1592.0000,-3.286528,25.171465,3.490364,25.623945
1593.0000,-0.838754,18.171930,-3.050628,18.445294
1594.0000,-4.180079,14.820318,-14.805056,21.361287
1595.0000,7.844458,17.611098,-18.239542,26.539917
1596.0000,4.693325,19.822095,-26.814924,33.674662
1597.0000,7.370957,16.419078,-21.505171,28.042637
1598.0000,1.081530,5.966986,-26.005259,26.702961
1599.0000,0.101320,5.670252,-26.495977,27.096104
1600.0000,7.280802,5.298356,-28.359104,29.754351
1601.0000,1.654002,-2.432782,-35.026896,35.150215
1602.0000,4.137741,0.972029,-26.551600,26.889649
1603.0000,2.073369,1.091212,-8.392134,8.713066
1604.0000,1.382933,-9.555118,-9.156838,13.306407
1605.0000,4.660430,4.553362,-11.589516,13.295473
1606.0000,-1.006438,-1.971584,-8.879690,9.151445
1607.0000,2.761134,-5.146376,-25.042144,25.714160
1608.0000,-5.292295,-8.090858,-19.775216,22.012032
1609.0000,-4.055698,9.970309,-19.779835,22.518828
1610.0000,-4.210240,12.364203,-15.954784,20.619282
1611.0000,-0.584556,12.112219,-10.536077,16.064136
1612.0000,2.992307,8.879674,-10.767751,14.273996
1613.0000,2.370195,12.710293,-11.822799,17.519930
1614.0000,8.050831,13.240029,-9.666770,18.263645
1615.0000,-2.652080,9.573415,-9.386347,13.667016
1616.0000,7.396824,-1.719952,4.848479,9.009938
1617.0000,12.947084,-2.760377,6.006042,14.536822
1618.0000,6.421575,0.450638,-2.946224,7.079544
1619.0000,8.040483,-10.805139,-2.546291,13.707078
1620.0000,15.777488,3.761320,-2.174460,16.364747
1621.0000,18.767929,14.746603,-6.410438,24.714190
1622.0000,18.376026,4.194425,1.287494,18.892570
1623.0000,13.313252,17.545927,-13.048406,25.600061
1624.0000,18.002817,5.733975,-14.582716,23.867037
1625.0000,14.716843,14.966903,4.022988,21.372368
1626.0000,6.447253,14.910830,-1.993089,16.366805
1627.0000,13.361015,12.617463,-3.503689,18.708098
1628.0000,19.719515,10.741318,-0.886814,22.472686
1629.0000,8.968085,8.299605,-5.435626,13.373707
1630.0000,15.706122,18.299241,5.851665,24.815045
1631.0000,9.969257,26.471607,15.171553,32.098412
1632.0000,8.169600,28.527603,1.432209,29.708882
1633.0000,14.420245,24.220958,9.051373,29.606175
1634.0000,27.137439,20.552492,16.030059,37.627228
1635.0000,16.252639,22.803576,21.870929,35.531519
1636.0000,6.705731,29.092907,9.808609,31.425672
1637.0000,22.176105,26.334601,9.265555,35.653069
1638.0000,12.312392,24.541413,-5.707988,28.043842
1639.0000,16.697284,25.434820,7.198238,31.265700
1640.0000,23.892634,25.102635,14.065640,37.401103
1641.0000,17.468446,23.190031,0.441037,29.036505
1642.0000,13.066173,27.523339,21.731506,37.423488
1643.0000,11.470620,16.030160,10.539023,22.352006
1644.0000,25.763714,18.355269,7.316133,32.468610
1645.0000,11.606695,16.822034,1.775653,20.514608
1646.0000,17.416949,19.679155,17.919061,31.807421
1647.0000,17.417882,20.972028,17.375190,32.328096
1648.0000,19.161206,4.938627,14.978326,24.817174
1649.0000,18.527598,6.629675,14.500362,24.443506
1650.0000,21.093286,7.843210,11.063065,25.076564
1651.0000,33.131189,-2.585072,-4.871838,33.587097
1652.0000,38.019146,2.547541,9.147091,39.186920
1653.0000,29.265332,9.371846,2.215287,30.809068
1654.0000,32.842977,-0.377321,-2.463212,32.937379
1655.0000,31.307493,-3.173599,6.470795,32.126345
1656.0000,28.772052,-4.222604,-1.659931,29.127594
1657.0000,33.079797,2.328516,0.007961,33.161649
1658.0000,21.713424,5.754340,-1.496255,22.512751
1659.0000,12.343863,8.412448,5.621544,15.960639
1660.0000,15.492756,12.875062,5.583366,20.903748
1661.0000,33.448290,16.848451,3.673985,37.631856
1662.0000,22.606078,7.874102,5.317857,24.521743
1663.0000,16.016018,-3.071068,7.175518,17.816631
1664.0000,17.476392,-4.001469,0.555166,17.937230
1665.0000,14.446998,-9.720680,6.737089,18.670719
1666.0000,2.422647,-1.455150,-0.426988,2.858146
1667.0000,7.347229,4.500064,-7.749008,11.587902
1668.0000,2.665663,0.216805,-7.272205,7.748402
1669.0000,12.379456,4.084604,-4.881992,13.920085
1670.0000,13.719280,6.858046,1.654609,15.426897
1671.0000,15.533155,4.584821,8.600279,18.337510
1672.0000,27.421536,7.431126,5.697369,28.976237
1673.0000,24.262782,19.249076,-0.257249,30.972176
1674.0000,19.096522,21.361975,-8.414888,29.863380
1675.0000,22.578422,22.897699,-2.986329,32.295633
1676.0000,20.395676,27.174710,-4.507113,34.274809
1677.0000,2.521799,31.788395,-5.635973,32.382490
1678.0000,-5.199950,24.873332,9.595519,27.162402
1679.0000,3.662963,20.278426,6.945738,21.745692
1680.0000,0.925107,27.453635,5.331678,27.981864
1681.0000,1.448793,17.115660,12.644491,21.329041
1682.0000,-1.214354,32.911715,12.913633,35.375381
1683.0000,-11.568807,34.876618,14.530168,39.513815
1684.0000,-11.793551,22.696941,13.143111,28.757266
1685.0000,-13.558152,34.929113,5.767450,37.909497
1686.0000,-8.965549,35.500422,7.921854,37.462205
1687.0000,-5.896098,24.378577,7.020045,26.045346
1688.0000,0.891711,34.344955,1.689801,34.398059
1689.0000,-11.668902,20.823266,10.854558,26.221996
1690.0000,-7.642413,30.669877,2.278131,31.689710
1691.0000,-2.719499,36.456156,-0.490917,36.560744
1692.0000,-4.630656,30.219975,-3.389900,30.760060
1693.0000,-8.064483,24.850949,-9.534462,27.812075
1694.0000,-8.251649,27.572388,1.450418,28.817183
1695.0000,-6.118658,23.693618,-5.356972,25.050402
1696.0000,-0.052200,27.592631,-6.622524,28.376290
1697.0000,-12.319649,28.106357,-2.280865,30.772445
1698.0000,-8.408837,24.716814,-15.797047,30.515178
1699.0000,-5.840341,24.446303,-9.178339,26.757676
1700.0000,-1.949863,20.469848,-12.341858,23.982037
1701.0000,-9.008611,10.048281,-20.841537,24.829271
1702.0000,-9.461729,1.148806,-19.374288,21.591830
1703.0000,4.193386,4.967412,-23.223001,24.115709
1704.0000,-3.874972,-6.627517,-14.058370,16.018026
1705.0000,-5.876180,-12.235252,-17.231533,21.935283
1706.0000,-5.653538,0.188778,-4.146842,7.013873
1707.0000,-13.959619,1.791314,-5.785451,15.216807
1708.0000,-12.577095,12.732436,-9.460841,20.243660
1709.0000,6.749507,11.066443,-11.070081,17.046076
1710.0000,7.420862,5.973123,-9.919838,13.753203
1711.0000,14.185051,15.080635,-4.991966,21.296970
1712.0000,-2.041966,14.408989,-7.643579,16.438154
1713.0000,14.138653,24.298286,-10.160943,29.892357
1714.0000,2.749753,18.898606,-9.498010,21.329103
1715.0000,16.480944,24.925517,-7.010860,30.692916
1716.0000,20.240996,29.897156,-7.117738,36.799457
1717.0000,16.542187,14.130479,-11.995485,24.843632
1718.0000,3.419848,28.537041,-9.117666,30.152776
1719.0000,2.120603,38.139920,-24.227542,45.234105
1720.0000,-1.508787,27.653678,-14.927372,31.461544
1721.0000,-9.070925,31.413773,-20.877666,38.794120
1722.0000,-11.096276,30.825316,-6.075307,33.320216
1723.0000,-5.838901,25.265783,10.228079,27.875907
1724.0000,3.847681,27.838834,7.981005,29.214753
1725.0000,1.860821,23.588312,13.214786,27.101691
1726.0000,-2.112383,23.310043,20.396213,31.045543
1727.0000,1.137878,30.599452,11.680479,32.772775
1728.0000,12.642598,27.392641,4.734621,30.538643
1729.0000,12.376042,28.840286,7.088643,32.174172
1730.0000,12.341038,29.731099,6.166012,32.775893
1731.0000,15.733113,20.158429,2.391705,25.682939
1732.0000,5.275384,24.769030,11.338957,27.747188
1733.0000,7.882520,25.277739,0.581401,26.484641
1734.0000,10.624042,9.530796,1.954256,14.405744
1735.0000,13.107120,0.782832,-0.346915,13.135059
1736.0000,21.159273,2.262162,12.987402,24.929999
1737.0000,15.553358,8.908391,6.073970,18.925102
1738.0000,22.491931,3.339821,16.810669,28.277906
1739.0000,17.414827,3.817210,12.088527,21.540190
1740.0000,19.515858,15.524750,13.236667,28.232887
1741.0000,17.100232,7.443464,8.006588,20.296023
1742.0000,7.543268,0.145253,-1.578567,7.708039
1743.0000,7.286264,7.178407,8.264810,13.150143
1744.0000,-1.544336,1.025096,8.504601,8.704254
1745.0000,-3.855229,1.182449,10.670470,11.407011
1746.0000,0.159498,0.116005,0.137619,0.240490
1747.0000,-10.888674,-4.566423,-7.504037,13.990211
1748.0000,-17.125040,7.503524,3.018322,18.938853
1749.0000,-21.164118,2.174139,-0.147463,21.276008
1750.0000,-23.487247,-4.499417,-0.774741,23.926883
1751.0000,-18.198672,-5.355367,6.678298,20.111472
1752.0000,-17.752125,1.835142,12.528992,21.805534
1753.0000,-19.525363,5.212799,4.976717,20.812996
1754.0000,-16.176967,7.138351,-6.063484,18.692676
1755.0000,-15.262241,4.287222,-16.710660,23.033940
1756.0000,-13.647360,-1.099941,-3.721252,14.188305
1757.0000,-21.741223,6.136478,-15.019184,27.127717
1758.0000,-12.736620,12.912203,-21.030149,27.770733
1759.0000,-15.865770,6.397369,-10.257161,19.946386
1760.0000,-13.060394,11.936471,-3.644783,18.064819
1761.0000,-12.382603,19.447331,-8.021073,24.410349
1762.0000,-18.017709,17.895778,-8.112834,26.659234
1763.0000,-9.456290,21.762979,-10.486507,25.942542
1764.0000,-15.184283,18.152377,-15.904977,28.513848
1765.0000,-20.624136,21.243963,-17.431427,34.358631
1766.0000,-11.812822,28.617444,-15.410513,34.583013
1767.0000,-5.516680,32.325180,-19.416504,38.109732
1768.0000,-11.078507,17.335478,-12.686000,24.169955
1769.0000,3.001778,21.858004,-16.330546,27.449403
1770.0000,-8.689903,24.854783,-9.503914,27.992839
1771.0000,-3.580719,14.278653,-15.042860,21.047306
1772.0000,3.439921,19.164034,-21.211366,28.792626
1773.0000,4.024877,27.386190,-22.289195,35.538870
1774.0000,3.334685,23.393265,-18.574873,30.056462
1775.0000,1.082686,23.528173,-17.152833,29.137035
1776.0000,-1.582283,19.277781,-13.090176,23.355710
1777.0000,12.057733,15.068849,-23.435636,30.359318
1778.0000,8.803053,14.736063,-13.961394,22.126134
1779.0000,-3.922968,13.194076,-11.492777,17.932017
1780.0000,-10.293103,38.164092,0.645401,39.533055
1781.0000,0.948441,27.055734,-5.348305,27.595591
1782.0000,-0.558380,18.488054,-1.085205,18.528292
1783.0000,6.330956,21.229358,-7.432213,23.366738
1784.0000,8.997543,36.936023,-1.383845,38.041301
1785.0000,9.752381,25.200933,-5.396771,27.555781
1786.0000,13.199042,20.992821,-18.573197,30.981880
1787.0000,5.597800,17.216185,-7.841292,19.728615
1788.0000,3.496334,20.421396,-8.486991,22.389434
1789.0000,4.007993,37.087063,-19.535156,42.108628
1790.0000,-9.676542,29.238686,-2.546749,30.903433
1791.0000,-14.838377,31.737290,-6.418931,35.617912
1792.0000,-16.444098,24.917119,-1.480160,29.890835
1793.0000,-20.484619,23.168357,0.359733,30.927687
1794.0000,-19.663919,35.821310,-4.828609,41.147921
1795.0000,-15.178390,36.361553,-15.932198,42.501541
1796.0000,-13.284948,41.827543,-19.539247,48.039727
1797.0000,-14.901028,40.772506,-11.090199,44.804357
1798.0000,-7.656459,34.066616,-8.165725,35.858538
1799.0000,-9.624865,23.686501,-1.960117,25.642356
1800.0000,-8.383997,38.953198,4.141076,40.059850
1801.0000,-24.315877,30.163244,1.605488,38.777065
1802.0000,-2.331183,27.649524,-1.624996,27.795165
1803.0000,-8.783202,24.651565,-9.764236,27.931785
1804.0000,-15.652093,25.237119,-3.272368,29.876556
1805.0000,-5.432383,36.617171,-11.991545,38.911761
1806.0000,-18.385581,30.285686,-18.740900,40.080839
1807.0000,-20.789721,37.746805,-9.253367,44.075601
1808.0000,-25.278622,34.048440,-6.362644,42.881094
1809.0000,-21.656116,24.942612,-8.914213,34.213805
1810.0000,-24.140992,29.943730,-10.921196,39.983584
1811.0000,-14.522803,33.975551,-15.852391,40.206320
1812.0000,-6.623403,27.437706,-11.822733,30.601866
1813.0000,-12.475190,33.423709,-25.433429,43.813628
1814.0000,-23.345497,26.335585,-26.428020,44.011538
1815.0000,-25.307912,41.122243,-26.138850,54.906910
1816.0000,-21.035766,39.427838,-31.011586,54.394635
1817.0000,-17.182981,35.646934,-24.431214,46.506376
1818.0000,-28.392032,41.750501,-21.417425,54.844488
1819.0000,-34.625182,45.651043,-23.190569,61.812001
1820.0000,-23.024846,49.704855,-23.669705,59.673873
1821.0000,-25.477452,41.917762,-3.759772,49.196902
1822.0000,-10.327542,34.464009,-3.599542,36.157748
1823.0000,-3.243871,34.060655,-3.548367,34.398282
1824.0000,-7.350080,40.558015,0.141728,41.218883
1825.0000,-19.155183,40.110703,-2.101479,44.499502
1826.0000,-16.337196,39.247211,1.703516,42.545852
1827.0000,-23.913354,46.105863,14.617336,53.956145
1828.0000,-18.814178,43.613665,6.492927,47.940412
1829.0000,-14.159894,53.119925,5.250287,55.224945
1830.0000,-10.428275,55.954504,7.247597,57.377549
1831.0000,-4.546188,50.451649,1.695164,50.684418
1832.0000,-13.764380,43.239490,7.241206,45.951570
1833.0000,-0.907073,57.662939,6.390489,58.023061
1834.0000,-9.750327,50.682898,6.745265,52.051164
1835.0000,-7.222299,51.632580,5.523776,52.427064
1836.0000,-12.960504,51.869602,-1.819259,53.495233
1837.0000,-11.951774,61.984824,-0.346383,63.127516
1838.0000,-9.810938,63.485622,-12.245506,65.395956
1839.0000,-4.304552,61.325224,2.269596,61.517992
1840.0000,-15.388956,57.219025,4.693523,59.437917
1841.0000,-6.150095,67.154398,2.181970,67.470718
1842.0000,0.532644,53.320320,-0.302093,53.323837
1843.0000,0.302780,52.248244,-0.024417,52.249127
1844.0000,14.743111,47.718608,-6.982139,50.429903
1845.0000,18.932781,43.333216,6.517460,47.735679
1846.0000,19.263543,59.195419,-8.098663,62.775553
1847.0000,4.647625,47.937756,-6.370524,48.582018
1848.0000,-8.369486,55.833066,-9.230161,57.206428
1849.0000,-1.495653,54.149580,-14.588367,56.100218
1850.0000,-8.679233,57.949844,-12.989196,60.018603
1851.0000,-4.167421,57.318119,-5.281291,57.711577
1852.0000,-3.369022,55.892030,-6.620024,56.383455
1853.0000,-12.824097,63.405156,-7.137448,65.081599
1854.0000,-0.027408,40.131548,-2.241680,40.194117
1855.0000,2.500384,45.188486,-4.281471,45.459677
1856.0000,12.608986,47.451601,-10.784476,50.268737
1857.0000,0.267619,32.129657,-22.121425,39.009537
1858.0000,6.118941,39.196710,-14.281347,42.163733
1859.0000,5.786406,36.845949,-13.649586,39.716718
1860.0000,7.504141,41.120592,-21.515809,47.012182
1861.0000,18.862715,36.856611,-20.061346,46.007276
1862.0000,12.157608,34.887996,-19.012391,41.550580
1863.0000,18.673853,41.374311,-21.395836,50.182947
1864.0000,10.998951,43.286804,-22.657552,50.080825
1865.0000,7.408684,29.597137,-13.429791,33.335243
1866.0000,-5.030492,25.757567,-15.847970,30.658054
1867.0000,4.883823,20.268118,-13.407354,24.787204
1868.0000,4.082021,24.101007,-7.667495,25.618585
1869.0000,9.030309,22.628109,4.256455,24.732472
1870.0000,9.068814,31.088907,2.368911,32.471145
1871.0000,1.339262,24.701436,-11.300843,27.196758
1872.0000,-6.322654,19.436109,4.644279,20.959666
1873.0000,3.330355,23.890353,-2.886108,24.293412
1874.0000,14.155697,26.071855,-0.070038,29.666990
1875.0000,9.115907,36.906436,-5.494462,38.410596
1876.0000,-5.755967,25.388816,1.658795,26.085911
1877.0000,-7.857187,38.080078,2.561153,38.966489
1878.0000,-10.758117,40.071585,7.326295,42.132453
1879.0000,-10.939607,44.898498,14.180790,48.338855
1880.0000,-12.099541,52.626763,-7.926098,54.578367
1881.0000,-12.883845,53.890247,-5.040520,55.637748
1882.0000,1.319329,30.339822,7.604094,31.306033
1883.0000,17.388730,30.304035,2.118687,35.002733
1884.0000,16.132154,33.725287,-5.188078,37.743311
1885.0000,3.517915,26.700488,-1.679024,26.983530
1886.0000,-0.785986,43.129462,-2.788770,43.226676
1887.0000,1.341767,44.244672,-4.177951,44.461743
1888.0000,7.175801,47.798057,-1.788776,48.366787
1889.0000,2.970327,30.725121,0.795704,30.878618
1890.0000,8.546753,28.854534,-8.497615,31.270442
1891.0000,3.592174,32.268273,-5.911841,33.001440
1892.0000,2.139967,30.058832,-15.239755,33.769261
1893.0000,-9.851058,30.624756,-1.788762,32.219849
1894.0000,-10.763590,37.554174,2.408140,39.140388
1895.0000,-2.508302,27.780986,-0.387695,27.896686
1896.0000,-3.343183,27.318401,6.879343,28.368949
1897.0000,-9.341317,35.630335,-12.846222,39.010337
1898.0000,-2.335393,51.705854,-10.539652,52.820769
1899.0000,-1.121714,43.009259,-5.112165,43.326537
1900.0000,2.481751,40.583587,-5.125279,40.981156
1901.0000,7.429899,29.508682,5.972180,31.010202
1902.0000,4.604587,26.091544,-9.379036,28.105822
1903.0000,-7.403616,21.732613,-5.605569,23.633502
1904.0000,-2.690788,12.348314,-2.408942,12.865621
1905.0000,1.783432,0.485369,0.468095,1.906653
1906.0000,4.062296,17.432866,-1.022993,17.929127
1907.0000,1.359050,7.958277,4.433892,9.210895
1908.0000,8.540761,10.893303,12.605915,18.722119
1909.0000,-3.339959,7.705571,-9.164895,12.430867
1910.0000,-1.668018,7.029572,-4.670713,8.603065
1911.0000,-2.986098,3.224665,2.103785,4.872490
1912.0000,-6.796515,-3.033509,-1.553052,7.603076
1913.0000,-14.776029,-7.170577,-0.115475,16.424419
1914.0000,-20.612962,-5.454585,-8.600941,22.991800
1915.0000,-15.728224,-4.690751,-5.509511,17.312854
1916.0000,-16.183834,2.036899,-12.584047,20.601545
1917.0000,-6.495329,9.272443,-14.714967,18.566038
1918.0000,-1.173041,1.769855,-12.345785,12.527043
1919.0000,-12.739814,1.888696,-14.844446,19.652674
1920.0000,-15.028235,17.824437,-11.675520,26.074435
1921.0000,-10.967151,3.227601,-15.192727,19.013542
1922.0000,-19.200120,7.505133,-31.402698,37.564626
1923.0000,-16.313970,5.655103,-22.835086,28.628080
1924.0000,-33.248351,2.593446,-37.204071,49.963203
1925.0000,-25.239615,11.564068,-24.211531,36.836993
1926.0000,-25.005663,14.251518,-33.992766,44.540959
1927.0000,-29.743274,11.763621,-31.496247,44.889405
1928.0000,-12.100175,9.901290,-24.892185,29.395078
1929.0000,-13.651838,7.332952,-15.387024,21.838163
1930.0000,-19.609109,17.154007,-10.318539,28.022301
1931.0000,-32.805483,14.726836,-19.137362,40.734727
1932.0000,-24.899208,20.606220,-22.666487,39.476024
1933.0000,-10.963942,19.355391,-27.247877,35.175076
1934.0000,-3.317606,19.497402,-24.575577,31.545431
1935.0000,-25.819875,18.992551,-36.694872,48.722649
1936.0000,-20.078571,13.854216,-17.164467,29.827960
1937.0000,-13.248168,22.444243,-13.145663,29.190178
1938.0000,-10.734937,18.640179,-13.205504,25.240453
1939.0000,-4.409502,10.708812,-16.138513,19.863885
1940.0000,-8.317736,-1.124963,-18.461880,20.280318
1941.0000,-2.301844,12.801955,-18.527909,22.637843
1942.0000,-8.736824,2.044990,-20.275640,22.172408
1943.0000,-0.957024,12.449925,-17.863337,21.794847
1944.0000,-0.673194,18.172633,-12.890316,22.290312
1945.0000,-3.839809,11.228569,-16.186622,20.070666
1946.0000,6.936785,12.715970,-2.234119,14.656267
1947.0000,2.073882,6.423238,0.496568,6.767980
1948.0000,8.034143,10.824546,-15.110833,20.249828
1949.0000,3.061610,6.174781,-18.270532,19.527255
1950.0000,2.442471,1.670816,12.952278,13.286038
1951.0000,-1.567673,6.945305,3.218704,7.813764
1952.0000,5.325919,3.972557,6.839855,9.535735
1953.0000,16.028533,8.852394,2.582674,18.491862
1954.0000,16.296894,-4.522387,15.748405,23.109587
1955.0000,11.815671,-3.627666,12.759346,17.764317
1956.0000,18.842615,-6.448959,7.158776,21.163206
1957.0000,6.406933,-7.211006,13.060471,16.236481
1958.0000,15.373801,0.920521,6.524959,16.726512
1959.0000,10.034152,4.515321,15.293960,18.840847
1960.0000,10.130280,-0.369760,14.071390,17.342529
1961.0000,6.874785,4.932554,4.518325,9.592081
1962.0000,-1.695756,7.413272,1.646689,7.780988
1963.0000,3.910180,6.666674,12.642573,14.817851
1964.0000,-1.525876,7.994888,14.092312,16.273899
1965.0000,7.187659,10.043516,17.381096,21.322222
1966.0000,4.138563,13.323924,30.814891,33.826205
1967.0000,-4.294421,14.017485,25.115675,29.081421
1968.0000,-13.633360,24.871182,19.156339,34.225860
1969.0000,-11.150537,12.272749,17.779376,24.311748
1970.0000,-4.421571,14.315706,22.948052,27.406255
1971.0000,-3.583576,10.093631,14.052144,17.668790
1972.0000,-12.604714,13.188361,18.748422,26.159415
1973.0000,-10.746262,3.823767,29.572012,31.695540
1974.0000,-5.654046,3.857135,17.627868,18.909983
1975.0000,7.094328,3.110129,15.897059,17.683859
1976.0000,-2.238529,12.637324,12.722343,18.071275
1977.0000,12.304645,8.262577,15.704858,21.594375
1978.0000,12.468513,17.937924,15.357033,26.703397
1979.0000,6.958484,5.731220,10.877996,14.127922
1980.0000,8.037965,16.794023,7.479165,20.064546
1981.0000,9.293313,12.231354,3.089815,15.669034
1982.0000,13.530487,2.993626,14.425892,20.003556
1983.0000,7.930420,-3.135663,17.428450,19.402959
1984.0000,0.242339,12.884305,15.414171,20.091309
1985.0000,3.046855,8.154472,20.204306,21.999835
1986.0000,2.214332,10.913464,13.993627,17.883751
1987.0000,5.133704,7.797687,11.904290,15.128482
1988.0000,-8.917015,2.778724,14.889606,17.576542
1989.0000,-13.898469,5.072691,12.474235,19.352161
1990.0000,-4.668469,8.709921,11.318654,15.025620
1991.0000,-4.419201,16.164107,16.181032,23.294495
1992.0000,-22.996769,13.977052,16.239582,31.431408
1993.0000,-14.851030,9.196400,22.949306,28.840900
1994.0000,-17.740050,2.604019,25.574984,31.234118
1995.0000,-3.755688,-8.685066,17.818591,20.175177
1996.0000,-24.563320,-0.679328,17.469569,30.149693
1997.0000,-10.240764,-1.826754,12.782548,16.480407
1998.0000,-17.851709,-9.069364,22.201012,29.896853
1999.0000,-9.551056,-0.123602,7.291237,12.016658
2000.0000,4.219915,-21.612925,22.907463,31.775432
2001.0000,-3.320391,-17.106658,17.701596,24.839671
2002.0000,4.074978,-31.338431,25.176074,40.404671
2003.0000,6.329462,-34.015841,25.260744,42.839756
2004.0000,9.701001,-28.498516,13.452674,32.973463
2005.0000,1.409897,-30.650776,16.788612,34.975926
2006.0000,4.543114,-37.052135,16.429109,40.785000
2007.0000,-4.345384,-32.268600,22.751762,39.721374
2008.0000,1.957176,-34.695739,20.863244,40.532701
2009.0000,1.831284,-39.288269,21.127665,44.646387
2010.0000,3.884554,-33.971402,11.563203,36.095063
2011.0000,6.664551,-36.032618,15.023875,39.604073
2012.0000,16.078604,-39.997495,18.108315,46.757162
2013.0000,6.459767,-36.249283,13.904035,39.358116
2014.0000,2.051155,-24.634134,11.837849,27.407708
2015.0000,11.437098,-29.950140,12.132338,34.278444
2016.0000,-0.157538,-29.758462,12.851640,32.415359
2017.0000,12.473276,-25.018796,19.430719,34.045200
2018.0000,9.934288,-31.665536,20.991044,39.268565
2019.0000,-5.053949,-33.246502,20.640468,39.457588
2020.0000,0.274303,-30.725866,24.373814,39.220363
2021.0000,-3.282123,-45.822611,14.496177,48.172846
2022.0000,-4.773493,-39.666653,18.344622,43.963107
2023.0000,2.334591,-47.385468,24.921683,53.590328
2024.0000,-3.534367,-47.416967,25.034924,53.736467
2025.0000,-13.581976,-52.884942,17.507411,57.339311
2026.0000,1.005879,-37.715268,3.358055,37.877827
2027.0000,-7.597782,-42.435963,-4.777076,43.374620
2028.0000,-8.549960,-41.800613,10.667231,43.979346
2029.0000,-13.958508,-36.266606,26.966358,47.300012
2030.0000,-17.563527,-40.898249,14.268813,46.741237
2031.0000,-6.756721,-28.992566,10.711300,31.637859
2032.0000,-22.566384,-29.357628,12.472666,39.072745
2033.0000,-26.507884,-48.810673,4.737614,55.745804
2034.0000,-22.294203,-35.939452,5.463409,42.644161
2035.0000,-21.837202,-21.624018,9.581074,32.190970
2036.0000,-7.379165,-31.271559,8.104272,33.136713
2037.0000,1.846259,-20.809398,10.329463,23.305311
2038.0000,-0.084024,-21.084239,10.284750,23.459077
2039.0000,-0.838647,-10.437138,24.944239,27.052767
2040.0000,8.828560,-24.513461,28.923886,38.928709
2041.0000,1.497618,-12.687822,25.114303,28.177152
2042.0000,-11.373001,-17.050255,14.894544,25.335820
2043.0000,-7.833987,-16.495655,30.338924,35.410850
2044.0000,-4.105238,-16.300251,24.935904,30.072420
2045.0000,-6.107184,-13.760226,33.369925,36.608652
2046.0000,-16.641058,-13.254082,32.406747,38.765871
2047.0000,-7.960116,-20.258921,32.289580,38.941037
2048.0000,-0.422982,-19.500436,39.056454,43.656071
2049.0000,-12.047934,-20.180850,30.648345,38.623056
2050.0000,-10.786197,-28.272724,37.987534,48.566879
2051.0000,-12.887965,-43.183375,26.796534,52.430504
2052.0000,-18.280952,-41.420287,37.485583,58.779268
2053.0000,-10.081604,-34.218171,33.453145,48.904344
2054.0000,-10.873727,-28.733381,28.483218,41.894377
2055.0000,-8.311905,-36.766487,26.793149,46.246461
2056.0000,-10.584821,-40.771170,28.888225,51.076964
2057.0000,3.248540,-35.045534,23.346343,42.234988
2058.0000,1.720415,-28.563811,21.249746,35.642711
2059.0000,0.249067,-25.053519,22.022595,33.357691
2060.0000,-3.471174,-31.929527,26.714684,41.775807
2061.0000,1.602018,-27.028161,15.292736,31.095912
2062.0000,-11.588445,-35.309261,13.335839,39.482662
2063.0000,-15.778902,-36.540922,17.265484,43.385593
2064.0000,-14.508985,-38.145400,16.515476,44.026619
2065.0000,-8.561202,-36.450020,13.198847,39.700223
2066.0000,-22.744284,-28.729880,19.715358,41.610141
2067.0000,-14.308012,-23.462372,16.183854,31.892306
2068.0000,-13.701517,-20.654235,23.868459,34.409771
2069.0000,-4.468234,-22.391462,25.232141,34.029452
2070.0000,-6.062879,-47.880365,17.054417,51.187312
2071.0000,1.902766,-44.027094,19.750490,48.291690
2072.0000,6.142421,-38.856761,22.491198,45.314801
2073.0000,5.971380,-45.596444,15.436273,48.507438
2074.0000,1.829513,-26.835618,12.782925,29.780878
2075.0000,-6.707734,-41.793384,7.945719,43.067565
2076.0000,0.371463,-34.410087,6.153210,34.957890
2077.0000,-9.816081,-37.013584,-2.507101,38.375075
2078.0000,-6.582233,-43.192252,5.850954,44.080949
2079.0000,-6.450568,-42.735015,10.642349,44.510122
2080.0000,5.652730,-27.622977,15.690432,32.267195
2081.0000,4.360737,-31.293492,8.423380,32.699419
2082.0000,11.367441,-24.362232,4.530187,27.262789
2083.0000,-4.358774,-33.379344,-6.436761,34.272604
2084.0000,10.134476,-25.126386,-6.059753,27.762627
2085.0000,4.992174,-20.388240,-1.970591,21.082821
2086.0000,4.226862,-17.096508,-10.836019,20.677917
2087.0000,15.824017,-18.645076,5.125007,24.986078
2088.0000,11.546122,-20.506792,16.623207,28.812714
2089.0000,12.990482,-27.519092,8.892608,31.703809
2090.0000,17.621662,-20.705560,5.530656,27.745834
2091.0000,6.837412,-11.258751,-3.018247,13.513677
2092.0000,21.060880,-14.387078,1.188757,25.533543
2093.0000,21.229262,-12.575077,-2.829057,24.835815
2094.0000,11.823909,-11.578738,1.770310,16.643497
2095.0000,12.979174,-23.890477,1.863952,27.252306
2096.0000,14.890831,-25.147441,-5.651758,29.766979
2097.0000,8.635392,-24.733721,-12.381733,28.976444
2098.0000,10.847322,-21.753433,-11.541285,26.908688
2099.0000,16.609923,-18.642807,-5.147051,25.493840
2100.0000,22.851079,-16.279113,0.119741,28.057007
2101.0000,15.101393,-16.968304,-10.548928,25.045065
2102.0000,15.431283,-15.980716,-12.939518,25.708732
2103.0000,9.629572,-7.134446,-13.197015,17.826671
2104.0000,18.242371,-12.458069,-9.413240,24.012428
2105.0000,19.698045,-4.651050,-2.411539,20.382855
2106.0000,20.269013,-7.716916,-12.148224,24.858862
2107.0000,19.125844,-8.015249,-19.489831,28.458665
2108.0000,28.657257,-1.206716,-15.635264,32.667354
2109.0000,22.314012,0.703331,-0.869790,22.342031
2110.0000,21.919560,3.319894,-5.918743,22.946030
2111.0000,16.419012,3.360222,-4.810710,17.436111
2112.0000,4.899880,3.107282,-2.847085,6.462965
2113.0000,8.506810,-1.298069,-8.086577,11.808620
2114.0000,19.110809,5.029043,-12.441156,23.351588
2115.0000,8.774499,4.144980,-16.133431,18.827116
2116.0000,4.375948,8.126220,6.940109,11.547705
2117.0000,15.353643,10.260014,-4.482599,19.002525
2118.0000,18.781935,7.639362,-2.745005,20.461084
2119.0000,7.113308,17.728909,-3.985562,19.514048
2120.0000,14.334313,19.935883,5.261594,25.111677
2121.0000,15.525207,10.028927,11.758622,21.906086
2122.0000,20.800918,6.025351,2.050261,21.752853
2123.0000,12.692672,9.692240,3.248188,16.297060
2124.0000,17.265237,-4.130423,1.837332,17.847257
2125.0000,6.493451,17.328420,9.795908,20.937977
2126.0000,-1.816389,15.199389,-3.269216,15.652746
2127.0000,-3.533848,8.381982,9.171992,12.917861
2128.0000,8.636549,11.402061,13.110692,19.403279
2129.0000,7.910843,12.602139,6.171823,16.108592
2130.0000,2.388577,10.653264,15.993817,19.364904
2131.0000,4.358196,22.465328,7.014276,23.935014
2132.0000,0.433836,10.343351,-2.735591,10.707781
2133.0000,9.368830,13.622340,1.594680,16.609820
2134.0000,5.364529,-3.074391,-5.936567,8.571632
2135.0000,6.999628,-1.992033,-5.317550,9.013286
2136.0000,7.337374,0.309188,1.289199,7.456185
2137.0000,15.208396,-5.969042,5.039237,17.097329
2138.0000,6.531794,-12.736495,6.407803,15.682556
2139.0000,9.988535,2.582240,-2.734904,10.673260
2140.0000,9.228585,-7.464375,-5.411182,13.044714
2141.0000,13.647463,-3.694837,-12.352494,18.774695
2142.0000,10.183809,-6.720317,-0.552201,12.213826
2143.0000,5.875975,-6.401175,-11.949257,14.774534
2144.0000,15.625608,-0.077681,-17.226035,23.257298
2145.0000,21.062229,-12.134372,-9.445226,26.078205
2146.0000,21.851633,-6.839947,-20.792493,30.929056
2147.0000,19.874550,-3.497651,-6.388145,21.166949
2148.0000,10.772540,-2.509615,-4.194369,11.829561
2149.0000,2.056424,-14.417781,-4.103687,15.130814
2150.0000,-3.685296,-1.201065,-4.828907,6.192116
2151.0000,0.435255,-8.574766,0.794794,8.622514
2152.0000,-0.346142,-11.116325,-0.569184,11.136268
2153.0000,-6.145019,-16.779369,-6.498364,19.014132
2154.0000,0.822662,-12.848934,0.594468,12.888959
2155.0000,0.177771,-9.659376,15.106533,17.931606
2156.0000,2.097164,-9.777115,-0.499907,10.011992
2157.0000,-3.105870,-13.359224,7.408275,15.588387
2158.0000,2.049866,-17.627158,12.283473,21.582455
2159.0000,9.546416,2.313428,3.740806,10.510929
2160.0000,6.022499,8.235868,1.166255,10.269380
2161.0000,1.589105,-6.173809,11.689575,13.314929
2162.0000,9.951374,-0.807769,0.789446,10.015266
2163.0000,8.846465,-4.015715,3.265010,10.249205
2164.0000,6.511661,-22.288947,0.283754,23.222390
2165.0000,3.084636,-13.111624,-11.218696,17.529654
2166.0000,3.674252,-6.327445,-7.290201,10.328781
2167.0000,-2.381828,-16.276664,-7.840034,18.222761
2168.0000,-0.918314,-17.024819,-9.535444,19.534903
2169.0000,-0.416813,-5.192836,-10.045533,11.316007
2170.0000,-6.240145,-6.633835,-11.238210,14.465288
2171.0000,-17.265808,-7.942851,-11.940106,22.444669
2172.0000,-12.423485,6.425631,-9.494239,16.904801
2173.0000,-11.184261,21.863153,-6.926546,25.515921
2174.0000,-10.917727,15.867179,3.436339,19.564574
2175.0000,-2.005571,15.947183,-12.916373,20.619594
2176.0000,-4.411312,20.627643,-13.453453,25.019087
2177.0000,4.247769,15.102471,-3.478590,16.069498
2178.0000,0.332141,10.057069,-7.033033,12.276746
2179.0000,10.897164,7.780871,-17.795657,22.270509
2180.0000,10.492134,15.608065,-6.674764,19.956178
2181.0000,5.361897,9.954172,-7.826924,13.751227
2182.0000,-4.435716,9.263521,4.032419,11.033984
2183.0000,-4.059438,-3.643924,-4.411208,7.015410
2184.0000,-0.367733,-0.996006,-11.892398,11.939698
2185.0000,-2.643939,3.849001,1.591694,4.933428
2186.0000,-14.949172,7.294322,-1.325282,16.686559
2187.0000,-4.198291,-4.317850,4.170240,7.325324
2188.0000,-7.254288,7.040961,-1.347217,10.198765
2189.0000,-21.971020,11.450224,5.585711,25.397510
2190.0000,-8.501292,6.618970,-11.113789,15.478987
2191.0000,-9.747127,14.275835,-3.782106,17.694922
2192.0000,-9.604116,6.979128,-10.895371,16.113857
2193.0000,5.276229,2.407189,-6.526315,8.730747
2194.0000,-7.143524,10.500916,-7.878290,14.945455
2195.0000,0.109187,14.468011,-26.149092,29.884951
2196.0000,-1.945230,18.612191,-11.555483,21.993789
2197.0000,-12.290504,0.333276,-0.065917,12.295199
2198.0000,-5.822597,8.806841,-10.517575,14.902432
2199.0000,-7.926588,7.273191,-1.792699,10.906139
2200.0000,11.915907,8.610124,-0.180661,14.702235
2201.0000,2.362876,7.027897,1.028631,7.485493
2202.0000,1.660707,8.103270,-10.317620,13.224001
2203.0000,3.832263,-8.338747,5.468052,10.682722
2204.0000,8.100977,-13.787703,-10.151707,18.941588
2205.0000,0.635229,-18.227226,-15.714157,24.074260
2206.0000,15.367630,-12.932744,5.754681,20.893450
2207.0000,6.167607,-13.530071,5.426617,15.828783
2208.0000,-3.938431,-4.375398,-5.787390,8.255255
2209.0000,-12.530903,-0.698423,-11.647149,17.122132
2210.0000,-9.976865,-6.718363,-15.911130,19.945884
2211.0000,-1.766113,3.947475,-14.194127,14.838294
2212.0000,-1.228819,-1.923330,0.581488,2.355276
2213.0000,-8.017143,-11.502455,-14.194191,19.951344
2214.0000,-10.639430,-24.446523,0.033231,26.661416
2215.0000,-11.784063,-11.120647,1.057729,16.237355
2216.0000,-6.880358,-12.383484,-12.846663,19.123983
2217.0000,-12.932746,-5.842006,-5.966427,15.394259
2218.0000,2.118769,-11.879020,-16.285749,20.268841
2219.0000,-1.137104,-14.617793,-10.904510,18.272417
2220.0000,7.424926,-1.126112,-21.808690,23.065485
2221.0000,5.468296,-2.442271,-12.409412,13.778986
2222.0000,4.412904,-4.627480,-3.226271,7.162131
2223.0000,-10.828445,-16.642497,-9.828357,22.154560
2224.0000,0.700383,-16.400419,-6.779376,17.760186
2225.0000,-0.719928,-12.428219,0.670640,12.467104
2226.0000,1.504474,-8.906559,-0.987179,9.086515
2227.0000,-4.834025,-9.472140,8.997908,13.930240
2228.0000,-15.946325,-20.292499,5.990392,26.494445
2229.0000,-5.334477,-14.752567,1.359372,15.746199
2230.0000,-6.287889,-24.553149,18.534449,31.399371
2231.0000,3.696948,-11.608394,9.060974,15.183000
2232.0000,-2.358992,-11.133988,8.032144,13.930035
2233.0000,1.060838,-9.197907,10.507129,14.004522
2234.0000,-22.345134,-0.015709,8.648878,23.960558
2235.0000,-16.887643,-2.523030,6.293661,18.198031
2236.0000,-13.701145,-22.099485,-3.473375,26.233051
2237.0000,-2.366734,0.012245,-5.333496,5.835046
2238.0000,-1.446431,0.432248,-3.622142,3.924145
2239.0000,-11.307315,-8.430840,-14.186827,20.005012
2240.0000,-13.563733,-8.800132,-0.859910,16.191252
2241.0000,-13.734432,0.601568,7.534255,15.676783
2242.0000,-10.317167,3.857796,6.764004,12.925876
2243.0000,-9.896473,11.706593,15.756876,21.983258
2244.0000,-12.209618,18.644855,18.170470,28.755371
2245.0000,-20.784304,15.251246,22.040612,33.917199
2246.0000,-32.043431,17.651779,14.128021,39.216932
2247.0000,-26.472326,22.928840,11.399830,36.830312
2248.0000,-20.869468,23.367791,11.626363,33.417969
2249.0000,-28.499331,23.894764,22.024827,43.223427
2250.0000,-20.995734,23.977061,19.957065,37.603254
2251.0000,-22.147058,9.555287,18.976282,30.690307
2252.0000,-26.804408,8.118566,21.886805,35.544615
2253.0000,-20.520149,6.919607,23.534507,31.981721
2254.0000,-16.589861,1.590549,21.437319,27.153489
2255.0000,-24.663929,1.905708,24.301743,34.677310
2256.0000,-9.136196,-2.866518,3.919191,10.346354
2257.0000,-12.408855,-14.993509,12.987291,23.397750
2258.0000,-4.982276,-3.878177,17.687328,18.780440
2259.0000,-1.254726,-2.313109,15.984644,16.199804
2260.0000,-0.434050,-5.669472,18.741752,19.585315
2261.0000,2.081974,5.741904,11.840198,13.322701
2262.0000,1.967115,-12.173079,12.861957,17.818062
2263.0000,0.884374,-0.610815,12.179442,12.226775
2264.0000,-5.518102,-8.116274,5.256858,11.133639
2265.0000,-11.895511,-8.439830,14.098706,20.285646
2266.0000,-17.335517,-10.136159,20.341857,28.584140
2267.0000,-16.013967,-3.785521,22.236928,27.663302
2268.0000,-17.928613,-7.785025,21.780798,29.265080
2269.0000,-5.145535,-11.278233,21.111667,24.482189
2270.0000,-19.640408,-2.559132,27.880277,34.199483
2271.0000,-14.031589,-7.000096,38.622251,41.684111
2272.0000,-2.826022,-5.270818,27.632865,28.272658
2273.0000,-13.109249,-14.318839,36.095827,40.985245
2274.0000,-14.681777,-29.926369,26.818289,42.782739
2275.0000,-15.989751,-12.807011,32.043061,38.032215
2276.0000,-6.831838,-10.727370,34.110492,36.404343
2277.0000,-12.005520,-13.081517,39.236007,43.066493
2278.0000,-18.529275,-26.420131,40.122100,51.489225
2279.0000,-18.526153,-18.978888,37.416010,45.862560
2280.0000,-15.407086,-28.030182,48.383142,57.999981
2281.0000,-18.155444,-17.038194,38.765122,46.072279
2282.0000,-24.048891,-12.411515,26.768914,38.065333
2283.0000,-26.169311,-20.526399,43.615267,54.849407
2284.0000,-26.079153,-6.326750,39.094084,47.418323
2285.0000,-26.133425,-10.480200,30.140965,41.246434
2286.0000,-36.102080,-23.265314,31.119007,53.037983
2287.0000,-32.795442,-20.286471,33.564031,51.123635
2288.0000,-32.342665,-12.899396,35.234043,49.536655
2289.0000,-36.512303,-11.521485,27.726337,47.272008
2290.0000,-30.071715,-15.186326,19.612014,38.981580
2291.0000,-25.076970,-21.626642,18.286795,37.828203
2292.0000,-21.011697,-20.399831,17.650042,34.193106
2293.0000,-21.142239,-19.676817,16.528163,33.276893
2294.0000,-39.950673,-17.181645,16.529565,46.524098
2295.0000,-32.790645,-2.274388,0.640686,32.875670
2296.0000,-29.222557,-11.563695,-1.727896,31.474792
2297.0000,-27.057884,-4.667158,-5.452599,27.993611
2298.0000,-15.470626,-12.070844,-9.395367,21.755883
2299.0000,-11.371290,-8.923748,1.875772,14.575940
2300.0000,-6.612717,-10.190429,-0.274495,12.151058
2301.0000,-14.666167,-9.165745,-0.828350,17.314546
2302.0000,-13.259013,-16.060347,4.292591,21.264113
2303.0000,-16.581648,-12.902938,-1.068100,21.037531
2304.0000,-23.024606,-5.890108,-5.372959,24.365848
2305.0000,-25.034388,-9.454378,-13.376840,29.917315
2306.0000,-14.773971,-0.169155,-14.372960,20.612637
2307.0000,-14.698231,-1.756586,-17.119012,22.631486
2308.0000,-6.471430,1.569209,-17.518262,18.741167
2309.0000,-3.454410,10.842837,-20.319029,23.288688
2310.0000,-7.482594,14.086267,-36.280539,39.631928
2311.0000,-17.389270,14.243730,-26.010855,34.377829
2312.0000,-10.821608,8.807812,-20.188872,24.541297
2313.0000,-1.700647,11.791220,-29.923027,32.207338
2314.0000,-2.415415,6.795001,-18.221937,19.597073
2315.0000,-9.865686,7.933136,-20.200302,23.839434
2316.0000,0.435032,18.056377,-17.439627,25.107023
2317.0000,-2.090934,4.920454,-24.080935,24.667272
2318.0000,2.415893,8.315708,-18.015235,19.988402
2319.0000,9.677273,4.777829,-18.784759,21.664358
2320.0000,8.009562,11.454143,-28.337637,31.597027
2321.0000,-2.166724,4.840833,-11.092450,12.295154
2322.0000,-11.010952,2.472210,-12.840051,17.094438
2323.0000,-12.437995,6.556860,-18.334137,23.104906
2324.0000,-7.945518,1.859078,-26.009832,27.259839
2325.0000,-13.181471,-3.910651,-25.993937,29.406277
2326.0000,-19.537568,2.707065,-17.171831,26.151798
2327.0000,-26.320520,-0.406030,-26.254059,37.178088
2328.0000,-13.313555,8.229192,-26.823494,31.055920
2329.0000,-11.712504,15.959412,-41.169760,45.681886
2330.0000,-20.287381,11.408643,-35.606828,42.539172
2331.0000,-5.692714,9.860057,-41.731166,43.256421
2332.0000,-20.885154,8.034415,-32.626050,39.562616
2333.0000,-11.246148,6.922814,-30.765063,33.479700
2334.0000,-8.034628,6.702692,-26.383773,28.382826
2335.0000,-6.866830,14.456248,-27.578187,31.885622
2336.0000,-12.973046,6.863408,-28.484976,32.043723
2337.0000,-10.968880,0.483906,-28.983823,30.993749
2338.0000,6.456349,-1.342210,-29.768591,30.490244
2339.0000,12.550881,-5.892955,-12.612753,18.743881
2340.0000,8.807499,-14.440631,-17.418318,24.279656
2341.0000,6.833314,-7.029892,-11.488205,15.102728
2342.0000,1.660425,-11.573203,-11.932532,16.705728
2343.0000,4.428416,-6.111068,1.346423,7.666086
2344.0000,2.400896,-18.492812,-6.029212,19.598464
2345.0000,-2.588954,-17.160529,-18.010769,25.011482
2346.0000,-1.790044,-23.045532,-14.836243,27.466615
2347.0000,4.738000,-14.702396,-10.596371,18.732116
2348.0000,1.396964,-29.239508,-20.918448,35.978908
2349.0000,-11.592452,-24.699043,-7.500103,28.296275
2350.0000,1.311574,-12.937937,-12.455333,18.006826
2351.0000,-5.142286,-23.488871,-15.234371,28.465000
2352.0000,10.224680,-25.177206,-11.110653,29.357834
2353.0000,4.311273,-19.379498,-9.234911,21.896018
2354.0000,6.874317,-10.740940,-9.594402,15.958590
2355.0000,15.468449,-22.005097,-18.299639,32.532661
2356.0000,7.063303,-15.936295,-16.636760,24.096421
2357.0000,8.818972,-14.408561,-11.008469,20.163514
2358.0000,16.563266,-15.866597,-18.407137,29.409409
2359.0000,22.384203,-10.499989,-23.164829,33.880844
2360.0000,11.847647,-4.431389,-18.686696,22.565384
2361.0000,16.302199,0.597227,-25.596483,30.352896
2362.0000,5.698827,4.360497,-19.878756,21.134226
2363.0000,21.327157,-1.942177,-19.167806,28.740641
2364.0000,7.459675,6.350544,-16.405312,19.107862
2365.0000,6.484111,-4.820504,-22.392123,23.805212
2366.0000,7.006013,-8.321022,-22.058774,24.594982
2367.0000,18.935721,-1.930766,-15.168778,24.338882
2368.0000,12.941364,0.712513,-14.084118,19.140245
2369.0000,4.241469,5.032802,-14.714167,16.119115
2370.0000,8.437538,-5.876596,-25.207811,27.224257
2371.0000,3.787588,-3.299692,-28.449263,28.889347
2372.0000,7.797704,4.921399,-27.758956,29.250367
2373.0000,12.212527,-5.284225,-34.061912,36.568876
2374.0000,11.596848,2.480968,-37.195486,39.040316
2375.0000,16.546813,-12.075570,-31.930444,37.936390
2376.0000,5.493779,-7.892225,-30.565013,32.041986
2377.0000,18.118521,-14.705675,-30.507572,38.408979
2378.0000,18.555974,-0.315066,-34.684474,39.337465
2379.0000,18.051134,-0.511805,-28.180095,33.469734
2380.0000,26.662637,9.290722,-34.888412,44.882235
2381.0000,21.568220,13.709727,-31.702862,40.721201
2382.0000,14.509049,10.436626,-26.455880,31.927249
2383.0000,11.852248,-4.447819,-29.563138,32.159571
2384.0000,7.668921,1.451538,-31.133065,32.096527
2385.0000,10.513289,2.957051,-32.414548,34.204916
2386.0000,6.446266,2.497998,-33.078841,33.793551
2387.0000,3.094851,-9.740773,-29.050917,30.796372
2388.0000,5.278347,-1.144618,-22.409851,23.051519
2389.0000,7.000271,-11.226642,-10.511418,16.897668
2390.0000,19.390137,-0.443965,-18.387990,26.726255
2391.0000,13.250327,-2.903507,-15.351231,20.485649
2392.0000,16.257196,7.652320,-19.678938,26.647983
2393.0000,18.098294,-6.168989,-21.698053,28.920757
2394.0000,17.281965,-0.649026,-23.862845,29.470713
2395.0000,19.611591,12.375248,-21.505874,31.626949
2396.0000,29.773238,10.262136,-12.822591,34.002588
2397.0000,23.921718,16.980248,-13.925699,32.473105
2398.0000,23.222157,0.969641,-11.947518,26.133350
2399.0000,26.936481,-0.205393,-16.343702,31.507662
2400.0000,17.432822,-14.444387,-8.104517,24.046346
2401.0000,22.636104,-4.238418,2.649598,23.181410
2402.0000,15.520026,1.597863,-0.462423,15.608915
2403.0000,10.645107,7.787554,0.197970,13.191038
2404.0000,17.872084,-1.279235,15.899976,23.955314
2405.0000,9.580967,-6.246390,9.940728,15.153561
2406.0000,22.532630,3.685178,-3.207863,23.056243
2407.0000,15.685134,10.212251,2.942166,18.946500
2408.0000,5.610616,2.987381,-16.441804,17.627716
2409.0000,7.525338,15.987077,-13.233988,22.076136
2410.0000,4.425667,10.956747,-7.581752,14.039936
2411.0000,2.209706,21.537279,-12.680331,25.090396
2412.0000,-5.473447,23.540954,-9.168373,25.849453
2413.0000,9.772374,21.109277,-10.837193,25.662144
2414.0000,-4.764388,16.215162,-0.011845,16.900622
2415.0000,2.625442,18.329049,-0.961969,18.541100
2416.0000,-2.573302,16.384796,3.332802,16.917180
2417.0000,-5.203156,4.520650,2.448807,7.314763
2418.0000,-6.095376,19.422846,6.130763,21.259982
2419.0000,-13.536184,25.035252,7.491327,29.429782
2420.0000,-6.665359,12.403996,-3.983688,14.634067
2421.0000,-6.858230,20.739300,0.769170,21.857391
2422.0000,-1.779956,23.326667,-6.847186,24.375922
2423.0000,-5.145797,16.025204,-8.184890,18.715737
2424.0000,-9.075206,20.443660,-8.521560,23.935738
2425.0000,5.574287,14.924504,-4.658257,16.598580
2426.0000,8.914219,24.272525,5.827965,26.506300
2427.0000,5.501147,9.983896,-0.110453,11.399693
2428.0000,19.658845,17.455589,5.880425,26.939695
2429.0000,7.707649,28.594837,8.812970,30.898883
2430.0000,1.991351,31.612656,11.844706,33.817489
2431.0000,-11.055412,25.506777,0.038355,27.799627
2432.0000,-12.439555,24.710447,10.929421,29.745604
2433.0000,-15.181585,13.175734,2.895068,20.309159
2434.0000,-16.501247,17.880733,1.945492,24.408947
2435.0000,2.758403,17.119679,-17.855064,24.889667
2436.0000,-5.704896,20.758586,-11.638387,24.472776
2437.0000,0.974106,16.032659,-11.786418,19.922718
2438.0000,-9.392565,15.778835,-4.258960,18.850216
2439.0000,4.459286,16.671045,-6.805781,18.550677
2440.0000,8.706328,10.865043,-9.180898,16.677476
2441.0000,-2.309536,4.662322,-13.481504,14.450680
2442.0000,-0.831836,6.437080,-4.006857,7.627768
2443.0000,-20.559576,-0.327594,-7.356782,21.838629
2444.0000,-18.663419,2.790306,-16.426681,25.018890
2445.0000,-18.021862,-3.956210,-7.464706,19.903792
2446.0000,-23.624623,0.724353,-18.282259,29.881240
2447.0000,-17.044754,-4.975521,-14.462275,22.900586
2448.0000,-19.769663,-10.518625,-12.990738,25.888999
2449.0000,-23.682577,-7.381597,-9.896667,26.707610
2450.0000,-21.097668,2.686598,-12.640225,24.740749
2451.0000,-19.811738,1.479650,-25.757195,32.528871
2452.0000,-28.315345,3.664245,-7.224123,29.451204
2453.0000,-19.796043,5.837359,4.027247,21.028000
2454.0000,-22.547665,-0.031064,-1.234879,22.581476
2455.0000,-32.347221,-6.880758,-5.393901,33.507935
2456.0000,-20.267387,1.371510,-5.373707,21.012490
2457.0000,-23.702826,3.532037,-12.319184,26.945529
2458.0000,-23.442068,-1.705868,-6.724432,24.447056
2459.0000,-29.476776,0.689139,0.856712,29.497274
2460.0000,-20.981653,12.643189,-2.134182,24.589321
2461.0000,-22.321471,15.717320,-1.419170,27.336720
2462.0000,-16.311378,1.186225,-5.801712,17.353041
2463.0000,-21.385958,-3.805846,-6.896414,22.790440
2464.0000,-7.820112,3.414712,-10.520412,13.545977
2465.0000,-16.008117,5.943103,-11.728089,20.715413
2466.0000,-21.443294,7.055375,-10.969132,25.098108
2467.0000,-24.764303,4.746067,-15.754076,29.731915
2468.0000,-18.745443,9.309895,-21.231191,29.813239
2469.0000,-29.243387,1.825531,-21.656287,36.434915
2470.0000,-27.342235,-7.048221,-15.474609,32.198428
2471.0000,-36.860004,-4.311920,-22.938320,43.628191
2472.0000,-22.268384,-0.754416,-9.963832,24.407540
2473.0000,-18.025148,-8.356418,-12.207115,23.318433
2474.0000,-7.527049,-3.019367,-6.903143,10.650184
2475.0000,-27.341821,-3.776515,2.786213,27.741670
2476.0000,-22.414324,-3.590760,5.855686,23.443219
2477.0000,-19.243849,-7.569062,-11.433853,23.629418
2478.0000,-31.095426,-18.857549,2.875710,36.480164
2479.0000,-22.230577,-15.496170,-13.229056,30.155227
2480.0000,-27.896116,-0.382011,-12.917132,30.743967
2481.0000,-17.744626,-9.577709,-4.492196,20.658753
2482.0000,-16.321611,-16.104501,-23.108877,32.554111
2483.0000,-20.088892,-18.245418,-15.019405,31.016792
2484.0000,-18.717781,-16.365498,-26.295107,36.188638
2485.0000,-16.991260,-10.436244,-23.939911,31.156660
2486.0000,-9.208012,-7.508405,-16.639696,20.446103
2487.0000,-13.263584,-6.237335,-5.260535,15.572419
2488.0000,-19.527456,-17.220206,-8.251023,27.311836
2489.0000,-18.408424,-7.345694,-15.058478,24.891505
2490.0000,-16.113568,-10.497017,-5.878625,20.109517
2491.0000,-14.298602,-5.193814,-6.254246,16.448140
2492.0000,-19.089559,11.159044,-2.032559,22.205108
2493.0000,-27.137092,11.608873,-3.489491,29.721444
2494.0000,-22.836521,7.694046,-5.013882,24.613900
2495.0000,-21.338352,0.933907,-6.733792,22.395120
2496.0000,-24.341592,8.942154,-17.968215,31.548882
2497.0000,-20.856721,20.157454,-16.890318,33.564991
2498.0000,-10.179297,13.216024,-21.609735,27.299488
2499.0000,-16.357648,14.869585,-16.573240,27.628780
2500.0000,-9.401607,21.247156,-23.481746,33.033684
2501.0000,-13.223101,30.384014,-24.994441,41.506154
2502.0000,-23.256307,24.900364,-15.977476,37.631950
2503.0000,-17.225387,30.832897,-19.801089,40.490303
2504.0000,-14.551614,28.887477,-10.607364,34.040446
2505.0000,-17.242501,26.561445,-12.507688,34.047855
2506.0000,-18.153783,30.216568,-3.326081,35.407112
2507.0000,-17.925425,30.158226,-5.178892,35.463508
2508.0000,-25.651143,29.394993,-10.038322,40.284174
2509.0000,-5.121031,30.036836,-9.392367,31.884997
2510.0000,-2.078134,25.586726,-9.791221,27.474847
2511.0000,3.769243,27.220989,-2.867491,27.629910
2512.0000,-5.611333,11.157658,-5.650654,13.708037
2513.0000,5.850549,15.405387,-5.899515,17.503119
2514.0000,1.341643,21.500322,-4.227925,21.953114
2515.0000,7.141089,4.795118,-10.614574,13.662265
2516.0000,-0.455896,7.448340,-6.447923,9.862116
2517.0000,10.584655,17.783786,-1.649594,20.761000
2518.0000,3.280515,6.877664,-6.245428,9.852381
2519.0000,-5.018785,9.048181,-10.304213,14.602554
2520.0000,-7.931362,1.830549,-15.040214,17.101622
2521.0000,-17.793826,-1.947587,-14.977020,23.339333
2522.0000,-12.521668,-0.389250,-8.651486,15.224713
2523.0000,-14.125242,-8.898233,-13.823760,21.674809
2524.0000,-16.651420,-10.578623,-11.709590,22.941045
2525.0000,-20.743708,-12.950640,-1.328719,24.490528
2526.0000,-33.759801,-16.090316,-9.992114,38.710009
2527.0000,-22.408889,-15.990561,-10.437668,29.441489
2528.0000,-29.508797,-13.973950,-4.274251,32.928856
2529.0000,-13.286664,-11.241237,-6.166160,18.464084
2530.0000,-15.467208,-16.730684,-8.387726,24.279709
2531.0000,-19.701631,-28.943380,-8.828714,36.108444
2532.0000,-26.007628,-20.270174,-3.497034,33.158799
2533.0000,-16.390686,-28.819821,-4.462749,33.453741
2534.0000,-4.249956,-23.369916,-7.518965,24.914854
2535.0000,-19.296348,-26.622285,-11.220702,34.741895
2536.0000,-16.576476,-25.511262,-7.266876,31.279571
2537.0000,-4.126516,-9.680705,-15.898798,19.066094
2538.0000,-15.730151,-13.866912,-13.154365,24.754115
2539.0000,-6.383786,-18.467089,-11.252555,22.547862
2540.0000,-7.055043,-13.132365,-10.201455,18.063840
2541.0000,1.101785,-11.813939,-12.873654,17.507543
2542.0000,2.486965,-8.788361,-12.664465,15.614383
2543.0000,3.282290,-12.390532,-18.139298,22.211097
2544.0000,-13.475043,-10.234161,-5.028984,17.652351
2545.0000,-7.673735,-21.241884,-4.628800,23.054926
2546.0000,-6.666044,-15.707173,-12.388342,21.086073
2547.0000,-5.890507,-21.156977,-6.547703,22.916985
2548.0000,-5.870654,-12.411134,-0.715438,13.748188
2549.0000,-0.072478,-14.539059,-2.230295,14.709307
2550.0000,-2.341156,-16.747197,-9.439651,19.366379
2551.0000,-8.595784,-7.383626,-5.471098,12.583257
2552.0000,-6.507024,-6.007749,-5.938278,10.662906
2553.0000,-13.623054,-2.879096,-4.536724,14.644407
2554.0000,-10.789753,5.324510,-3.179959,12.445132
2555.0000,-14.437774,7.003466,4.034844,16.546232
2556.0000,-6.095924,1.328530,2.778459,6.829723
2557.0000,-11.008191,9.839300,0.280733,14.767224
2558.0000,0.828211,13.100742,-4.656940,13.928477
2559.0000,-6.349204,3.917343,3.119672,8.086428
2560.0000,-0.815602,-3.581886,-3.706271,5.218387
2561.0000,-11.480706,-7.698843,10.580494,17.407632
2562.0000,2.666729,-1.780462,5.205669,6.113958
2563.0000,-1.665589,2.921018,-6.480838,7.301219
2564.0000,-2.145312,-4.854856,0.176793,5.310673
2565.0000,-17.773639,-1.326780,-13.245745,22.206133
2566.0000,-10.633746,11.345632,1.378412,15.610891
2567.0000,-11.276830,5.931079,-6.268182,14.199813
2568.0000,-12.226877,26.928425,-1.811342,29.629674
2569.0000,-14.899065,20.286291,-15.388562,29.501247
2570.0000,-11.737867,16.335971,-6.114732,21.024544
2571.0000,-10.817653,18.525404,-23.445117,31.778699
2572.0000,-0.740665,29.859848,-15.696430,33.742214
2573.0000,-12.769587,27.286611,-29.394750,42.091244
2574.0000,-2.992531,26.324137,-21.774610,34.293572
2575.0000,-19.624696,38.687982,-26.238152,50.698415
2576.0000,-6.791751,36.246806,-13.341925,39.216907
2577.0000,-10.338260,25.599486,-18.827213,33.416721
2578.0000,-6.379123,19.182208,-11.278545,23.148561
2579.0000,-3.866140,19.915645,-6.662755,21.353507
2580.0000,-0.011557,27.778406,-16.403280,32.259999
2581.0000,-5.035705,16.477274,-17.737170,24.727840
2582.0000,-4.378658,21.683328,-10.887411,24.655123
2583.0000,-2.746000,16.042515,-10.548697,19.395304
2584.0000,4.796694,19.303418,3.320007,20.165631
2585.0000,-1.367544,28.615000,8.167866,29.789300
2586.0000,8.747876,18.995461,5.373727,21.592356
2587.0000,6.339047,12.254103,-7.858672,15.877823
2588.0000,9.798944,26.413540,-1.002896,28.190427
2589.0000,5.148992,29.837217,-7.359760,31.159873
2590.0000,7.627452,34.043847,-12.176396,36.951673
2591.0000,15.507406,35.777507,-16.009250,42.152174
2592.0000,16.511037,42.551960,-15.035837,48.055801
2593.0000,17.584001,40.117716,-21.862364,48.954992
2594.0000,20.733744,27.793549,-30.818893,46.391525
2595.0000,10.711465,16.739871,-17.172120,26.264814
2596.0000,9.743980,12.169729,-19.108519,24.661366
2597.0000,2.298789,18.027069,-25.172167,31.046701
2598.0000,3.668348,9.588104,-30.145024,31.845109
2599.0000,13.839796,15.017593,-34.886707,40.424626
2600.0000,14.574239,8.992413,-35.344228,39.274500
2601.0000,18.355173,-3.469695,-32.767006,37.717739
2602.0000,26.705369,-3.052891,-30.344323,40.537326
2603.0000,34.917527,-2.452315,-34.655739,49.257160
2604.0000,25.915999,3.181250,-36.088843,44.543955
2605.0000,17.629534,2.958678,-36.862246,40.968029
2606.0000,24.835695,-2.713597,-37.960010,45.443787
2607.0000,12.518435,14.757104,-35.535577,40.463076
2608.0000,16.644199,-0.031633,-31.771593,35.867318
2609.0000,22.656035,7.504796,-30.337538,38.600312
2610.0000,14.917420,-2.796134,-38.781440,41.645503
2611.0000,29.743228,2.858873,-52.077656,60.040944
2612.0000,25.575929,-8.218718,-52.313495,58.807969
2613.0000,20.175485,-15.354811,-44.571099,51.277707
2614.0000,19.523619,-14.778804,-50.164559,55.821750
2615.0000,24.738283,-20.718755,-45.925446,56.128389
2616.0000,18.123816,-27.479260,-35.158862,48.163555
2617.0000,13.986104,-16.035813,-42.745899,47.749034
2618.0000,14.591226,-23.032123,-37.639958,46.477403
2619.0000,11.662740,-20.165507,-49.499093,54.706740
2620.0000,8.859549,-31.515724,-41.575923,52.917765
2621.0000,24.892190,-29.009596,-42.600983,57.236540
2622.0000,25.161578,-23.467521,-41.837486,54.168301
2623.0000,33.072041,-22.216832,-50.884905,64.626783
2624.0000,39.097829,-21.030077,-54.018963,69.921046
2625.0000,40.020893,-12.807859,-51.313358,66.323252
2626.0000,39.281437,-20.423223,-43.806113,62.282540
2627.0000,38.493202,-15.626555,-52.593039,67.021964
2628.0000,44.084284,-25.069191,-54.316945,74.311634
2629.0000,26.823988,-19.182537,-49.333442,59.340412
2630.0000,19.463064,-21.246532,-47.632831,55.669674
2631.0000,38.245668,-21.924598,-44.988626,62.987265
2632.0000,30.079315,-8.204674,-49.788182,58.744744
2633.0000,34.243685,-19.895913,-37.254154,54.372321
2634.0000,27.104047,-17.241486,-49.963872,59.399383
2635.0000,23.631318,-23.559291,-52.721324,62.394049
2636.0000,29.468924,-11.980684,-43.444282,53.845704
2637.0000,29.647027,-20.879511,-42.287296,55.705615
2638.0000,25.858483,-29.770672,-43.304954,58.568534
2639.0000,36.171298,-13.245961,-43.464576,58.077428
2640.0000,36.125264,-12.216995,-34.503337,51.427327
2641.0000,41.452053,6.686761,-25.474503,49.111463
2642.0000,34.657916,5.953353,-34.613635,49.342854
2643.0000,40.241135,-0.456002,-35.881206,53.916768
2644.0000,40.240203,11.422820,-23.914337,48.183506
2645.0000,35.420105,11.380172,-20.856997,42.650984
2646.0000,36.741093,12.389773,-20.511196,43.864832
2647.0000,18.223695,2.166466,-18.581476,26.116429
2648.0000,17.064619,-3.524226,-3.826568,17.839955
2649.0000,11.466221,15.810441,-21.642981,29.152408
2650.0000,12.405958,3.953059,-24.370081,27.630333
2651.0000,15.866271,5.716974,-29.775087,34.219558
2652.0000,21.512691,9.387473,-27.585678,36.220024
2653.0000,-0.308641,10.776202,-26.046227,28.189142
2654.0000,-0.053828,12.523568,-37.585362,39.616942
2655.0000,9.929818,3.581312,-25.388739,27.495729
2656.0000,-6.249768,10.510961,-18.687848,22.333284
2657.0000,1.176410,1.746155,-11.956663,12.140625
2658.0000,2.714210,-0.264459,-14.428525,14.683978
2659.0000,12.752899,-1.376341,-21.917168,25.394744
2660.0000,12.116616,13.672091,-11.645367,21.664557
2661.0000,17.258581,6.555578,-24.350279,30.557655
2662.0000,6.275616,14.667040,-18.185872,24.191556
2663.0000,3.608504,3.416772,-29.938912,30.348543
2664.0000,17.239613,4.910808,-21.297941,27.837431
2665.0000,8.287866,5.967213,-30.455039,32.121734
2666.0000,8.774468,3.034884,-19.964619,22.017898
2667.0000,14.811902,-0.354832,-29.185679,32.731059
2668.0000,7.682735,8.053271,-26.600920,28.835543
2669.0000,14.686359,2.751316,-18.667657,23.911091
2670.0000,3.389542,4.201180,-21.841120,22.498298
2671.0000,-2.837871,-6.485905,-20.173734,21.379897
2672.0000,-10.104471,-9.557058,-24.408553,28.092973
2673.0000,-1.940540,-11.177184,-12.270629,16.711178
2674.0000,-6.714810,-5.568504,-17.471180,19.527904
2675.0000,-11.864868,-0.356844,-10.933917,16.138556
2676.0000,-13.994337,3.310144,-7.135816,16.053610
2677.0000,-20.959976,1.638791,-9.576526,23.102296
2678.0000,-14.952277,-1.970105,-6.907693,16.588192
2679.0000,-15.410237,-6.955271,-18.588274,25.127179
2680.0000,-6.865604,9.558068,-17.042278,20.710683
2681.0000,-5.163867,15.509931,-17.632295,24.044154
2682.0000,-1.033185,4.214884,-11.331312,12.133892
2683.0000,0.202481,-10.577513,-9.170725,14.000963
2684.0000,-0.358428,-2.041604,-26.056680,26.138998
2685.0000,-16.638503,-10.764971,-26.118088,32.785345
2686.0000,-4.175460,6.782862,-12.464344,14.791942
2687.0000,6.978595,-1.014642,-10.525682,12.669659
2688.0000,7.252622,1.430709,-24.302068,25.401535
2689.0000,7.339739,3.055062,-21.305976,22.740927
2690.0000,5.262844,-3.364937,-14.962177,16.213793
2691.0000,-0.814664,-5.825144,-16.147352,17.185254
2692.0000,0.839236,-9.060191,-23.846642,25.523591
2693.0000,3.891298,-5.681123,-22.979238,23.988804
2694.0000,16.549830,-1.243002,-16.969730,23.736337
2695.0000,4.187356,-6.922181,-15.153782,17.178116
2696.0000,5.829537,-5.528187,-14.325103,16.424157
2697.0000,5.939483,0.181764,-18.953203,19.862890
2698.0000,4.494569,-6.005701,-15.681077,17.382916
2699.0000,-4.228974,13.017600,-6.359195,15.092431
2700.0000,-0.661305,3.087871,2.438074,3.989546
2701.0000,0.233556,4.658618,-5.548472,7.248642
2702.0000,-4.218160,-14.834157,-16.249010,22.402576
2703.0000,-0.324064,-0.529713,-4.140152,4.186463
2704.0000,8.090816,-1.031580,-2.704426,8.592985
2705.0000,9.712722,-8.557888,-8.360188,15.409970
2706.0000,5.375567,-8.448370,-15.307942,18.292205
2707.0000,-1.790292,-11.357446,-26.141750,28.558498
2708.0000,2.270261,-17.478963,-29.288954,34.183491
2709.0000,5.190667,-5.566261,-21.441086,22.751845
2710.0000,1.634613,-2.910850,-9.077729,9.672133
2711.0000,-0.686689,-8.573251,-6.967766,11.068963
2712.0000,-0.712777,-2.817519,8.609421,9.086727
2713.0000,11.304166,-7.780655,10.495903,17.276769
2714.0000,13.280368,1.996237,6.840571,15.071382
2715.0000,23.721508,0.638983,11.327629,26.295121
2716.0000,24.676032,1.043166,17.503456,30.271533
2717.0000,17.215297,-3.245976,22.887183,28.822317
2718.0000,27.213999,-11.265951,17.876662,34.454295
2719.0000,18.217515,-16.074729,5.320925,24.871410
2720.0000,19.956209,-5.594438,14.275885,25.166424
2721.0000,11.945911,-12.530188,17.880526,24.888222
2722.0000,25.541112,-6.360119,8.390236,27.625995
2723.0000,23.477978,1.215933,9.084815,25.203726
2724.0000,21.909673,-5.218427,9.083375,24.285252
2725.0000,8.703111,-10.400506,-6.577700,15.072518
2726.0000,14.522711,-11.879145,-1.934909,18.861789
2727.0000,19.370330,-26.993894,4.151192,33.483016
2728.0000,16.359901,-14.668464,-3.250359,22.212047
2729.0000,30.483873,-12.030720,11.947243,34.881820
2730.0000,14.743351,-22.475043,-6.963642,27.766640
2731.0000,13.056698,-17.698203,-7.291394,23.170416
2732.0000,22.114025,-27.286809,-14.579213,38.028324
2733.0000,29.545992,-3.721569,-10.735432,31.655414
2734.0000,29.391241,-9.978645,-18.815598,36.296627
2735.0000,35.413620,-6.427916,-19.727755,41.044207
2736.0000,15.150382,1.833791,-11.140771,18.894805
2737.0000,20.624388,-4.119980,-20.469340,29.348484
2738.0000,14.210824,-1.216794,-0.830421,14.286977
2739.0000,7.584986,6.955138,4.415126,11.198183
2740.0000,8.868260,-4.469742,-5.957310,11.580768
2741.0000,18.865079,-3.795018,-10.209057,21.783439
2742.0000,16.220102,-7.047497,-14.185136,22.671061
2743.0000,14.715277,4.768285,-8.286864,17.548448
2744.0000,26.940488,-14.966321,-7.664415,31.757265
2745.0000,27.880957,-12.369408,7.964187,31.524250
2746.0000,32.436294,-18.989757,-7.305986,38.289705
2747.0000,22.625136,-7.394987,5.274430,24.380365
2748.0000,24.807767,0.926823,3.282957,25.041208
2749.0000,17.919893,2.781304,-0.007820,18.134450
2750.0000,14.162609,-5.277094,12.646441,19.706844
2751.0000,4.166775,1.878599,-0.944164,4.667182
2752.0000,20.737192,12.341930,-1.775170,24.197223
2753.0000,10.517245,26.242019,-2.023669,28.343452
2754.0000,16.044122,4.546612,2.156345,16.814736
2755.0000,4.790421,12.826380,-7.581646,15.650735
2756.0000,15.491441,19.517746,-2.698478,25.064097
2757.0000,5.114191,19.856918,-0.288424,20.506958
2758.0000,6.299238,13.040530,-14.773946,20.688289
2759.0000,2.868188,11.375897,-9.239887,14.933621
2760.0000,-2.403965,13.583076,-4.446762,14.493194
2761.0000,3.918740,20.652551,-2.926169,21.223733
2762.0000,15.429429,19.088406,-6.980562,25.517891
2763.0000,16.697043,3.485282,0.657072,17.069569
2764.0000,21.127420,9.463083,-11.028067,25.642466
2765.0000,16.210792,8.553924,0.677276,18.341704
2766.0000,17.781795,7.234159,0.499551,19.203511
2767.0000,10.444556,4.973046,-6.966497,13.503778
2768.0000,5.038516,6.207072,-7.983655,11.298369
2769.0000,8.259762,11.884809,5.165202,15.367227
2770.0000,11.118505,14.114964,10.159035,20.641206
2771.0000,14.728691,12.287814,0.892449,19.202114
2772.0000,-1.916525,11.914689,-7.543478,14.231548
2773.0000,18.147501,13.893676,0.926855,22.874114
2774.0000,19.101062,23.725653,7.584218,31.389131
2775.0000,4.846605,27.218708,6.534017,28.408467
2776.0000,12.506860,23.422606,-1.512114,26.595611
2777.0000,13.668034,31.212202,-11.269023,35.888823
2778.0000,6.740370,30.929595,-24.655054,40.124109
2779.0000,14.947908,16.164660,-15.758565,27.075238
2780.0000,9.920437,22.337301,-14.250864,28.292352
2781.0000,8.551098,7.138717,-14.650036,18.403970
2782.0000,2.439150,21.502342,-9.580539,23.666155
2783.0000,3.958353,13.312772,-21.638724,25.712504
2784.0000,8.216128,19.520223,-22.778466,31.103093
2785.0000,16.013243,14.094388,-29.758591,36.614881
2786.0000,1.300802,12.624866,-39.388031,41.382319
2787.0000,-7.865856,12.376571,-29.055995,32.546920
2788.0000,-13.725896,10.948359,-33.537866,37.855716
2789.0000,-9.031096,6.359027,-38.867079,40.406036
2790.0000,-5.899590,2.989996,-37.978012,38.549639
2791.0000,-4.657672,2.926852,-39.702593,40.081869
2792.0000,-12.289916,10.589583,-47.417260,50.115645
2793.0000,5.882598,10.734509,-35.526662,37.576300
2794.0000,5.912398,19.643224,-41.664399,46.440660
2795.0000,6.974514,5.594985,-45.407395,46.279361
2796.0000,19.447081,3.917321,-24.741836,31.712660
2797.0000,22.886103,-1.314094,-30.524612,38.173977
2798.0000,30.368209,6.318286,-17.771680,35.748866
2799.0000,12.493884,16.093357,-32.475261,38.337134
2800.0000,14.872750,17.886314,-37.705313,44.303607
2801.0000,15.726982,4.818378,-32.772047,36.668267
2802.0000,12.865619,4.528195,-29.228889,32.254560
2803.0000,12.320627,4.712660,-30.633454,33.352894
2804.0000,6.453119,7.855027,-36.438143,37.829651
2805.0000,10.271234,0.821695,-40.702352,41.986365
2806.0000,15.308693,-3.397631,-26.870222,31.111233
2807.0000,13.023492,7.846821,-26.037901,30.152217
2808.0000,24.234234,20.143254,-20.189554,37.425484
2809.0000,13.439205,3.001205,-27.689368,30.924433
2810.0000,2.209564,5.969682,-28.009385,28.723595
2811.0000,7.535904,27.226284,-32.006534,42.690497
2812.0000,8.093121,26.334841,-26.042089,37.910590
2813.0000,7.595394,18.039761,-30.728980,36.433408
2814.0000,15.176624,30.835240,-15.001339,37.499095
2815.0000,17.142100,14.259120,-16.228880,27.578082
2816.0000,21.419734,17.076084,-28.198433,39.313474
2817.0000,32.681401,2.326381,-19.652408,38.206062
2818.0000,28.440259,4.089914,-22.566980,36.535521
2819.0000,32.262244,6.972353,-8.920953,34.191366
2820.0000,22.692140,3.206329,-7.880775,24.234694
2821.0000,21.024756,3.102782,-4.720743,21.770463
2822.0000,32.102706,-0.941844,-2.717862,32.231314
2823.0000,28.677408,3.632410,-3.269812,29.090888
2824.0000,33.038414,-13.139008,-10.505212,37.074652
2825.0000,40.732806,-7.890447,-4.200229,41.702069
2826.0000,29.642167,-23.463889,-4.825925,38.111700
2827.0000,25.995152,-23.081310,-4.613445,35.068200
2828.0000,13.701942,-15.936778,-1.006999,21.041344
2829.0000,20.784880,-5.898478,-0.573149,21.613232
2830.0000,25.979568,-12.405172,6.158326,29.440639
2831.0000,17.994535,-12.799801,3.016840,22.287654
2832.0000,19.904683,1.112473,1.889849,20.025122
2833.0000,11.009336,-1.476235,3.719351,11.714022
2834.0000,5.079471,-7.637806,2.759004,9.578581
2835.0000,12.900430,-8.369119,7.273710,17.010882
2836.0000,16.337465,-16.008018,4.482610,23.308007
2837.0000,17.592165,-15.310164,4.795803,23.809349
2838.0000,19.333725,-24.802486,5.966699,32.008714
2839.0000,17.152052,-29.130860,7.909724,34.718347
2840.0000,15.553759,-26.796400,2.335242,31.071205
2841.0000,8.199828,-20.292203,4.390892,22.322424
2842.0000,19.862739,-26.826160,4.132553,33.634049
2843.0000,19.453208,-25.268249,7.667070,32.797800
2844.0000,16.999137,-19.627921,11.815481,28.527733
2845.0000,21.151159,-19.416209,9.641542,30.287291
2846.0000,30.876897,-12.792940,13.303024,35.972385
2847.0000,26.494423,-26.026036,18.692208,41.577729
2848.0000,22.364291,-16.676849,13.056611,30.801849
2849.0000,22.953741,-6.655562,5.955582,24.630057
2850.0000,22.041553,-2.033714,20.648446,30.270850
2851.0000,18.809327,-0.882854,10.889377,21.751983
2852.0000,14.276558,-4.962792,11.184671,18.802826
2853.0000,15.744591,-13.706261,10.870101,23.535353
2854.0000,16.713098,-18.353702,1.249710,24.854533
2855.0000,11.773518,-19.807547,1.516585,23.092308
2856.0000,24.477106,-19.198056,-4.141230,31.382222
2857.0000,16.200554,-1.327886,10.127375,19.151631
2858.0000,8.136690,3.513886,1.202677,8.944247
2859.0000,15.470629,0.833039,13.222525,20.368345
2860.0000,14.056534,-5.451990,11.031213,18.681488
2861.0000,13.073150,-5.603768,2.701330,14.477799
2862.0000,13.689570,0.623910,14.178685,19.718740
2863.0000,15.173112,-6.433458,12.012086,20.393698
2864.0000,-3.885580,5.682285,6.485698,9.457821
2865.0000,9.639060,1.629802,8.391577,12.883567
2866.0000,3.882997,7.167462,15.600278,17.601672
2867.0000,7.860112,14.701142,8.448922,18.689281
2868.0000,3.633625,19.291042,14.085289,24.160772
2869.0000,4.079298,24.404708,23.699281,34.262025
2870.0000,-1.674076,11.950456,11.510621,16.676640
2871.0000,-4.066401,4.868201,12.174875,13.728167
2872.0000,-0.913230,3.204741,8.595431,9.218774
2873.0000,-11.398116,0.868383,18.684225,21.903685
2874.0000,-15.083724,0.656291,13.819922,20.468016
2875.0000,-4.649405,6.688415,15.132143,17.185273
2876.0000,-12.766271,10.077506,20.137368,25.885273
2877.0000,-13.567673,9.947486,20.809098,26.759163
2878.0000,-19.626532,12.028827,14.263312,27.080169
2879.0000,-18.365767,15.336422,17.351192,29.556236
2880.0000,-21.058635,10.869301,24.452200,34.051695
2881.0000,-12.740982,17.724153,27.985935,35.492123
2882.0000,-19.399970,18.641581,29.576560,39.983000
2883.0000,-14.693457,5.435855,32.514166,36.091788
2884.0000,-27.909614,9.198542,17.040749,33.969793
2885.0000,-28.271343,12.479961,26.408763,40.650228
2886.0000,-19.641791,12.586268,19.797552,30.596686
2887.0000,-23.797622,12.953494,22.623099,35.297655
2888.0000,-30.606246,21.108788,35.186319,51.189846
2889.0000,-33.677290,29.208961,30.549461,54.042509
2890.0000,-32.999927,23.465616,15.235074,43.263586
2891.0000,-32.161318,27.155666,27.668001,50.371608
2892.0000,-32.518948,35.154186,18.451705,51.320212
2893.0000,-23.087264,34.353261,25.554425,48.643571
2894.0000,-32.464920,33.996639,11.999841,48.515345
2895.0000,-24.932163,25.859420,9.430460,37.138335
2896.0000,-24.316342,29.464442,7.354374,38.904044
2897.0000,-26.702360,35.129518,12.998928,46.000774
2898.0000,-24.878132,38.743410,2.687644,46.121542
2899.0000,-40.268709,32.403436,-1.460685,51.707690
2900.0000,-22.805700,21.280800,-3.069682,31.343186
2901.0000,-32.287256,9.109759,0.144198,33.548106
2902.0000,-39.794007,22.743112,4.184874,46.025268
2903.0000,-23.221506,31.547858,5.044783,39.496272
2904.0000,-30.620742,22.708434,3.467592,38.279590
2905.0000,-30.283714,20.611703,3.872963,36.836741
2906.0000,-25.086013,10.608078,20.724287,34.224778
2907.0000,-30.317305,4.870096,10.738124,32.529435
2908.0000,-17.490627,9.796504,24.967922,32.020160
2909.0000,-21.263805,0.856646,20.650244,29.653260
2910.0000,-13.018021,13.255091,26.180416,32.102655
2911.0000,-31.947193,10.972671,28.921067,44.468536
2912.0000,-20.358500,8.526959,19.688969,29.577577
2913.0000,-20.360379,6.909742,25.523461,33.372693
2914.0000,-15.908256,2.642015,16.708206,23.221047
2915.0000,-10.251280,-5.390425,20.170995,23.259718
2916.0000,-24.414996,-8.858586,31.575945,40.885290
2917.0000,-20.398059,-4.113845,28.874115,35.590997
2918.0000,-19.152821,5.216771,39.239480,43.974789
2919.0000,-28.320688,-0.952413,23.089853,36.552836
2920.0000,-17.458890,4.937617,19.425387,26.580793
2921.0000,-16.932528,7.556689,17.408537,25.433663
2922.0000,-13.447123,2.401177,24.934743,28.431184
2923.0000,-6.121171,4.610086,16.803793,18.468597
2924.0000,-9.135550,-3.332009,6.438913,11.662768
2925.0000,-5.129083,-0.175287,16.161766,16.957031
2926.0000,-8.761428,-1.710711,13.104812,15.856395
2927.0000,-5.403061,-2.357295,15.590080,16.667348
2928.0000,-4.897543,-6.958702,18.283883,20.167048
2929.0000,4.146739,12.756021,8.776233,16.029154
2930.0000,-17.427623,7.454836,0.605229,18.964781
2931.0000,-6.353758,8.598346,13.074939,16.889518
2932.0000,-7.596610,5.410905,1.021248,9.382394
2933.0000,-17.698524,12.852746,-5.454402,22.542878
2934.0000,-7.187144,12.101684,-3.196303,14.433370
2935.0000,-2.068391,17.219449,-1.333370,17.394412
2936.0000,3.587761,19.542327,-4.288026,20.326380
2937.0000,-1.209217,9.643554,-1.087102,9.779680
2938.0000,5.391586,5.871730,-2.405384,8.326601
2939.0000,-11.337309,-3.824141,-8.967946,14.952682
2940.0000,-12.150102,-5.031011,-3.505975,13.609846
2941.0000,-6.312861,-2.107787,-6.470668,9.282485
2942.0000,-8.960908,-0.727064,-13.130683,15.913558
2943.0000,1.522867,0.864311,-11.099871,11.237139
2944.0000,-0.889533,-14.965196,-19.304739,24.442204
2945.0000,4.569014,-13.556658,-13.878379,19.931590
2946.0000,4.912550,2.128072,-17.393290,18.198582
2947.0000,-2.973968,1.421243,-10.689360,11.186011
2948.0000,-2.869555,-13.081213,-11.560042,17.691440
2949.0000,1.120077,-13.106837,-17.419928,21.828826
2950.0000,14.447154,-11.038648,-0.695008,18.194918
2951.0000,11.799413,-11.180038,-2.686658,16.475361
2952.0000,25.427408,-5.275891,-9.470059,27.641818
2953.0000,14.661314,-10.167128,-5.542949,18.682851
2954.0000,5.736736,8.042782,1.672568,10.019679
2955.0000,8.429027,5.770681,11.126313,15.104440
2956.0000,12.478609,-4.528369,12.857554,18.480761
2957.0000,13.420076,2.547003,18.961605,23.369385
2958.0000,12.602234,7.483101,14.112547,20.346427
2959.0000,17.569695,3.395389,16.497364,24.338979
2960.0000,10.469945,7.036465,14.143385,18.951699
2961.0000,-8.184503,2.973403,19.781177,21.613010
2962.0000,-4.997700,5.175254,22.688957,23.802290
2963.0000,2.579741,3.774441,17.576249,18.161112
2964.0000,-10.367286,7.898366,6.944024,14.767677
2965.0000,-6.209740,-8.148387,5.468033,11.612772
2966.0000,-10.152006,0.052488,19.345886,21.847867
2967.0000,-1.514287,6.290236,32.214361,32.857651
2968.0000,2.613003,21.855840,25.952899,34.030259
2969.0000,-9.409797,6.697706,30.048320,32.191692
2970.0000,-7.643621,17.699262,26.993436,33.171289
2971.0000,-7.646461,18.638867,19.623076,28.123671
2972.0000,-2.102979,14.813007,10.200072,18.107710
2973.0000,0.415691,9.574761,10.331944,14.092477
2974.0000,4.064213,14.873867,11.431010,19.194211
2975.0000,5.893363,8.081202,16.193137,19.033004
2976.0000,7.468909,7.177417,14.183166,17.563090
2977.0000,7.718127,-0.725915,16.791458,18.494581
2978.0000,21.368256,-6.441912,15.800442,27.345101
2979.0000,13.639107,7.354769,21.650556,26.624508
2980.0000,23.300755,3.279351,6.415097,24.389195
2981.0000,17.520880,6.174089,19.650429,27.041449
2982.0000,21.912630,3.167143,12.777148,25.562661
2983.0000,8.803598,3.775611,18.515009,20.846202
2984.0000,6.694151,2.364361,23.080163,24.147376
2985.0000,11.548555,15.077163,14.288574,23.766643
2986.0000,12.316849,-0.879479,15.416970,19.752499
2987.0000,3.870163,-7.472047,14.996620,17.196170
2988.0000,16.188464,-2.942155,14.450927,21.898674
2989.0000,5.864457,-8.672800,9.444017,14.099602
2990.0000,-0.584870,3.665578,0.152534,3.715077
2991.0000,4.870888,-16.170519,5.578991,17.785848
2992.0000,-6.175568,-13.389107,15.427301,21.340277
2993.0000,3.289696,-11.200460,7.985312,14.143465
2994.0000,-6.798692,-8.794899,-2.644861,11.426625
2995.0000,0.353678,-9.087179,2.285569,9.376872
2996.0000,-4.467713,-22.539431,6.231484,23.807935
2997.0000,-0.476290,-22.501910,21.221746,30.934209
2998.0000,-0.012360,-30.731897,25.258190,39.779716
2999.0000,-7.318962,-31.973673,25.149859,41.332776
3000.0000,-14.647830,-32.382704,11.688608,37.414196
3001.0000,-21.582385,-28.002831,26.506606,44.187759
3002.0000,-12.157398,-30.988271,31.745117,45.998127
3003.0000,2.331416,-35.882232,27.146236,45.054280
3004.0000,-1.005993,-45.005331,23.354908,50.714333
3005.0000,-11.552962,-40.857606,11.286300,43.933990
3006.0000,1.758999,-36.889525,30.447592,47.864256
3007.0000,-0.986743,-38.241052,21.604342,43.932895
3008.0000,2.389473,-34.912550,22.239133,41.462933
3009.0000,9.775976,-24.758291,17.752571,31.995257
3010.0000,7.374520,-26.094293,11.363804,29.401220
3011.0000,11.643433,-33.917937,18.182287,40.206860
3012.0000,11.359240,-31.575487,27.177598,43.181774
3013.0000,21.434668,-38.222304,27.795866,51.894120
3014.0000,22.264725,-31.545942,29.201021,48.410372
3015.0000,20.778125,-44.828828,23.261169,54.611687
3016.0000,15.707010,-34.069509,16.557667,41.007292
3017.0000,17.131831,-42.082835,13.982860,47.539299
3018.0000,8.581332,-24.137088,9.609375,27.360161
3019.0000,21.683463,-32.080141,1.340943,38.744111
3020.0000,17.842171,-38.553213,14.790870,44.982921
3021.0000,17.194430,-45.422796,11.020077,49.802820
3022.0000,24.931808,-51.402243,2.738744,57.195161
3023.0000,21.139045,-48.484748,5.724016,53.201451
3024.0000,22.138840,-49.183123,13.774386,55.667239
3025.0000,29.169587,-47.267458,-6.735502,55.950374
3026.0000,26.890365,-59.264280,-12.907605,66.347215
3027.0000,25.819198,-40.737461,-3.230642,48.338481
3028.0000,25.615744,-41.611419,-5.503418,49.172798
3029.0000,44.278449,-41.150687,-1.018086,60.456568
3030.0000,39.193749,-33.570394,3.337472,51.713248
3031.0000,45.680469,-25.926951,1.178097,52.538557
3032.0000,48.033636,-28.758518,7.501728,56.485029
3033.0000,41.638556,-33.685617,9.988442,54.481732
3034.0000,45.069904,-34.086829,-1.055787,56.518341
3035.0000,47.967599,-39.320727,4.524861,62.189102
3036.0000,41.211469,-27.701737,3.662320,49.791405
3037.0000,27.364252,-23.719727,7.690088,37.021145
3038.0000,40.857682,-18.909960,-1.338474,45.041407
3039.0000,50.420714,-24.855890,3.181202,56.304385
3040.0000,43.767506,-29.134641,5.639046,52.879303
3041.0000,39.068716,-24.470770,5.800011,46.463139
3042.0000,36.546210,-26.517166,-1.854233,45.190970
3043.0000,36.191353,-34.023797,-2.504750,49.736371
3044.0000,27.098379,-31.675994,-6.659640,42.214234
3045.0000,35.106074,-21.257128,-4.664326,41.304453
3046.0000,12.048728,-21.000634,-7.397675,25.316478
3047.0000,19.716089,-23.006853,-4.517015,30.634015
3048.0000,19.573598,-22.894343,-7.947860,31.151969
3049.0000,6.732658,-29.090368,-14.764576,33.310222
3050.0000,20.534229,-26.627195,-11.037294,35.390450
3051.0000,23.988763,-19.278922,-8.304981,31.876485
3052.0000,15.371351,-23.786588,-22.702472,36.297141
3053.0000,23.388413,-22.525736,-16.533049,36.438556
3054.0000,31.011232,-22.114950,-20.782422,43.389821
3055.0000,22.682669,-12.927781,-10.392088,28.100293
3056.0000,12.715459,-9.329878,-6.650542,17.116052
3057.0000,13.065701,-22.742376,-8.546588,27.585728
3058.0000,17.539976,-19.541511,-7.492619,27.306789
3059.0000,10.051239,-23.399949,-12.755514,28.483120
3060.0000,6.458618,-21.057431,-4.111999,22.406197
3061.0000,10.134759,-16.623699,-2.053514,19.577478
3062.0000,0.100093,-23.644305,-18.640695,30.108781
3063.0000,12.441563,-24.907591,-15.405563,31.819992
3064.0000,3.860863,-16.152670,-7.743569,18.324243
3065.0000,4.758798,-13.182089,-10.246111,17.360772
3066.0000,5.933527,-13.504504,2.966518,15.045883
3067.0000,10.691005,-17.522181,9.873160,22.777263
3068.0000,7.985793,-15.727124,2.773891,17.855245
3069.0000,9.264189,-16.157011,23.545644,30.021185
3070.0000,1.433664,-21.553206,16.109955,26.946739
3071.0000,-0.075147,-2.672996,19.653377,19.834459
3072.0000,-0.460981,-11.223757,12.198050,16.582450
3073.0000,-4.800279,-11.314416,9.291012,15.407193
3074.0000,10.143055,5.486521,10.316907,15.473269
3075.0000,0.857635,8.243641,14.709283,16.883607
3076.0000,6.807750,-2.006422,14.004249,15.700005
3077.0000,-0.595809,-11.933311,8.022681,14.391745
3078.0000,-1.099006,-1.060655,17.948136,18.013006
3079.0000,5.354875,2.189163,28.396348,28.979642
3080.0000,4.272081,-9.089798,21.827258,24.027158
3081.0000,4.465941,-12.308809,19.442250,23.440403
3082.0000,7.305399,-15.202237,23.532368,28.952534
3083.0000,7.318823,-19.569397,27.894326,34.851397
3084.0000,2.701658,-15.559875,27.914506,32.072236
3085.0000,-6.466475,-7.609008,27.694007,29.439265
3086.0000,-1.256649,-6.425299,13.496777,15.000888
3087.0000,0.773567,-6.543798,24.520270,25.390221
3088.0000,8.643686,-1.773817,25.916603,27.377546
3089.0000,7.735864,-6.932786,21.294644,23.693226
3090.0000,16.955715,1.738014,26.486870,31.497163
3091.0000,10.964609,10.842158,21.263134,26.265869
3092.0000,1.624814,16.837314,27.693743,32.451172
3093.0000,9.397269,20.489309,25.076257,33.718527
3094.0000,0.599196,9.835153,31.288108,32.802972
3095.0000,9.949290,3.560741,30.835921,32.596338
3096.0000,11.674548,-5.957124,27.791351,30.726887
3097.0000,7.822444,-9.743617,30.098997,32.589543
3098.0000,11.818616,-25.302408,20.417256,34.594160
3099.0000,13.559111,-31.556322,23.362154,41.538430
3100.0000,7.520062,-29.066687,24.087518,38.491975
3101.0000,2.166047,-28.889083,17.219304,33.701266
3102.0000,11.836458,-18.111896,10.477907,24.040155
3103.0000,5.127565,-13.077575,17.661160,22.566157
3104.0000,9.350114,-2.613182,20.000415,22.232182
3105.0000,0.075338,-6.433829,13.708914,15.143783
3106.0000,-2.516533,-9.106919,24.931265,26.661524
3107.0000,4.361335,-15.343341,24.301163,29.068640
3108.0000,2.585430,-18.778629,15.144528,24.262689
3109.0000,10.074012,-9.157477,24.363846,27.909534
3110.0000,12.961151,-9.132613,20.812382,26.163932
3111.0000,9.715984,-4.570340,15.992104,19.262288
3112.0000,-1.389233,-13.881726,14.851823,20.376676
3113.0000,14.043310,-10.875328,21.901726,28.198811
3114.0000,11.774056,-1.342727,11.776479,16.706788
3115.0000,7.002891,-4.425649,8.271214,11.706401
3116.0000,5.222025,-14.924159,19.377459,25.009718
3117.0000,2.926908,-3.249989,6.022101,7.442776
3118.0000,9.756779,-4.203867,8.794204,13.791492
3119.0000,7.289215,-10.235238,-0.638656,12.581758
3120.0000,-0.427192,-10.658737,13.827410,17.463918
3121.0000,5.515597,-8.435680,8.664001,13.290878
3122.0000,1.150521,-14.538024,11.222548,18.401724
3123.0000,-7.898521,-21.455884,28.605323,36.619751
3124.0000,-6.093316,-16.848610,27.241539,32.605300
3125.0000,-5.184214,-12.173572,20.835524,24.681795
3126.0000,-15.947005,-13.750650,31.026354,37.496960
3127.0000,-3.639308,-19.556917,33.613309,39.058573
3128.0000,-2.306681,-19.042996,28.759470,34.569691
3129.0000,-11.453004,-16.803348,31.712068,37.671993
3130.0000,-8.954023,-22.691877,22.360590,33.092171
3131.0000,-12.946736,-13.797437,25.658194,31.879933
3132.0000,-15.948466,-21.653974,22.820406,35.270655
3133.0000,-8.082134,-24.732373,16.207476,30.654419
3134.0000,-20.603103,-17.258788,27.097325,38.165674
3135.0000,-7.344477,-30.440138,16.158250,35.236804
3136.0000,-1.798822,-20.701428,9.410557,22.811038
3137.0000,-17.834746,-17.977173,19.600987,32.022736
3138.0000,-26.492197,-32.177029,30.814046,51.833418
3139.0000,-18.278055,-20.832031,28.312007,39.618563
3140.0000,-16.744317,-17.221541,30.496510,38.819979
3141.0000,-29.112717,-17.322199,21.290622,40.011242
3142.0000,-28.861922,-17.200361,29.018903,44.395492
3143.0000,-19.557947,-20.055570,14.538976,31.561384
3144.0000,-6.045538,-21.195126,14.176265,26.205884
3145.0000,-9.971937,-5.258753,12.120546,16.552995
3146.0000,-12.441000,-24.535393,9.723444,29.177206
3147.0000,-9.602874,-8.240434,14.118938,18.959545
3148.0000,-11.597203,-10.199181,5.652623,16.445989
3149.0000,-4.140860,-17.521733,13.903372,22.747782
3150.0000,3.925928,-12.887070,17.100499,21.769625
3151.0000,-6.346126,-5.842423,21.027640,22.728152
3152.0000,-9.209364,-3.194238,23.189814,25.155179
3153.0000,-11.615637,1.349972,15.511088,19.425223
3154.0000,-12.441395,-6.215993,8.035727,16.062372
3155.0000,-4.903843,0.262541,14.789157,15.583188
3156.0000,-9.886328,13.400943,14.896766,22.343643
3157.0000,-12.560809,6.482307,11.346029,18.125303
3158.0000,-13.100748,9.654826,25.044219,29.867343
3159.0000,-16.791640,-4.938966,25.866507,31.231855
3160.0000,-28.571493,-1.871643,27.417543,39.642842
3161.0000,-19.041810,1.700725,10.174885,21.656668
3162.0000,-13.688421,-6.935438,9.031120,17.805456
3163.0000,-13.650028,-11.519821,17.893148,25.282291
3164.0000,-23.492467,-5.708503,20.076179,31.425085
3165.0000,-13.041703,-16.210768,10.568296,23.335893
3166.0000,-19.759351,-18.926569,19.358294,33.517018
3167.0000,-6.874051,-2.450526,16.801437,18.317914
3168.0000,1.639690,-7.559349,11.225295,13.632299
3169.0000,-4.389014,-5.026094,8.296948,10.647272
3170.0000,11.618735,-5.856998,16.999454,21.407495
3171.0000,-1.803710,-1.273261,15.314350,15.472682
3172.0000,-4.105262,-6.096364,19.884582,21.199421
3173.0000,-7.140111,-7.543409,15.465223,18.629474
3174.0000,-6.050859,3.271825,22.431793,23.462801
3175.0000,-11.014363,-2.635881,20.026722,23.007253
3176.0000,-10.745120,3.678822,9.976618,15.117018
3177.0000,-13.166216,-4.184599,16.524983,21.539155
3178.0000,1.486329,-6.266671,3.621136,7.388705
3179.0000,-10.682841,4.870267,4.367392,12.526639
3180.0000,0.443861,-24.335823,11.029244,26.722154
3181.0000,-8.769228,-16.800847,12.488827,22.696665
3182.0000,4.168532,-20.655194,15.827379,26.353740
3183.0000,-13.846328,-24.105325,23.475410,36.385194
3184.0000,-7.270873,-32.257733,20.232333,38.765632
3185.0000,-3.260159,-31.950213,12.263809,34.377984
3186.0000,1.030726,-27.947349,20.898370,34.912155
3187.0000,12.033257,-15.314386,26.540792,32.920257
3188.0000,2.028733,-21.951685,26.580585,34.532879
3189.0000,4.649896,-25.343650,28.015722,38.063142
3190.0000,4.714355,-11.060440,23.671341,26.549781
3191.0000,0.615545,-5.103422,37.007494,37.362794
3192.0000,-4.251607,-0.303243,37.434936,37.676817
3193.0000,0.113554,-4.055017,30.186070,30.457427
3194.0000,0.405284,-12.079418,17.039930,20.891046
3195.0000,7.841869,-11.479478,18.869120,23.437513
3196.0000,-0.016990,-17.461985,16.071162,23.731908
3197.0000,-1.123338,-12.914275,13.748495,18.896071
3198.0000,17.626663,-2.571990,11.299500,21.094859
3199.0000,11.424320,2.635675,14.227521,18.435950
3200.0000,7.666556,8.261167,8.573359,14.160701
3201.0000,1.190154,-10.903185,20.379025,23.143046
3202.0000,-16.950800,8.632731,12.358200,22.684329
3203.0000,4.097330,9.545935,12.657618,16.374623
3204.0000,0.000175,8.801324,20.638369,22.436702
3205.0000,2.690146,17.305677,9.931405,20.133459
3206.0000,3.912494,10.698747,17.545804,20.919513
3207.0000,-0.811318,8.016644,20.736327,22.246799
3208.0000,-0.578026,4.019271,18.053621,18.504645
3209.0000,10.764815,13.879764,16.478482,24.084631
3210.0000,7.874972,17.129708,23.943919,30.475455
3211.0000,16.021806,17.310266,13.153596,27.006678
3212.0000,12.312593,22.097062,11.919468,27.963438
3213.0000,11.468280,15.545488,16.882778,25.655639
3214.0000,12.888400,10.801167,4.658910,17.449398
3215.0000,12.613064,19.525504,11.492725,25.931013
3216.0000,12.432835,19.664859,10.616274,25.573176
3217.0000,-2.493671,10.765972,13.715047,17.613264
3218.0000,-0.992684,5.573746,20.206610,20.984736
3219.0000,14.857031,7.797882,10.715266,19.908673
3220.0000,6.538727,9.575467,7.520716,13.820481
3221.0000,13.433091,18.046855,7.829235,23.820870
3222.0000,0.676918,13.343190,-1.729392,13.471813
3223.0000,-13.852336,9.287360,6.992193,18.084054
3224.0000,-8.466462,23.210140,-2.595449,24.842060
3225.0000,-14.172762,19.882252,-13.271097,27.790162
3226.0000,-10.794478,32.037539,-14.844345,36.922611
3227.0000,6.628417,27.220358,-26.010744,38.228819
3228.0000,6.847507,18.930300,-34.420036,39.874597
3229.0000,4.616381,26.275954,-26.725839,37.762511
3230.0000,2.402747,25.709609,-16.657921,30.728546
3231.0000,-2.379619,26.761503,-31.775652,41.611690
3232.0000,2.882030,20.060160,-43.699933,48.170533
3233.0000,7.017875,4.695605,-35.113916,36.114905
3234.0000,2.277909,7.468201,-30.900411,31.871590
3235.0000,0.884581,2.185646,-31.267603,31.356380
3236.0000,-2.136441,-3.049393,-43.042263,43.203005
3237.0000,-5.345956,8.923844,-36.333285,37.793145
3238.0000,-8.136863,10.158851,-44.327150,46.198561
3239.0000,-8.859464,5.090314,-40.745445,42.007055
3240.0000,-1.316807,-4.877208,-37.770953,38.107297
3241.0000,-12.849184,-10.675424,-33.743589,37.652304
3242.0000,-8.771165,-10.558400,-31.237195,34.120016
3243.0000,-12.293005,1.131888,-43.673876,45.385092
3244.0000,4.246392,-6.057672,-46.541604,47.125875
3245.0000,-9.258927,7.513033,-34.761737,36.749853
3246.0000,-0.691707,-0.109479,-39.474185,39.480396
3247.0000,-0.489945,-19.594714,-32.087547,37.600579
3248.0000,-0.227776,-11.427829,-24.203991,26.767151
3249.0000,0.555771,-10.348719,-21.260964,23.652346
3250.0000,-1.836191,-12.973107,-19.886916,23.815175
3251.0000,7.429302,-20.206475,-14.673967,26.054202
3252.0000,-7.321317,-17.397379,-19.658045,27.252692
3253.0000,-7.051993,-24.765962,-18.166211,31.513405
3254.0000,-4.671358,-28.283242,-32.980248,43.697370
3255.0000,-6.230145,-26.290951,-21.261674,34.381500
3256.0000,-7.194644,-21.074470,-29.724209,37.140609
3257.0000,4.708173,-24.871909,-33.607340,42.074126
3258.0000,8.087201,-11.803615,-29.112905,32.439010
3259.0000,3.909043,-14.442576,-27.812400,31.581612
3260.0000,4.104882,-11.521699,-20.779962,24.112370
3261.0000,5.975811,-7.549290,-24.927898,26.722691
3262.0000,-0.472643,-9.509057,-14.702045,17.515584
3263.0000,0.138915,-11.715199,-29.773820,31.996024
3264.0000,0.709734,0.295817,-28.378399,28.388814
3265.0000,13.726919,-16.373398,-33.361185,39.616728
3266.0000,11.044638,-5.780586,-37.946409,39.941572
3267.0000,14.587269,-14.263851,-44.937207,49.351782
3268.0000,13.867022,-19.180951,-48.147933,53.650970
3269.0000,13.829575,-10.333607,-39.533881,43.138942
3270.0000,17.203276,-19.333366,-37.748689,45.767841
3271.0000,10.278186,-10.447447,-39.316472,41.959209
3272.0000,9.301842,-11.439262,-33.973220,37.034587
3273.0000,15.945593,-14.483224,-36.941298,42.763129
3274.0000,7.723164,-16.856157,-17.115149,25.233026
3275.0000,14.678536,-7.727037,-19.099869,25.297658
3276.0000,13.561234,-10.289227,-24.371358,29.727737
3277.0000,10.405884,1.995473,-14.301784,17.799026
3278.0000,15.820841,-6.014449,-18.030306,24.729831
3279.0000,14.679840,-1.476386,-20.253218,25.057339
3280.0000,19.363089,-16.071171,-15.357052,29.479667
3281.0000,8.424634,-3.723962,-19.033174,21.144836
3282.0000,8.507232,-0.710167,-9.565657,12.821042
3283.0000,4.117317,-2.352706,-20.908622,21.439636
3284.0000,1.094131,2.732897,-21.857976,22.055316
3285.0000,1.907258,-0.147616,-18.677035,18.774745
3286.0000,-7.906835,-6.487039,-19.215131,21.767429
3287.0000,3.432443,-4.900332,-14.095910,15.313053
3288.0000,7.807377,-3.655138,-18.467114,20.380125
3289.0000,4.670527,-5.140042,-8.362473,10.870364
3290.0000,6.748614,0.512627,-12.896560,14.564609
3291.0000,4.619132,-0.854870,-13.782486,14.561048
3292.0000,13.659399,-0.497620,-10.691548,17.353271
3293.0000,-3.872274,14.648270,0.882100,15.177101
3294.0000,-2.515778,4.960122,-12.448184,13.634121
3295.0000,6.394172,2.754075,-5.140765,8.654353
3296.0000,-4.398089,5.372349,-7.347013,10.108606
3297.0000,5.505145,4.405922,-0.378589,7.061310
3298.0000,-4.852443,-15.799636,-2.498490,16.715775
3299.0000,7.773362,-8.709023,-3.895708,12.306452
3300.0000,9.266421,-24.055250,-7.718217,26.908966
3301.0000,11.871087,-15.601623,-17.640463,26.372700
3302.0000,5.403666,-16.413393,-19.828403,26.301419
3303.0000,3.788368,-16.523293,-29.213259,33.775515
3304.0000,3.174465,-12.469242,-14.239254,19.191550
3305.0000,0.626287,-6.543388,-14.440343,15.866054
3306.0000,-1.644490,7.091227,-10.220757,12.548056
3307.0000,8.080966,11.573775,-23.802001,27.672902
3308.0000,-14.774671,5.227412,-17.870929,23.769452
3309.0000,-2.505517,11.211480,-14.557066,18.544084
3310.0000,-9.610412,6.372940,-14.664875,18.655641
3311.0000,-15.185691,7.107560,-11.962429,20.596659
3312.0000,-6.415783,1.260080,-17.455193,18.639578
3313.0000,-6.122973,-8.620827,-17.297723,20.273645
3314.0000,-10.564954,3.785861,-15.671629,19.275658
3315.0000,-10.095385,3.129973,-10.487427,14.889582
3316.0000,-3.760312,-6.588627,-3.897306,8.528713
3317.0000,-7.524271,-2.972124,-0.198191,8.092432
3318.0000,-17.017313,-3.037235,7.709542,18.927513
3319.0000,-9.018105,2.565413,-1.694274,9.527756
3320.0000,-6.515654,4.293530,8.159676,11.290193
3321.0000,-10.958939,0.198166,8.829571,14.074762
3322.0000,-6.975753,-7.211412,7.046408,12.260401
3323.0000,-20.021898,7.611377,10.250121,23.746041
3324.0000,-11.587980,-0.011263,14.995019,18.950778
3325.0000,-3.292373,8.821060,12.944006,16.006190
3326.0000,-2.856820,7.862248,13.679148,16.034197
3327.0000,-3.871966,15.114293,16.396389,22.633505
3328.0000,1.846785,14.249862,14.130426,20.152869
3329.0000,-3.507117,26.467787,11.950734,29.251730
3330.0000,-5.825024,14.719759,14.069681,21.179191
3331.0000,3.077164,21.557525,-4.317802,22.199983
3332.0000,-3.112794,15.538423,8.027041,17.764162
3333.0000,-9.344864,22.470517,17.454051,29.948197
3334.0000,-12.369524,18.712186,4.042284,22.792347
3335.0000,-10.254186,13.046871,16.059703,23.092926
3336.0000,-11.376115,26.871857,11.466536,31.352737
3337.0000,-9.572803,28.545154,16.301948,34.237668
3338.0000,-6.247035,21.911167,18.578993,29.399042
3339.0000,-12.573133,13.776511,18.514512,26.280470
3340.0000,-10.103341,27.170181,20.222009,35.344389
3341.0000,-7.643042,16.789118,25.395162,31.387973
3342.0000,-21.666835,23.598995,23.209306,39.560538
3343.0000,-16.398636,27.823809,24.855583,40.753891
3344.0000,-13.593861,25.246706,12.783209,31.394262
3345.0000,-7.212337,22.166171,26.814549,35.529945
3346.0000,-13.990043,21.362474,33.844944,42.397605
3347.0000,-17.902564,30.545718,13.696521,37.962315
3348.0000,-13.261881,28.089950,13.199537,33.751304
3349.0000,-17.302384,32.037474,11.527677,38.192401
3350.0000,-20.081363,22.445914,8.409501,31.269792
3351.0000,-15.122138,27.496032,-2.269546,31.462067
3352.0000,-26.384177,31.692286,5.498698,41.602422
3353.0000,-15.522883,37.409743,16.675324,43.800858
3354.0000,-20.569683,45.141689,14.767504,51.758701
3355.0000,-10.510208,32.454252,16.417153,37.858498
3356.0000,-22.667940,34.344988,18.330118,45.048940
3357.0000,-16.195350,39.199726,21.137727,47.388937
3358.0000,-27.534416,31.637891,26.180734,49.442199
3359.0000,-13.894405,24.377613,19.698846,34.283626
3360.0000,-16.256840,26.407790,27.321013,41.329094
3361.0000,-15.497233,32.628365,14.885320,39.068493
3362.0000,-12.471580,36.271306,11.642650,40.083653
3363.0000,-24.235293,21.600814,9.706211,33.884437
3364.0000,-17.224437,17.593823,11.452906,27.154980
3365.0000,-17.669498,10.414210,15.594276,25.765255
3366.0000,-18.183279,0.847865,22.504150,28.944555
3367.0000,-17.943750,3.400045,6.300857,19.319402
3368.0000,-4.410218,19.332716,7.162228,21.083203
3369.0000,-5.668794,24.955012,-0.609492,25.598034
3370.0000,4.108518,36.469153,6.429702,37.258826
3371.0000,4.880849,27.414830,13.731034,31.047333
3372.0000,6.868397,22.586401,20.014311,30.949847
3373.0000,10.714430,13.205389,15.978563,23.334433
3374.0000,12.689565,15.022678,18.880194,27.261102
3375.0000,22.587085,19.781051,9.781777,31.577675
3376.0000,6.618071,21.538042,9.851271,24.591333
3377.0000,14.227133,21.514744,3.338483,26.008479
3378.0000,12.729549,20.344301,21.432400,32.175764
3379.0000,14.125410,10.877007,10.546853,20.714067
3380.0000,8.278401,10.048147,6.939695,14.753187
3381.0000,3.374077,13.377628,24.854511,28.426960
3382.0000,14.779797,9.467440,27.293678,32.450264
3383.0000,4.510500,4.269528,28.286422,28.960233
3384.0000,5.834007,0.436315,25.279804,25.947919
3385.0000,13.795472,7.780737,22.412266,27.443844
3386.0000,-7.444709,6.496488,27.526679,29.246301
3387.0000,-9.600188,6.594932,25.997707,28.487498
3388.0000,-15.803029,2.276248,26.126404,30.618720
3389.0000,-9.330926,-2.216110,24.507428,26.317130
3390.0000,-8.093729,10.039758,17.153714,21.460547
3391.0000,-1.665769,6.109098,10.580676,12.330716
3392.0000,-3.985391,16.766896,25.915398,31.122660
3393.0000,3.312352,6.233303,24.211911,25.219881
3394.0000,-4.697446,2.578281,17.823806,18.611867
3395.0000,-7.460680,9.821881,21.621761,24.892401
3396.0000,-3.191033,12.224716,17.177625,21.323629
3397.0000,19.726323,11.511487,14.209995,26.899184
3398.0000,6.175496,6.966545,6.344142,11.265773
3399.0000,14.504664,15.185568,14.794939,25.688071
3400.0000,24.634792,16.664605,19.938784,35.806943
3401.0000,14.890893,17.835447,18.528990,29.718097
3402.0000,7.033712,16.561634,11.797036,21.515828
3403.0000,9.338417,18.004112,11.646427,23.387889
3404.0000,14.041120,22.508744,10.788366,28.638880
3405.0000,10.803003,24.836905,9.408243,28.672143
3406.0000,12.823967,21.835973,11.608234,27.857045
3407.0000,19.431366,19.759929,22.252086,35.541358
3408.0000,12.064956,28.028732,21.415465,37.279956
3409.0000,8.924073,20.619442,31.874294,38.997065
3410.0000,14.502939,12.759903,17.106603,25.802833
3411.0000,4.110404,11.702126,20.162740,23.672162
3412.0000,9.546689,17.476514,13.813359,24.235856
3413.0000,-5.719558,10.909460,21.069730,24.406212
3414.0000,-4.304534,9.454077,14.704686,18.003788
3415.0000,7.829513,18.708218,12.505712,23.826278
3416.0000,-3.307349,7.656337,18.697224,20.473012
3417.0000,9.468137,8.219364,23.212028,26.381846
3418.0000,11.040121,9.320290,22.631007,26.849852
3419.0000,16.371326,5.557002,18.582270,25.381122
3420.0000,11.194444,10.698393,17.972221,23.722814
3421.0000,15.219278,3.227422,14.065876,20.973592
3422.0000,3.924396,3.149886,10.952687,12.053382
3423.0000,20.659304,7.642334,19.458437,29.391204
3424.0000,25.380653,7.449641,10.715822,28.539508
3425.0000,13.229072,3.841439,23.219448,26.998292
3426.0000,12.860715,1.914888,24.479919,27.718788
3427.0000,25.813588,-7.152463,22.555347,35.017749
3428.0000,18.003129,-1.447894,10.533089,20.908253
3429.0000,22.314179,0.646898,13.997197,26.348863
3430.0000,5.473013,-7.333552,16.296344,18.689721
3431.0000,-1.002792,-8.518082,17.838382,19.793210
3432.0000,-3.204133,-20.093766,4.006118,20.738247
3433.0000,5.149570,-22.941821,14.115910,27.424517
3434.0000,15.838166,-9.442135,17.161071,25.189359
3435.0000,11.471893,-12.347264,13.995622,21.907458
3436.0000,16.639495,10.351940,3.034942,19.830439
3437.0000,9.933743,-2.773922,6.031017,11.947681
3438.0000,8.404905,-19.062701,9.144377,22.751893
3439.0000,16.597896,-9.533956,3.094254,19.389710
3440.0000,13.932816,-6.378691,6.456099,16.628056
3441.0000,18.961377,-17.342413,8.978452,27.219583
3442.0000,20.476926,-3.702017,1.974823,20.902377
3443.0000,25.545476,-5.517300,7.678639,27.239189
3444.0000,23.973797,2.296847,0.788948,24.096491
3445.0000,28.685632,-12.885538,-13.601530,34.262285
3446.0000,29.695324,-10.105698,-20.590903,37.522295
3447.0000,28.249471,-5.848219,-17.394165,33.686663
3448.0000,26.354368,-8.394470,-7.432572,28.640234
3449.0000,22.094834,-0.678712,0.005416,22.105257
3450.0000,21.304964,0.984194,8.694052,23.031645
3451.0000,18.627530,-3.227234,17.898222,26.033560
3452.0000,28.195090,6.355224,9.965732,30.572337
3453.0000,25.263163,6.796957,2.343817,26.266318
3454.0000,35.152801,8.695403,2.328220,36.287051
3455.0000,34.413219,8.849482,-8.239636,36.475671
3456.0000,38.350026,15.287196,-5.018116,41.588512
3457.0000,41.643866,1.648400,-4.209419,41.888519
3458.0000,37.001905,-6.497623,-1.760980,37.609322
3459.0000,27.642199,-0.098584,-2.031037,27.716890
3460.0000,33.707311,14.400497,-3.292293,36.802124
3461.0000,18.084913,12.169241,0.323578,21.800441
3462.0000,22.932801,-3.460192,7.065413,24.244718
3463.0000,33.754377,5.313358,-5.164801,34.558138
3464.0000,25.015775,6.489791,-7.821919,27.001645
3465.0000,18.717665,-4.026141,-15.662382,24.736027
3466.0000,17.670160,5.634307,-11.301492,21.718741
3467.0000,17.967707,-1.456280,-4.848979,18.667400
3468.0000,18.810397,3.498481,-4.043214,19.555510
3469.0000,28.138715,1.023873,-6.770792,28.959959
3470.0000,28.370466,-0.064049,-16.492901,32.816203
3471.0000,25.712081,5.237898,-10.416037,28.231906
3472.0000,21.005085,1.681236,-14.620800,25.647767
3473.0000,22.677843,10.676585,-9.662621,26.863363
3474.0000,15.641233,7.988603,-25.284521,30.785922
3475.0000,23.886878,18.764998,-2.314866,30.464187
3476.0000,28.787427,5.673124,-11.429932,31.488786
3477.0000,9.386332,10.257321,-9.864432,17.047665
3478.0000,3.377435,10.573556,-21.306586,24.024524
3479.0000,7.762701,14.396848,-10.397765,19.381493
3480.0000,12.441671,0.239212,-14.978265,19.473079
3481.0000,9.749211,9.968459,-26.386708,29.844189
3482.0000,11.947968,2.489686,-21.079508,24.357712
3483.0000,11.701583,-3.329663,-23.860627,26.783264
3484.0000,5.059122,6.010643,-29.379009,30.411325
3485.0000,8.988784,12.979310,-29.473360,33.435605
3486.0000,17.102445,8.834561,-26.222478,32.529393
3487.0000,10.115122,11.430680,-22.184197,26.927954
3488.0000,10.625517,10.608238,-9.400796,17.714720
3489.0000,4.773024,10.921153,-21.355791,24.456557
3490.0000,5.918994,-6.684445,-10.316435,13.643501
3491.0000,4.542201,2.815335,-1.214585,5.480229
3492.0000,6.546302,2.771278,-18.543441,19.859337
3493.0000,3.538590,0.345870,-4.587568,5.804052
3494.0000,-4.062864,-2.781099,-4.948164,6.980380
3495.0000,-6.559984,-4.794545,-9.122671,12.216554
3496.0000,-6.514964,4.116051,-7.962592,11.081043
3497.0000,-3.166736,-4.526673,-0.225593,5.529003
3498.0000,10.735492,10.892250,-2.727616,15.534857
3499.0000,2.247576,-0.748188,-7.558297,7.920810
3500.0000,3.012830,1.487819,7.262696,8.002344
3501.0000,13.210104,-1.688368,8.547497,15.824573
3502.0000,6.726624,2.036849,6.770263,9.758724
3503.0000,13.263854,-2.853969,3.754715,14.077388
3504.0000,7.866218,-4.853376,12.054813,15.190496
3505.0000,3.355939,2.606131,17.758567,18.259818
3506.0000,-0.733490,-3.821826,12.466196,13.059495
3507.0000,6.623925,-13.770043,6.662443,16.669692
3508.0000,12.086962,-15.759543,4.147932,20.289485
3509.0000,7.227241,-22.496959,-1.877918,23.703855
3510.0000,13.174253,-10.610050,2.460077,17.093451
3511.0000,-3.067917,-21.642515,2.067585,21.956445
3512.0000,-9.115443,-8.999834,3.097214,13.178810
3513.0000,-5.284915,0.871675,1.207126,5.490655
3514.0000,0.478676,-7.723043,-3.856740,8.645748
3515.0000,-13.476272,-9.605736,-4.352920,17.112217
3516.0000,-3.323925,-15.738295,-0.587085,16.096182
3517.0000,13.300065,-24.204430,-4.746645,28.022791
3518.0000,1.278611,-23.473211,-7.454251,24.661556
3519.0000,0.277603,-21.424178,-6.057382,22.265766
3520.0000,3.439549,-19.239860,-11.549021,22.702040
3521.0000,11.457807,-19.193309,-9.846605,24.425808
3522.0000,15.159320,-19.353539,-2.837174,24.747000
3523.0000,8.055711,-17.545489,-7.844619,20.839306
3524.0000,17.087269,-32.148855,-6.023103,36.902593
3525.0000,13.774153,-27.043574,-3.059266,30.503136
3526.0000,24.503742,-26.198028,9.832242,37.194663
3527.0000,23.088176,-29.740056,-0.773406,37.658107
3528.0000,2.472069,-10.179327,-4.292121,11.320430
3529.0000,25.673302,-22.391784,3.314831,34.227161
3530.0000,10.797904,-20.650967,2.755529,23.465935
3531.0000,14.323701,-16.140265,-0.531180,21.586076
3532.0000,8.770700,-23.874044,2.613236,25.568030
3533.0000,18.250421,-24.346066,7.613828,31.365254
3534.0000,13.080375,-25.355466,4.589115,28.897332
3535.0000,18.975633,-41.303223,1.515509,45.478871
3536.0000,18.595747,-37.566799,6.486215,42.416237
3537.0000,17.241361,-40.466608,1.448879,44.010342
3538.0000,24.346648,-30.301876,3.722193,39.048914
3539.0000,26.355365,-38.948400,4.091615,47.205131
3540.0000,29.565195,-27.374491,-3.279490,40.425469
3541.0000,23.680731,-38.051765,2.884941,44.911432
3542.0000,13.855166,-29.631509,-5.933992,33.244612
3543.0000,15.105434,-34.555566,-15.535498,40.787412
3544.0000,14.293861,-40.048161,-20.564742,47.234292
3545.0000,4.378609,-38.189212,-25.533205,46.146860
3546.0000,10.258309,-36.894807,-24.226716,45.314385
3547.0000,-0.881244,-24.329967,-22.564053,33.194283
3548.0000,15.050281,-28.533122,-10.652442,33.972408
3549.0000,20.087962,-28.171361,-6.244728,35.158902
3550.0000,3.165727,-24.666572,-15.673756,29.396058
3551.0000,11.205461,-18.723438,-13.319981,25.564651
3552.0000,10.309911,-15.694269,-18.172317,26.131159
3553.0000,2.842670,-16.757181,-12.737101,21.239530
3554.0000,3.894433,-12.818458,-17.247725,21.839494
3555.0000,15.150277,-14.132930,-13.172374,24.551620
3556.0000,19.416768,-13.501220,-26.703764,35.670504
3557.0000,28.543224,-22.931392,-18.114511,40.849723
3558.0000,17.498256,-19.028742,-17.605905,31.276986
3559.0000,27.219318,-11.236386,-11.796564,31.722335
3560.0000,29.521059,-22.785058,-15.280697,40.300763
3561.0000,23.840605,-6.240147,-20.622913,32.134381
3562.0000,29.164487,-4.382735,-15.010354,33.092090
3563.0000,17.782242,-22.603885,-10.671718,30.676201
3564.0000,17.867671,-1.496542,-10.942929,21.005737
3565.0000,11.652277,-3.723033,-22.066987,25.230705
3566.0000,19.049879,-6.207547,-10.926717,22.821583
3567.0000,4.980389,-7.448032,-1.791691,9.137156
3568.0000,10.388100,-25.625979,-3.084715,27.822992
3569.0000,12.317910,-9.086404,7.766378,17.164215
3570.0000,2.631100,-13.833976,-0.047043,14.082038
3571.0000,-3.614504,-7.341101,13.089851,15.436988
3572.0000,-18.587718,-6.438570,3.503276,19.980776
3573.0000,0.118416,-6.265494,1.894756,6.546796
3574.0000,-2.811256,-4.409104,-2.430448,5.766319
3575.0000,15.662387,-9.035401,-9.159871,20.269486
3576.0000,15.019608,-11.460840,-18.110666,26.171276
3577.0000,12.146994,-14.886574,-19.991164,27.727355
3578.0000,-0.854631,-17.926521,-29.174789,34.252866
3579.0000,3.845900,-14.238843,-19.462816,24.420008
3580.0000,-3.565350,-11.846310,-8.873147,15.224307
3581.0000,8.903099,-16.732775,-0.859905,18.973412
3582.0000,11.032957,-15.239465,-5.455940,19.589148
3583.0000,13.283628,-18.025699,-4.119249,22.767275
3584.0000,7.360778,-6.344220,-12.951511,16.191721
3585.0000,16.726644,-7.325733,1.489112,18.321147
3586.0000,23.689502,-14.269544,-4.619163,28.038350
3587.0000,19.794432,-12.616911,-4.619262,23.923703
3588.0000,23.376468,-21.740062,5.329433,32.364987
3589.0000,12.767921,-22.931511,-2.537114,26.368749
3590.0000,13.448390,-25.659358,-1.195562,28.994675
3591.0000,22.850581,-4.358115,-9.903703,25.282910
3592.0000,20.737160,5.669904,-11.849015,24.547439
3593.0000,21.237732,8.523658,-3.713635,23.183724
3594.0000,29.692682,-0.055609,-1.326373,29.722344
3595.0000,18.821581,8.944014,5.424824,21.533138
3596.0000,14.535340,5.023733,-4.629439,16.060688
3597.0000,14.775115,17.523892,-7.135091,24.006256
3598.0000,13.067424,7.767540,-1.392172,15.265333
3599.0000,24.118850,0.815211,-2.331361,24.244973
3600.0000,21.143461,4.491362,2.679301,21.780655
3601.0000,23.326174,16.031009,10.689211,30.254964
3602.0000,25.981430,4.740026,2.958189,26.575429
3603.0000,19.358965,-7.304229,5.871502,21.508041
3604.0000,12.624011,-4.742539,6.121306,14.809717
3605.0000,10.427586,-1.374848,15.753971,18.942343
3606.0000,19.881310,4.576000,14.993276,25.318069
3607.0000,26.741126,-1.619740,24.661635,36.413014
3608.0000,29.977423,3.246385,22.888409,37.855834
3609.0000,23.689100,6.276625,16.597776,29.598237
3610.0000,21.933564,11.330003,27.726713,37.124397
3611.0000,24.703729,15.255479,31.750030,43.024042
3612.0000,19.007103,18.611168,31.070767,40.902788
3613.0000,10.813091,19.811391,30.961235,38.314648
3614.0000,22.501258,15.073108,19.698987,33.489630
3615.0000,16.692105,24.725193,28.842558,41.495237
3616.0000,13.092613,31.948446,27.059614,43.867327
3617.0000,21.315853,39.560239,23.167718,50.558098
3618.0000,19.430959,33.978064,30.199715,49.437777
3619.0000,27.951448,29.546116,24.669126,47.569131
3620.0000,26.108789,37.359303,33.987971,56.855681
3621.0000,31.179782,33.375685,23.179335,51.219105
3622.0000,20.663559,23.258141,24.055042,39.326439
3623.0000,21.789398,36.345261,12.219153,44.102875
3624.0000,20.078480,14.081229,24.270072,34.503083
3625.0000,23.335041,30.267684,8.491845,39.150585
3626.0000,17.297502,37.093290,13.791695,43.189426
3627.0000,25.505246,25.350769,8.838725,37.031097
3628.0000,28.452088,35.609837,1.791658,45.615697
3629.0000,21.446693,30.486097,10.951608,38.849716
3630.0000,27.180208,27.202086,13.568721,40.777781
3631.0000,25.957249,39.090166,2.927388,47.014779
3632.0000,26.306067,37.628729,0.587590,45.915963
3633.0000,31.261079,40.080766,2.017236,50.870346
3634.0000,38.287515,13.863588,-3.640526,40.882592
3635.0000,37.759930,27.807641,-0.089332,46.894405
3636.0000,31.229562,36.215507,9.262480,48.709774
3637.0000,31.920931,40.969745,-1.813009,51.968768
3638.0000,23.613601,41.149006,1.752834,47.475418
3639.0000,28.846906,28.979565,13.271389,42.989405
3640.0000,40.068426,40.119270,11.244668,57.805512
3641.0000,36.639933,42.802336,0.826648,56.348984
3642.0000,29.418957,34.918919,4.772702,45.908438
3643.0000,19.981131,32.283176,0.489025,37.969570
3644.0000,16.672197,24.144819,-3.995874,29.612521
3645.0000,24.418837,28.326365,6.153706,37.901592
3646.0000,14.556522,37.388396,17.610253,43.816727
3647.0000,10.441808,30.699344,19.041556,37.604015
3648.0000,12.530528,29.991205,15.061272,35.823574
3649.0000,19.912547,28.120915,18.020085,38.884687
3650.0000,24.132704,31.838021,8.904455,40.930872
3651.0000,23.252148,37.325861,15.841550,46.742240
3652.0000,28.248530,18.055814,14.791840,36.644104
3653.0000,38.556690,25.154705,26.671799,53.204909
3654.0000,37.318860,30.019552,25.342560,54.185941
3655.0000,39.051162,4.506212,34.048347,52.005665
3656.0000,31.503695,16.766496,29.117572,46.058997
3657.0000,30.830270,24.450113,24.404369,46.302125
3658.0000,25.454491,23.717841,19.952606,40.107026
3659.0000,24.298014,29.328396,27.822440,47.166052
3660.0000,30.290109,30.558260,18.754907,46.936601
3661.0000,24.175502,29.489974,11.370686,39.792034
3662.0000,29.322616,20.370287,3.115618,35.839524
3663.0000,30.295415,14.015233,12.458119,35.629253
3664.0000,19.587959,10.808847,11.739374,25.265237
3665.0000,33.682993,5.519364,5.434464,34.562130
3666.0000,26.844027,4.580255,11.587537,29.594789
3667.0000,17.205001,11.816667,7.689707,22.243589
3668.0000,13.962132,22.780785,1.700706,26.773078
3669.0000,6.888144,13.545434,-2.041751,15.332777
3670.0000,15.027537,14.416074,-8.435597,22.467963
3671.0000,23.225223,19.303931,7.142451,31.033326
3672.0000,16.326204,22.394127,6.649381,28.500108
3673.0000,12.596930,19.998781,3.259992,23.859200
3674.0000,9.680461,6.333632,12.514681,17.042402
3675.0000,8.325472,-6.002475,2.983569,10.688539
3676.0000,18.628763,4.236941,3.191756,19.369300
3677.0000,9.748608,-8.138264,5.145085,13.701773
3678.0000,16.433435,-7.068765,-11.555308,21.296722
3679.0000,20.993971,-20.277862,-1.823111,29.244867
3680.0000,4.374502,-25.335541,10.344253,27.713345
3681.0000,9.185420,-19.123575,-2.740185,21.391393
3682.0000,9.421631,-25.629149,3.569491,27.538367
3683.0000,9.583870,-25.861742,5.874973,28.199212
3684.0000,2.088604,-24.776398,6.627003,25.732262
3685.0000,8.734081,-25.210999,2.345034,26.783909
3686.0000,18.050959,-26.838940,4.779274,32.695677
3687.0000,17.892214,-24.987937,-0.060175,30.733239
3688.0000,12.607330,-18.564218,-0.923833,22.459484
3689.0000,22.617117,-20.822225,0.418382,30.745310
3690.0000,20.521179,-23.419339,-5.767287,31.667741
3691.0000,16.727152,-22.572303,-14.063847,31.418120
3692.0000,8.396184,-22.103385,-10.960139,26.061085
3693.0000,-2.975146,-24.937306,6.144684,25.854939
3694.0000,9.615354,-10.870012,4.014967,15.057628
3695.0000,18.605704,-12.757742,-4.853886,23.075797
3696.0000,15.183692,-9.007836,2.880221,17.888021
3697.0000,14.332584,-8.503027,2.354031,16.830504
3698.0000,17.948708,-9.736537,-0.561029,20.427213
3699.0000,15.576054,-3.345536,-11.052613,19.389851
3700.0000,2.436090,-0.318988,-4.700767,5.304102
3701.0000,4.154173,2.840649,-5.817667,7.692313
3702.0000,16.219471,12.050256,1.248255,20.244457
3703.0000,11.820357,12.044126,-5.932361,17.887837
3704.0000,-0.236232,8.409328,9.092426,12.387284
3705.0000,12.333271,5.655145,6.277541,14.949841
3706.0000,15.684464,0.825996,3.857061,16.172866
3707.0000,14.159260,8.309891,9.099184,18.770565
3708.0000,9.787064,1.194639,-11.054834,14.812938
3709.0000,19.505496,6.444652,-11.130758,23.364325
3710.0000,20.436538,12.918002,-9.281056,25.897198
3711.0000,11.750971,16.715732,-3.799037,20.783014
3712.0000,13.336895,19.396975,-19.568675,30.611247
3713.0000,8.756712,15.662779,-16.416532,24.320879
3714.0000,11.359131,6.511900,-6.978220,14.836787
3715.0000,10.495164,9.920667,-28.000006,31.505054
3716.0000,11.390259,14.064794,-27.483809,32.907692
3717.0000,12.171600,18.034861,-23.008167,31.666699
3718.0000,12.720506,8.799134,-25.150202,29.525729
3719.0000,-5.097693,11.563223,-34.036919,36.307113
3720.0000,-6.550173,0.247024,-37.140055,37.714049
3721.0000,-9.619735,-15.727466,-20.838010,27.822925
3722.0000,-5.300631,-6.040381,-24.768134,26.039266
3723.0000,-2.793196,-1.406327,-18.178054,18.445090
3724.0000,0.911266,-4.167761,-14.856897,15.457297
3725.0000,-12.187771,1.956908,-20.685689,24.088773
3726.0000,-1.418206,-5.171686,-16.330166,17.188134
3727.0000,-8.523558,1.269780,-26.506176,27.871863
3728.0000,0.397662,-4.600767,-30.796822,31.141122
3729.0000,5.744462,-6.627118,-21.803503,23.501283
3730.0000,-11.902921,8.691687,-32.998040,36.139944
3731.0000,-10.806041,14.879618,-29.150362,34.466174
3732.0000,-10.331910,16.878891,-27.721577,34.060698
3733.0000,-2.630417,24.431076,-27.020992,36.523015
3734.0000,1.986332,21.346452,-30.134016,36.982097
3735.0000,1.392224,39.449476,-26.358045,47.465208
3736.0000,6.206925,52.485215,-39.886857,66.213179
3737.0000,-0.875765,39.371251,-34.144946,52.122353
3738.0000,-5.264173,34.831880,-38.993125,52.549360
3739.0000,-8.999094,24.454072,-38.555326,46.534917
3740.0000,-9.958229,28.904321,-50.294943,58.857518
3741.0000,-10.544643,31.767917,-47.147535,57.821104
3742.0000,-14.434664,36.325007,-48.363243,62.184153
3743.0000,-9.356046,25.545811,-34.089752,43.614622
3744.0000,-5.892896,44.969490,-41.609937,61.549721
3745.0000,3.984325,35.163433,-45.628731,57.743597
3746.0000,-16.701593,26.067557,-34.376039,46.262001
3747.0000,-1.048530,26.222588,-36.121977,44.648860
3748.0000,-3.338075,21.470030,-43.934830,49.014021
3749.0000,-0.196809,8.338606,-34.062884,35.069234
3750.0000,-2.673593,9.546785,-30.220132,31.804805
3751.0000,1.136718,0.271812,-38.045227,38.063175
3752.0000,-4.446975,0.098926,-33.541332,33.834987
3753.0000,1.505636,4.910761,-21.448739,22.055179
3754.0000,4.718449,-9.511879,-16.915408,19.971745
3755.0000,-0.249346,-16.027078,-22.227113,27.403904
3756.0000,-0.436320,-4.323440,-19.695918,20.169573
3757.0000,4.945701,3.939264,-8.202883,10.356884
3758.0000,-7.650236,8.633964,-15.935742,19.672807
3759.0000,-2.724415,8.154542,-17.987915,19.937003
3760.0000,-6.349645,11.300373,-6.885225,14.677286
3761.0000,-6.216126,12.137172,-13.214536,18.988815
3762.0000,-3.462389,2.124766,-12.193763,12.852650
3763.0000,-14.051108,8.636566,-9.271361,18.920414
3764.0000,-6.470965,13.715344,-13.090841,20.033826
3765.0000,-8.036924,18.305069,-1.700298,20.063865
3766.0000,-1.306744,14.693693,-6.936813,16.301275
3767.0000,-2.416205,12.865065,-14.802692,19.760254
3768.0000,-14.068903,-0.837232,-10.612898,17.642806
3769.0000,-8.552184,4.286884,-23.529903,25.400267
3770.0000,-3.305564,9.913441,-14.008799,17.477114
3771.0000,-11.083646,14.754657,-18.275671,25.972048
3772.0000,-13.124682,21.333495,-15.582056,29.498742
3773.0000,-21.696069,8.686752,-8.967019,25.031711
3774.0000,-9.119267,14.084735,-9.005731,19.043214
3775.0000,-4.996087,13.548892,-9.107294,17.072673
3776.0000,16.035687,11.876761,-1.497479,20.011075
3777.0000,12.281515,10.573153,-21.909904,27.251992
3778.0000,15.783856,12.542899,-15.083495,25.178686
3779.0000,7.498377,6.575429,-15.197818,18.177888
3780.0000,3.111671,4.060840,-19.144381,19.816161
3781.0000,3.113833,9.822245,-11.613063,15.525324
3782.0000,2.291165,2.766547,-18.856360,19.195456
3783.0000,16.048998,1.470204,-7.406152,17.736486
3784.0000,10.278956,6.091561,-19.654827,23.001658
3785.0000,19.024726,12.123515,-18.394459,29.108005
3786.0000,-0.023844,2.644387,-14.404933,14.645663
3787.0000,-0.022517,6.779268,-18.891783,20.071334
3788.0000,-3.659156,11.196345,-18.779433,22.167875
3789.0000,-6.317136,7.260593,-22.927436,24.865432
3790.0000,-2.691022,18.474802,-13.947345,23.304256
3791.0000,-4.021859,16.453026,-12.034265,20.777415
3792.0000,1.461494,19.804013,-18.392276,27.066783
3793.0000,14.394190,23.870877,-10.506579,29.789254
3794.0000,3.285447,15.292822,-16.371955,22.643001
3795.0000,16.514060,9.310839,-12.486972,22.700889
3796.0000,17.439972,11.709991,-9.856513,23.204038
3797.0000,25.045297,6.436257,-6.762765,26.728772
3798.0000,24.031648,15.132037,-3.525341,28.616895
3799.0000,21.487290,4.532833,6.399699,22.873705
3800.0000,37.041524,10.033434,-3.820541,38.566058
3801.0000,41.016922,9.176773,-7.481824,42.691671
3802.0000,36.861540,17.983606,-9.238900,42.042128
3803.0000,33.887177,22.687558,-16.029006,43.817748
3804.0000,40.996074,21.912142,-17.304199,49.600961
3805.0000,33.796230,16.643963,-9.901908,38.951951
3806.0000,22.244906,16.341971,-17.810937,32.850043
3807.0000,19.867129,15.336080,-20.817362,32.607679
3808.0000,34.322305,3.459244,-17.949269,38.886543
3809.0000,24.268899,10.015951,-3.733789,26.518671
3810.0000,26.044421,16.922459,-18.625264,36.215770
3811.0000,28.176286,16.607619,-19.327731,37.990489
3812.0000,28.984966,12.643746,-15.632656,35.275664
3813.0000,33.932529,3.560944,-23.027531,41.162653
3814.0000,22.036277,4.683337,-18.143262,28.925924
3815.0000,12.966849,4.234310,-14.720197,20.068701
3816.0000,10.223103,-8.321852,-13.142897,18.614531
3817.0000,19.129473,-2.889144,-16.141165,25.195656
3818.0000,16.158539,-3.504751,-17.058864,23.756820
3819.0000,21.114898,6.688252,-18.414507,28.803918
3820.0000,5.383728,1.990819,-18.009409,18.902029
3821.0000,11.753772,-6.272272,-16.122578,20.914830
3822.0000,9.840012,4.452019,-21.413142,23.982681
3823.0000,17.406093,-5.004337,-23.081343,29.338778
3824.0000,21.656368,-6.932154,-20.898655,30.883762
3825.0000,20.325132,-12.237893,-21.702292,32.153795
3826.0000,15.125377,-7.945837,-19.748497,26.113531
3827.0000,3.627090,-14.654521,-21.939129,26.631488
3828.0000,13.717171,-5.969107,-22.280527,26.836782
3829.0000,18.099531,-2.082150,-17.121293,25.001340
3830.0000,9.122914,7.621293,-4.635321,12.759227
3831.0000,5.428742,-2.381921,-11.198038,12.670471
3832.0000,17.377322,-15.315266,-8.474228,24.664574
3833.0000,11.591483,-4.332380,-14.158273,18.803954
3834.0000,11.545292,-6.599295,-10.319416,16.832552
3835.0000,11.665788,-11.458188,-17.942019,24.275435
3836.0000,23.632730,-11.269284,-16.705397,31.057575
3837.0000,15.823093,-12.540911,-22.856271,30.496784
3838.0000,3.862414,-8.314702,-14.296394,16.983503
3839.0000,6.650162,11.783354,-9.477610,16.519600
3840.0000,15.473912,11.829025,-15.566062,24.933313
3841.0000,20.087585,11.114003,-6.585559,23.883084
3842.0000,15.218305,12.656994,-7.853606,21.294963
3843.0000,7.015618,16.500646,-2.935850,18.168914
3844.0000,8.035641,22.560401,-2.548775,24.084009
3845.0000,11.394307,21.812233,-7.590589,25.753073
3846.0000,15.373627,9.971760,-0.524014,18.331912
3847.0000,15.587995,16.955334,-1.604663,23.087743
3848.0000,4.036352,23.881113,-1.872357,24.292086
3849.0000,5.515962,11.308268,-2.912531,12.914550
3850.0000,7.938936,7.175382,-4.202933,11.496846
3851.0000,14.228182,16.631209,-10.397190,24.230969
3852.0000,20.857969,12.210224,-2.735033,24.323339
3853.0000,34.734596,13.340507,-1.287132,37.230606
3854.0000,44.587153,13.996067,1.421889,46.753886
3855.0000,43.580910,11.289664,0.484484,45.022072
3856.0000,33.475304,17.484414,-7.658750,38.535142
3857.0000,34.811575,18.046773,-12.938852,41.290987
3858.0000,42.909371,19.931870,-6.195284,47.716612
3859.0000,27.326413,22.207929,-2.778945,35.322054
3860.0000,38.721105,18.810279,-6.806204,43.582967
3861.0000,34.913282,22.948485,-8.274276,42.591477
3862.0000,36.625221,20.148886,-4.923152,42.090638
3863.0000,35.393860,25.326032,-17.494229,46.906090
3864.0000,31.920966,13.719706,-5.334380,35.151587
3865.0000,26.811025,17.646188,-9.613273,33.505731
3866.0000,40.293039,24.289005,2.361045,47.106892
3867.0000,37.509985,18.549290,-5.856071,42.253623
3868.0000,52.995262,10.961120,-2.531915,54.176144
3869.0000,33.108640,19.257149,-11.059215,39.866353
3870.0000,20.144241,17.221202,-11.516590,28.896229
3871.0000,27.381156,16.817031,2.914406,32.265059
3872.0000,25.295209,4.146886,-0.291550,25.634533
3873.0000,32.552292,-3.760158,-7.228636,33.556574
3874.0000,20.396570,-3.312458,-15.254177,25.684282
3875.0000,33.655029,-6.685974,-7.939455,35.219287
3876.0000,31.929559,4.048097,-6.193821,32.775711
3877.0000,42.569610,5.686781,8.774799,43.835012
3878.0000,28.018686,1.340636,6.229202,28.734074
3879.0000,19.685984,6.460707,3.528009,21.017268
3880.0000,25.978046,-2.636571,6.938241,27.017579
3881.0000,54.156654,6.118221,1.194269,54.514237
3882.0000,43.164773,5.985601,5.433532,43.915240
3883.0000,28.595740,-8.798135,10.016760,31.550895
3884.0000,30.207223,-1.845568,16.028296,34.246003
3885.0000,21.911273,-6.464955,17.802065,28.962270
3886.0000,14.868583,-6.228575,6.281929,17.301229
3887.0000,13.433827,-6.369031,16.597876,22.282768
3888.0000,16.549623,-10.951987,3.882554,20.221530
3889.0000,2.053509,-28.367043,10.288909,30.245126
3890.0000,11.141442,-8.642494,5.056435,14.979718
3891.0000,15.746476,-8.361110,12.675554,21.875313
3892.0000,21.821816,-2.515105,4.436821,22.409881
3893.0000,15.556062,-5.878398,7.576114,18.274138
3894.0000,4.364375,-9.360844,5.830204,11.860204
3895.0000,18.506344,-6.971919,0.598176,19.785101
3896.0000,13.272128,-4.616347,1.836287,14.171520
3897.0000,22.584123,-14.370179,0.459645,26.772298
3898.0000,24.815378,-12.442578,0.565748,27.765821
3899.0000,18.962763,-21.382575,-0.628212,28.586633
3900.0000,30.330070,-28.024160,-11.230856,42.794845
3901.0000,26.302894,-12.291804,-9.794782,30.640960
3902.0000,22.092535,-15.860477,-11.222112,29.420582
3903.0000,19.438524,-10.172584,-9.575261,23.937905
3904.0000,2.816181,-10.236778,-20.802445,23.355176
3905.0000,4.662574,-20.445616,-16.858250,26.906568
3906.0000,-4.755684,-8.907761,-13.987495,17.251515
3907.0000,5.141160,-17.469672,-17.257227,25.088501
3908.0000,1.538795,-14.869226,-17.486636,23.005308
3909.0000,2.500364,-9.444215,-13.944433,17.026222
3910.0000,-3.105169,-9.760097,-12.701062,16.316205
3911.0000,-5.913355,-12.020073,-7.908875,15.556356
3912.0000,-1.839430,-10.729784,-8.101306,13.569927
3913.0000,5.769140,-0.228164,-4.199674,7.139489
3914.0000,-2.232114,-7.302876,-12.192691,14.386662
3915.0000,3.362572,-18.108576,-24.732603,30.837138
3916.0000,-10.135828,-14.765565,-13.276723,22.294131
3917.0000,-1.807772,-6.452104,-11.709321,13.490956
3918.0000,-4.086190,-3.027565,-9.788529,11.030793
3919.0000,-8.033214,-10.626978,-8.481544,15.792459
3920.0000,7.516356,-6.180888,-13.842571,16.920868
3921.0000,0.831565,-13.687332,-19.940835,24.200649
3922.0000,0.037958,1.894231,-10.797797,10.962754
3923.0000,-6.984478,-8.645158,-6.070407,12.663788
3924.0000,-13.679810,-5.073339,-1.782821,14.698790
3925.0000,-9.600112,-7.230432,-4.175777,12.723145
3926.0000,-13.295576,1.547838,-5.231948,14.371549
3927.0000,-8.470086,-0.810693,2.818945,8.963595
3928.0000,-1.492569,3.861792,-4.068026,5.804311
3929.0000,-1.578900,11.311902,-11.456373,16.177161
3930.0000,-7.640795,14.565227,-4.802960,17.134644
3931.0000,-19.339978,5.071398,4.225162,20.435406
3932.0000,-16.411269,20.376554,9.471250,27.825138
3933.0000,-16.353700,19.997651,-2.856068,25.990511
3934.0000,-22.297312,16.370586,7.819687,28.745672
3935.0000,-10.704841,19.667843,5.946258,23.168419
3936.0000,-17.743454,13.605033,-3.495454,22.630627
3937.0000,-5.611942,20.812485,-6.520224,22.520363
3938.0000,-1.714561,11.335147,-9.932378,15.168303
3939.0000,-0.425038,5.208652,-9.412047,10.765563
3940.0000,0.825568,-1.564087,-19.065965,19.147819
3941.0000,4.771152,1.993670,-16.888048,17.661959
3942.0000,-2.244332,6.722172,-0.400896,7.098263
3943.0000,-4.386261,1.912246,-13.795659,14.601924
3944.0000,-4.602352,3.348524,-17.872596,18.756971
3945.0000,-13.213223,6.829493,-0.845735,14.897870
3946.0000,-7.616842,0.154419,-2.443767,8.000757
3947.0000,-9.304903,-5.236872,-0.730995,10.702355
3948.0000,-7.079058,-4.953752,-6.881883,11.045951
3949.0000,-2.446687,-1.856032,-0.375033,3.093829
3950.0000,-2.843448,-7.192428,2.367530,8.088350
3951.0000,3.722166,2.184811,8.089859,9.169173
3952.0000,17.591246,3.956511,4.220221,18.517996
3953.0000,6.175506,-2.547924,12.792860,14.432119
3954.0000,0.026872,-10.978415,0.236634,10.980998
3955.0000,7.989603,-7.589461,3.436976,11.543244
3956.0000,10.431403,-3.446691,18.803027,21.777228
3957.0000,9.704776,-10.709884,14.806989,20.691331
3958.0000,6.051756,-6.623396,7.766281,11.866265
3959.0000,3.738534,-12.850109,16.912521,21.566995
3960.0000,0.802239,-4.946467,10.486139,11.621972
3961.0000,-1.829212,-16.396583,4.929621,17.219033
3962.0000,-2.357237,-18.630775,0.490778,18.785718
3963.0000,-13.802368,-26.966968,-1.101408,30.313955
3964.0000,-18.462277,-5.075132,21.400415,28.715682
3965.0000,-32.441315,-7.075740,21.847948,39.747174
3966.0000,-20.162136,-4.479238,11.984653,23.879012
3967.0000,-22.955832,-5.893519,11.018556,26.136418
3968.0000,-22.240245,-5.466782,7.866588,24.215643
3969.0000,-18.053229,-18.768428,3.930214,26.336658
3970.0000,-8.912034,-10.725923,3.420792,14.358677
3971.0000,-13.026055,-24.030644,5.411277,27.864527
3972.0000,-5.324094,-22.117668,2.373435,22.872919
3973.0000,-12.997288,-25.315324,12.706283,31.164800
3974.0000,-1.182617,-21.123279,-1.182342,21.189371
3975.0000,-3.192855,-24.741339,12.094398,27.723684
3976.0000,-2.637853,-26.564783,7.169695,27.641463
3977.0000,3.133494,-29.786764,13.819853,32.985730
3978.0000,-5.575387,-30.342864,22.659757,38.278440
3979.0000,2.075501,-25.134719,15.843491,29.783855
3980.0000,-5.354961,-25.212471,18.983371,32.011134
3981.0000,-10.441754,-16.894320,23.074367,30.444616
3982.0000,-16.454888,-15.662650,21.415961,31.220591
3983.0000,-15.027981,-27.723131,20.995064,37.884098
3984.0000,2.476736,-20.836859,6.995000,22.118747
3985.0000,4.521837,-13.748513,3.945240,15.001118
3986.0000,9.103825,-11.799605,2.909290,15.184672
3987.0000,-0.061526,-3.312601,8.472691,9.097450
3988.0000,-4.406719,0.540637,1.800797,4.791068
3989.0000,-0.039763,1.576450,-0.408649,1.629040
3990.0000,-5.580776,-6.442336,17.618545,19.571967
3991.0000,1.137558,-3.913438,-1.242846,4.260716
3992.0000,-5.498258,-21.008183,2.377610,21.845540
3993.0000,-10.924951,-18.224031,-1.319845,21.288773
3994.0000,-7.052255,-12.843291,-0.279233,14.654774
3995.0000,-11.780021,3.912447,-3.729067,12.960790
3996.0000,-18.014925,-7.243891,4.030145,19.830622
3997.0000,-7.304033,-3.426264,-8.163763,11.477597
3998.0000,6.470630,-8.924235,-9.756831,14.720963
3999.0000,-8.635748,-2.613848,-3.070249,9.530728
4000.0000,-12.436346,-14.240759,1.313512,18.952236
4001.0000,-11.540910,-10.703218,-5.577738,16.699181
4002.0000,-3.549863,-13.105888,2.383206,13.785699
4003.0000,-2.874599,-15.396728,13.408617,20.618282
4004.0000,1.303480,-10.465253,0.716098,10.570401
4005.0000,-4.807338,-7.524334,7.086449,11.399293
4006.0000,-15.204780,-6.740487,16.125051,23.165422
4007.0000,-8.466102,-12.303730,-1.378036,14.998521
4008.0000,3.579805,-6.748670,0.775178,7.678571
4009.0000,9.465405,-7.994855,5.851448,13.702227
4010.0000,5.413543,-9.221674,12.933464,16.781544
4011.0000,5.315861,-7.203623,18.598607,20.641191
4012.0000,14.796694,-10.839944,12.762645,22.345729
4013.0000,12.607712,-3.926105,4.409623,13.921691
4014.0000,21.045409,-8.879540,-8.181591,24.263016
4015.0000,15.960941,-4.730722,6.329264,17.809855
4016.0000,14.220356,-9.947441,-4.743334,17.990812
4017.0000,8.951591,-17.082214,-5.793733,20.137039
4018.0000,18.980343,-17.648857,8.646643,27.322152
4019.0000,15.268874,-26.035947,5.360053,30.655166
4020.0000,16.053857,-26.731201,7.874654,32.160436
4021.0000,20.192420,-13.484150,4.049525,24.616149
4022.0000,15.939079,-9.203233,-5.025568,19.079048
4023.0000,22.690506,-10.045236,-9.893467,26.714163
4024.0000,27.264134,-8.990200,-0.420082,28.711203
4025.0000,13.218262,-12.950877,-14.480796,23.497684
4026.0000,26.850503,-14.166421,-10.394106,32.088541
4027.0000,22.158448,-2.582949,-15.420076,27.119130
4028.0000,24.317464,2.867472,-22.953568,33.562296
4029.0000,24.036248,-8.954478,-13.624667,29.044027
4030.0000,36.339776,-6.322567,-12.467338,38.935699
4031.0000,29.452019,-6.810136,-9.804982,31.779507
4032.0000,30.674695,-4.689448,-7.911459,32.023726
4033.0000,28.679299,-5.666279,-16.550597,33.593618
4034.0000,28.711953,2.136287,-12.635135,31.441797
4035.0000,41.739031,6.508217,-8.834205,43.157233
4036.0000,45.733870,5.144650,-19.109624,49.832038
4037.0000,35.187236,-14.136131,-3.831993,38.113724
4038.0000,33.995790,-4.062782,-7.055776,34.957173
4039.0000,41.475020,-7.599811,-5.284511,42.495417
4040.0000,28.722275,0.375322,0.102825,28.724911
4041.0000,21.492733,-16.015415,2.743908,26.943647
4042.0000,24.127953,2.461490,20.633833,31.842928
4043.0000,26.462623,2.904894,3.909636,26.907138
4044.0000,40.534068,0.923401,5.784352,40.955122
4045.0000,50.348998,3.129570,-0.332422,50.447262
4046.0000,45.288589,-6.801632,14.874535,48.151534
4047.0000,51.732549,-6.884995,11.144359,53.365311
4048.0000,42.494942,-12.316238,7.688334,44.906795
4049.0000,36.605885,-8.611537,17.621078,41.528927
4050.0000,36.784561,0.092171,20.067026,41.902243
4051.0000,22.881835,4.196487,11.041646,25.750861
4052.0000,38.470376,8.695926,4.436459,39.689686
4053.0000,31.613195,1.741702,-0.502350,31.665123
4054.0000,37.441706,21.636106,3.301894,43.369401
4055.0000,38.748018,-1.756783,10.705584,40.238100
4056.0000,32.894543,8.427602,16.776533,37.875157
4057.0000,26.612037,7.993776,11.745648,30.167221
4058.0000,28.003849,7.068882,16.017244,33.026304
4059.0000,33.859449,5.574022,1.259782,34.338303
4060.0000,30.588027,14.284031,-6.318727,34.345120
4061.0000,23.220261,14.275602,-7.220272,28.197618
4062.0000,22.532562,4.485532,-7.664123,24.219313
4063.0000,21.847854,7.168569,1.142103,23.022196
4064.0000,20.701862,4.712318,-0.703373,21.243064
4065.0000,34.023551,-0.863427,10.702376,35.677561
4066.0000,41.697859,5.400499,10.529747,43.344577
4067.0000,42.200787,6.575780,12.223819,44.424870
4068.0000,39.774585,11.733313,6.851091,42.031247
4069.0000,35.879099,17.572368,16.562614,43.248329
4070.0000,33.800239,3.102670,17.712269,38.285861
4071.0000,24.983925,-6.787777,12.961706,28.953000
4072.0000,25.318732,-10.048553,15.339067,31.261775
4073.0000,37.009144,-9.478357,17.008497,41.818715
4074.0000,25.438533,-2.081436,11.438408,27.969421
4075.0000,33.799629,-15.533448,17.883084,41.273570
4076.0000,39.217973,1.354772,2.876029,39.346619
4077.0000,34.531201,3.741023,-1.320556,34.758351
4078.0000,41.630799,-0.718287,-6.646728,42.164183
4079.0000,32.914027,-9.751962,-9.637082,35.655396
4080.0000,31.550446,-14.663726,-11.591255,36.671688
4081.0000,33.255967,-15.867720,-12.214805,38.819394
4082.0000,31.437092,-1.969374,-18.984770,36.777584
4083.0000,32.424752,-8.393654,-12.429204,35.725384
4084.0000,29.935098,0.479921,-10.396211,31.692611
4085.0000,16.557447,-1.165978,-10.604496,19.696798
4086.0000,29.808721,-12.057530,-21.717140,38.801779
4087.0000,3.171928,-8.697228,-21.671776,23.566264
4088.0000,16.211723,-10.546460,-15.407062,24.727017
4089.0000,17.644376,7.888705,-17.007992,25.745436
4090.0000,10.727210,9.258159,-15.850874,21.261155
4091.0000,9.677152,5.892174,-18.588193,21.768920
4092.0000,6.925082,2.957542,-18.748837,20.204522
4093.0000,5.857220,3.444313,-15.919166,17.308673
4094.0000,12.718505,0.710744,-8.643428,15.393972
4095.0000,21.926376,-2.913306,-7.892777,23.485086
4096.0000,23.411644,3.562989,-7.071024,24.714355
4097.0000,24.824294,-3.143570,-16.293991,29.860036
4098.0000,22.375430,4.031504,-15.174678,27.334662
4099.0000,24.012651,14.539499,-12.870948,30.881479
4100.0000,19.907508,18.590932,-13.007768,30.184991
4101.0000,19.578851,14.320827,-10.832822,26.566286
4102.0000,15.151436,19.266972,-25.048587,35.045884
4103.0000,4.729618,30.355090,-12.915434,33.325804
4104.0000,14.500632,29.079169,-22.073382,39.282319
4105.0000,14.816902,20.504645,-16.642472,30.281231
4106.0000,18.802727,10.874930,-11.935276,24.784218
4107.0000,9.207270,2.789557,-14.972630,17.797053
4108.0000,0.864022,7.986604,-10.853105,13.502676
4109.0000,-1.686907,2.793655,-2.857059,4.337390
4110.0000,7.379127,5.717567,-2.647556,9.703177
4111.0000,5.412207,4.961968,-6.400909,9.740881
4112.0000,8.671431,7.078608,-3.734274,11.800221
4113.0000,7.462575,3.036502,-11.703093,14.208193
4114.0000,-2.545527,9.088054,-2.044524,9.656734
4115.0000,-7.868463,19.713542,-5.313846,21.880891
4116.0000,-0.130319,8.604082,3.856215,9.429613
4117.0000,-9.372457,13.690326,-2.783911,16.823143
4118.0000,-9.681224,15.818809,-19.061742,26.595316
4119.0000,-14.409421,14.221794,-14.976959,25.183330
4120.0000,-3.080149,7.738188,-26.061317,27.359808
4121.0000,-10.169742,15.756337,-4.314017,19.243091
4122.0000,-3.183685,11.756363,-12.717718,17.609324
4123.0000,2.094582,3.816931,-16.437346,17.004193
4124.0000,-15.809261,8.822899,-22.323573,28.742272
4125.0000,-18.381393,10.948743,-16.199681,26.836174
4126.0000,-10.385933,2.770918,-17.427117,20.475595
4127.0000,-10.397375,15.370744,-22.738251,29.349501
4128.0000,-19.374587,13.133270,-18.650028,29.927929
4129.0000,-7.930511,9.744675,-18.452094,22.323339
4130.0000,-18.257327,12.862846,0.578656,22.340940
4131.0000,-15.595250,-2.371198,-17.397512,23.484203
4132.0000,-23.503907,13.231061,3.704354,27.225298
4133.0000,-27.345653,11.618979,-12.830229,32.363563
4134.0000,-25.594468,23.296750,-7.848910,35.488318
4135.0000,-22.392390,17.882581,-6.004485,29.278997
4136.0000,-15.343191,17.540625,8.821122,24.917850
4137.0000,-28.365314,22.899545,0.265954,36.456151
4138.0000,-36.152003,21.659143,1.211958,42.161056
4139.0000,-33.563996,27.684164,9.550886,44.544070
4140.0000,-48.540160,21.454662,7.734152,53.630838
4141.0000,-35.546440,8.721719,8.067264,37.479308
4142.0000,-48.461280,16.254305,1.164013,51.127811
4143.0000,-51.992044,12.663047,19.751961,57.040909
4144.0000,-34.326882,16.032450,17.657548,41.799083
4145.0000,-34.700513,15.555920,23.224396,44.558780
4146.0000,-40.556686,19.637669,24.131105,51.115487
4147.0000,-26.460902,12.057430,29.401780,41.352456
4148.0000,-33.952947,18.159761,22.412617,44.552271
4149.0000,-34.278221,29.489735,23.450895,50.937073
4150.0000,-19.062573,28.527811,20.310882,39.871664
4151.0000,-29.896234,22.539853,12.263906,39.398391
4152.0000,-18.496384,25.399317,16.789522,35.624845
4153.0000,-29.653311,37.877983,20.085722,52.129615
4154.0000,-33.584880,31.281572,23.235630,51.442933
4155.0000,-27.119340,26.514815,10.657992,39.396533
4156.0000,-31.536817,27.090835,17.670376,45.174399
4157.0000,-27.927586,29.297355,9.588413,41.595946
4158.0000,-33.582943,24.806485,10.424369,43.033048
4159.0000,-26.513542,35.054615,2.602446,44.029157
4160.0000,-17.132836,48.056842,13.329625,52.732087
4161.0000,-21.749419,30.486096,16.137401,40.778119
4162.0000,-25.355697,40.839365,15.287401,50.442737
4163.0000,-19.002994,56.766442,5.190099,60.087269
4164.0000,-17.659042,42.167585,14.338072,47.911662
4165.0000,-23.905635,32.097996,10.379625,41.346068
4166.0000,-20.884138,34.500505,8.426405,41.199956
4167.0000,-21.994464,26.876836,14.542041,37.650919
4168.0000,-33.035897,12.721709,13.747497,37.976388
4169.0000,-32.475355,10.420475,0.556630,34.110773
4170.0000,-29.439618,22.907769,14.573539,40.048034
4171.0000,-21.470054,30.397087,23.891018,44.223601
4172.0000,-22.904042,33.524734,13.529757,42.796697
4173.0000,-20.439151,28.509648,30.201825,46.289407
4174.0000,-21.586951,37.068566,22.642858,48.505402
4175.0000,-29.415111,41.075294,37.254782,62.772186
4176.0000,-29.092043,28.311613,32.989761,52.308879
4177.0000,-27.601791,28.409757,31.530142,50.627295
4178.0000,-32.732086,24.950063,34.462969,53.680456
4179.0000,-23.133662,20.472933,21.854140,37.840597
4180.0000,-33.757775,29.368506,22.411592,50.043741
4181.0000,-35.807271,44.715425,26.293608,63.031609
4182.0000,-41.698014,40.442972,25.654593,63.502098
4183.0000,-41.892779,31.816092,30.388102,60.751176
4184.0000,-37.404369,28.951456,32.366838,57.313923
4185.0000,-40.015337,36.033484,34.322553,63.856689
4186.0000,-41.585244,36.190777,25.075257,60.562970
4187.0000,-26.343656,29.758624,28.648247,48.992713
4188.0000,-45.232128,32.815011,25.627455,61.477938
4189.0000,-49.000100,25.881195,22.294570,59.731850
4190.0000,-45.705599,21.495830,30.655298,59.083160
4191.0000,-40.464756,33.050694,24.562882,57.732833
4192.0000,-40.724121,31.752172,18.935825,55.002000
4193.0000,-29.571584,43.821059,16.848054,55.485320
4194.0000,-39.615473,40.320375,10.969092,57.579851
4195.0000,-24.554597,37.816001,10.687073,46.337800
4196.0000,-26.073129,30.888786,15.668633,43.352407
4197.0000,-27.058508,18.344535,13.491426,35.365285
4198.0000,-27.213542,23.553198,7.822779,36.831045
4199.0000,-21.357664,25.279531,3.204143,33.248624
4200.0000,-22.648128,28.021781,15.016514,39.034005
4201.0000,-11.676388,17.755632,3.826584,21.592667
4202.0000,-5.836915,27.726645,11.198383,30.467035
4203.0000,-8.104301,17.135573,18.775583,26.680144
4204.0000,-9.766832,12.646164,14.238432,21.402089
4205.0000,-8.669955,17.416611,19.863735,27.804216
4206.0000,2.425578,29.274195,16.616549,33.748653
4207.0000,-4.151215,17.160098,24.795055,30.438401
4208.0000,-6.528896,12.327317,3.891234,14.482090
4209.0000,-6.594722,24.023866,2.303608,25.018855
4210.0000,3.937743,28.134771,-3.133787,28.581319
4211.0000,7.592701,18.308259,0.390438,19.824074
4212.0000,11.284644,16.933529,3.794196,20.699844
4213.0000,14.100766,26.247269,-5.901822,30.374039
4214.0000,-0.362904,24.309820,1.010006,24.333499
4215.0000,11.273509,25.757779,-3.685784,28.357366
4216.0000,19.794187,15.986072,-8.152166,26.717450
4217.0000,21.394532,23.792075,-17.815213,36.621997
4218.0000,19.180497,27.301829,-10.980692,35.126300
4219.0000,23.938871,20.220987,-3.248046,31.504090
4220.0000,24.065212,13.555027,-3.876641,27.890886
4221.0000,19.398653,20.945276,-4.356586,28.878922
4222.0000,28.219361,17.617270,-5.169142,33.666312
4223.0000,17.630379,7.704872,-6.571757,20.331830
4224.0000,12.549932,17.782755,-6.678069,22.766725
4225.0000,15.300833,18.585803,-14.154249,27.926517
4226.0000,15.394105,8.095270,-9.114577,19.636379
4227.0000,18.380186,11.430388,-2.994492,21.850675
4228.0000,10.645252,17.842518,-8.236130,22.349735
4229.0000,-2.200729,18.455138,-17.812582,25.743414
4230.0000,-8.204167,7.279312,-27.480925,29.588815
4231.0000,-6.229600,15.275001,-21.966280,27.470912
4232.0000,-16.927279,19.510328,-29.845883,39.471033
4233.0000,-26.034833,11.982626,-35.630875,45.726962
4234.0000,-25.253739,21.210848,-35.675637,48.583974
4235.0000,-29.783699,20.297431,-38.370206,52.643396
4236.0000,-12.714365,17.296456,-33.522013,39.806379
4237.0000,-11.654525,22.693071,-40.922124,48.222647
4238.0000,-14.784700,13.496455,-40.926803,45.560343
4239.0000,-10.401915,12.999043,-27.435895,32.092106
4240.0000,-13.057377,6.307735,-30.294517,33.586312
4241.0000,4.663832,-3.558381,-30.212030,30.776292
4242.0000,-11.773869,5.191400,-52.538007,54.090820
4243.0000,-14.079460,-9.197124,-54.653000,57.181891
4244.0000,-9.068289,-7.292325,-41.863910,43.451108
4245.0000,-22.365731,2.929639,-31.261257,38.549643
4246.0000,-12.752733,15.242005,-35.188631,40.412754
4247.0000,-10.485061,-1.653903,-33.030720,34.694385
4248.0000,-11.566479,5.352000,-43.230317,45.069809
4249.0000,-16.080426,6.604491,-30.674960,35.258368
4250.0000,-9.612191,-1.956261,-30.276346,31.825750
4251.0000,-9.057957,-6.861979,-29.999373,32.079522
4252.0000,-9.226747,-5.273196,-36.961514,38.458978
4253.0000,-0.162059,-11.299343,-44.245618,45.665919
4254.0000,-12.120646,-14.215365,-43.474013,47.317824
4255.0000,-10.818400,-11.290545,-45.538741,48.148636
4256.0000,-2.003567,-7.701947,-49.868285,50.499309
4257.0000,-3.317614,-7.291286,-42.152156,42.906569
4258.0000,2.596978,3.912784,-51.736970,51.949670
4259.0000,0.247919,0.321733,-54.283170,54.284690
4260.0000,1.043621,-3.784955,-57.750338,57.883647
4261.0000,2.823355,-5.352358,-54.492782,54.827752
4262.0000,-5.912574,-2.468731,-46.719494,47.156805
4263.0000,-5.814011,-4.123890,-45.778517,46.330139
4264.0000,-27.716865,-4.478256,-46.837225,54.607738
4265.0000,-22.564995,-14.332109,-43.044491,50.669681
4266.0000,-26.857410,-2.350576,-33.668750,43.132707
4267.0000,-20.178058,7.203038,-44.024715,48.961345
4268.0000,-23.246099,1.717650,-48.060534,53.414851
4269.0000,-21.356385,-6.090379,-45.588618,50.710058
4270.0000,-19.880918,-10.566323,-41.439154,47.160381
4271.0000,-21.387175,-0.000130,-36.205156,42.050263
4272.0000,-24.821463,-5.493987,-37.409336,45.229938
4273.0000,-24.262141,-8.413707,-37.267989,45.258645
4274.0000,-23.044199,7.614540,-26.099521,35.639884
4275.0000,-25.968275,4.750817,-41.581265,49.253662
4276.0000,-24.638713,13.785980,-35.384597,45.267970
4277.0000,-18.682637,31.832019,-42.879366,56.577013
4278.0000,-17.783848,13.909645,-38.234863,44.403246
4279.0000,-22.940406,23.803156,-39.853725,51.780033
4280.0000,-35.321274,25.112953,-35.640580,56.111530
4281.0000,-21.363488,23.929212,-37.381510,49.258330
4282.0000,-18.643738,20.906843,-46.635249,54.401576
4283.0000,-26.049872,30.601500,-45.615498,60.793267
4284.0000,-22.826749,21.166826,-41.638904,51.989358
4285.0000,-18.439716,21.143314,-53.141278,60.092082
4286.0000,-24.481732,17.730011,-40.915826,50.870554
4287.0000,-18.568404,17.608587,-41.000127,48.330719
4288.0000,-16.136010,25.668056,-45.876132,54.989448
4289.0000,-18.835807,30.184518,-42.771781,55.635582
4290.0000,-11.689673,28.032795,-39.116948,49.523950
4291.0000,-7.484607,24.460321,-30.513976,39.817451
4292.0000,-6.517823,24.029653,-40.932682,47.910236
4293.0000,-3.062052,13.884562,-36.213195,38.904405
4294.0000,-7.086274,16.593444,-45.245366,48.710377
4295.0000,-8.750087,8.075933,-46.319079,47.825116
4296.0000,-4.445783,14.918458,-38.289771,41.333182
4297.0000,-11.833131,18.835246,-44.182126,49.465642
4298.0000,-11.408421,16.048330,-31.151371,36.852529
4299.0000,-16.159539,23.688279,-37.365028,47.100007
4300.0000,0.305598,15.294389,-36.028406,39.141509
4301.0000,-2.496491,11.094300,-38.409664,40.057687
4302.0000,-2.977660,6.403149,-39.930384,40.549998
4303.0000,-10.913175,11.986863,-51.931740,54.403014
4304.0000,-6.479265,7.612988,-54.457524,55.367503
4305.0000,-8.958404,14.550968,-43.311224,46.560131
4306.0000,-3.226022,18.503144,-47.416690,51.001137
4307.0000,-0.407490,19.842954,-40.681279,45.264504
4308.0000,-3.246296,11.017075,-40.449612,42.048608
4309.0000,-2.090860,9.944207,-32.661278,34.205526
4310.0000,-5.773107,11.715480,-32.506922,35.032573
4311.0000,2.257851,13.062106,-34.421393,36.885618
4312.0000,10.219415,8.751104,-28.653142,31.654712
4313.0000,2.648750,10.032071,-29.282261,31.066206
4314.0000,6.292350,-3.606300,-32.661403,33.456932
4315.0000,-7.668493,6.924998,-26.230332,28.192051
4316.0000,-5.334596,12.002838,-23.919488,27.288605
4317.0000,1.912162,8.705147,-14.310177,16.858740
4318.0000,1.406762,-0.142403,-18.218821,18.273606
4319.0000,-5.739152,-3.136687,-28.236554,28.984127
4320.0000,2.662409,-6.139365,-16.493290,17.799125
4321.0000,-7.620539,-3.590843,-15.891659,17.986428
4322.0000,13.076656,-5.253230,-8.039095,16.224130
4323.0000,14.195119,-6.961329,-12.659242,20.253837
4324.0000,2.660900,-7.018945,-13.550244,15.490484
4325.0000,-4.632231,-1.733967,-18.319177,18.975153
4326.0000,5.617766,-21.250289,-16.048167,27.215395
4327.0000,-6.226675,-20.414967,-10.482361,23.778609
4328.0000,2.517408,-17.544375,-18.381559,25.534763
4329.0000,3.634149,-8.108017,-20.775846,22.596078
4330.0000,-8.899770,-11.230043,-23.204547,27.272161
4331.0000,-7.285113,-3.661168,-18.315870,20.048644
4332.0000,-12.577202,1.156884,-23.373336,26.567597
4333.0000,-10.022564,-2.189217,-22.585953,24.806647
4334.0000,-6.739175,-3.861317,-22.362204,23.672651
4335.0000,-9.417737,-16.886852,-16.961535,25.720676
4336.0000,4.804603,-2.772953,-23.552122,24.196610
4337.0000,0.037141,-17.015393,-17.714119,24.562472
4338.0000,4.237516,-18.908075,-13.692373,23.726629
4339.0000,-4.199362,-18.042442,-19.746085,27.075307
4340.0000,-3.073410,-13.758703,-21.014381,25.305177
4341.0000,-2.040155,-13.588505,-23.025916,26.814222
4342.0000,-4.404889,-11.505992,-11.382303,16.773423
4343.0000,-4.571296,-10.733289,-9.419778,14.994414
4344.0000,1.970289,-20.491047,-12.110640,23.883732
4345.0000,6.737222,-25.819645,-8.409332,27.977868
4346.0000,3.036863,-14.308941,-20.600486,25.265557
4347.0000,8.803741,-11.639286,-17.797411,23.015792
4348.0000,13.784570,-27.273498,-27.153277,40.879806
4349.0000,17.724421,-15.943300,-9.948147,25.832336
4350.0000,0.909148,-15.937930,-10.193981,18.940998
4351.0000,-4.468350,-16.512666,-11.923364,20.851880
4352.0000,-2.211865,-3.355396,-21.669824,22.039335
4353.0000,-0.872112,-6.917072,-18.313528,19.595708
4354.0000,-3.402186,-4.640963,-14.278546,15.394489
4355.0000,11.949240,-5.836932,-17.535519,22.007920
4356.0000,0.181990,-4.982148,-8.966500,10.259291
4357.0000,12.714762,-13.949574,-15.301531,24.297997
4358.0000,16.439390,-13.087778,-10.240146,23.375288
4359.0000,24.791594,-7.960886,-1.026941,26.058654
4360.0000,27.660173,-12.071413,-4.678192,30.539968
4361.0000,23.170301,-6.993109,-10.455676,26.364514
4362.0000,26.871755,-1.460797,-6.981415,27.802254
4363.0000,23.991241,-0.244541,-8.114909,25.327676
4364.0000,23.461546,9.597034,-24.388931,35.176231
4365.0000,18.121869,14.661149,-36.888864,43.636450
4366.0000,14.097597,17.987506,-35.575947,42.284047
4367.0000,27.767403,10.361809,-38.009478,48.198716
4368.0000,23.189605,6.543458,-25.697855,35.227183
4369.0000,35.959630,4.117812,-35.957652,51.019644
4370.0000,24.260776,4.073627,-27.975607,37.253380
4371.0000,27.628344,-5.282613,-32.177889,42.739302
4372.0000,18.439073,0.493625,-44.031279,47.738837
4373.0000,20.405560,2.615979,-34.046260,39.779116
4374.0000,16.962744,-0.811267,-31.336136,35.641918
4375.0000,23.910867,-4.065418,-41.459113,48.032439
4376.0000,18.383491,-2.820566,-26.264122,32.182486
4377.0000,21.749032,-3.660346,-34.507401,40.953379
4378.0000,17.504828,-12.163660,-22.120597,30.719610
4379.0000,16.963908,-12.108106,-24.583418,32.229254
4380.0000,15.540334,-4.350822,-37.689286,40.998951
4381.0000,23.496458,-6.834861,-45.023181,51.243397
4382.0000,17.762172,18.395644,-38.523513,46.238031
4383.0000,8.805534,1.563042,-22.543808,24.252914
4384.0000,19.575469,8.132627,-19.182153,28.588347
4385.0000,5.454708,-3.328181,-8.944488,10.992474
4386.0000,12.463772,-5.406227,-19.328478,23.625473
4387.0000,23.761556,-4.450782,-35.712140,43.125143
4388.0000,18.598025,6.495187,-42.001736,46.392023
4389.0000,7.977581,10.661876,-43.550332,45.540628
4390.0000,16.695410,16.923579,-40.140595,46.652027
4391.0000,33.199862,10.476968,-46.348890,57.967382
4392.0000,26.913523,15.721743,-33.999445,46.124539
4393.0000,34.918083,21.806304,-48.656812,63.735961
4394.0000,19.820455,5.117830,-50.247324,54.257131
4395.0000,27.261904,9.278880,-42.538893,51.369899
4396.0000,24.015889,-2.010592,-39.907319,46.619733
4397.0000,19.660119,5.801609,-33.780846,39.513599
4398.0000,17.351816,0.220340,-52.360740,55.161410
4399.0000,16.605913,-7.212810,-48.346338,51.625084
4400.0000,26.013396,-12.879891,-46.332543,54.674426
4401.0000,25.547634,-18.711475,-54.393678,62.940235
4402.0000,16.291733,-22.274858,-60.984748,66.938251
4403.0000,12.585412,-14.142950,-51.102010,54.496157
4404.0000,6.308775,-18.765713,-40.101641,44.722413
4405.0000,11.727876,-10.936956,-30.815632,34.738499
4406.0000,3.169749,-20.748990,-20.402258,29.271488
4407.0000,11.185219,-26.335395,-27.086419,39.399698
4408.0000,3.065297,-34.032183,-26.652449,43.335188
4409.0000,1.650553,-26.781703,-38.203733,46.685213
4410.0000,-3.551002,-35.357124,-35.477572,50.213484
4411.0000,-0.623400,-29.356458,-34.522832,45.321255
4412.0000,-4.940734,-32.534680,-30.332982,44.754956
4413.0000,-1.711162,-18.613790,-24.597383,30.893891
4414.0000,-6.158554,-20.717288,-30.360156,37.267585
4415.0000,2.334472,-16.102439,-31.436479,35.397606
4416.0000,-12.013628,-7.459675,-23.540535,27.461442
4417.0000,-12.210139,-13.744602,-25.340374,31.307126
4418.0000,-6.668185,-7.201529,-25.328290,27.163376
4419.0000,-3.874331,-16.547247,-29.813763,34.317376
4420.0000,-8.237586,-13.894319,-28.971391,33.170038
4421.0000,-17.599213,-9.089818,-23.849884,31.002807
4422.0000,-3.328579,-7.411648,-24.017722,25.354742
4423.0000,4.049653,-10.613739,-24.458830,26.968231
4424.0000,5.458959,-12.381339,-24.353488,27.860190
4425.0000,11.531983,-10.198014,-10.796329,18.802841
4426.0000,14.596542,-12.018898,-7.933153,20.504826
4427.0000,11.690277,-15.617036,-9.258313,21.593303
4428.0000,8.558541,-13.659310,-10.092228,19.017845
4429.0000,16.505625,-5.963927,-5.809806,18.486696
4430.0000,7.232671,2.301254,-14.965821,16.780438
4431.0000,0.939672,-4.044969,-16.952342,17.453557
4432.0000,1.106338,7.688961,-10.783635,13.290256
4433.0000,-5.912703,0.646773,-14.596213,15.761592
4434.0000,6.514643,-0.054342,-18.478526,19.593352
4435.0000,1.989817,-2.582107,-13.863605,14.241706
4436.0000,0.340419,-1.773659,-3.699790,4.117061
4437.0000,3.518531,7.098708,-15.562663,17.463339
4438.0000,-5.765224,16.475502,-14.229533,22.520204
4439.0000,-10.011007,20.792888,-8.807587,24.700972
4440.0000,-7.913808,14.517201,-7.719460,18.247399
4441.0000,10.421704,8.472246,-4.027959,14.021958
4442.0000,5.944315,10.684362,-4.361132,12.981138
4443.0000,5.001840,-0.999971,-2.977347,5.906178
4444.0000,11.058164,5.232813,4.178263,12.927614
4445.0000,20.915496,-8.554519,-6.984930,23.652209
4446.0000,26.955249,1.056531,-10.122693,28.812681
4447.0000,22.534172,7.359697,-5.974711,24.446906
4448.0000,23.599718,0.672915,-4.722932,24.077076
4449.0000,31.479417,12.810667,-0.274795,33.987386
4450.0000,22.359960,15.977646,10.448136,29.400961
4451.0000,18.641853,5.436728,4.978045,20.046387
4452.0000,30.662944,6.496112,11.051021,33.234630
4453.0000,30.877871,12.470421,12.002935,35.398090
4454.0000,55.741647,6.547663,24.065301,61.066700
4455.0000,49.643484,10.272224,27.496921,57.672132
4456.0000,50.859190,20.371199,30.574209,62.740937
4457.0000,55.759818,8.431104,31.064650,64.383641
4458.0000,43.260280,22.380679,23.251179,53.971881
4459.0000,34.887102,17.445611,33.521634,51.431111
4460.0000,37.442964,10.735359,24.265903,45.891802
4461.0000,41.477809,0.734964,28.127388,50.120841
4462.0000,47.422209,-0.663307,41.405291,62.957954
4463.0000,44.647644,1.011449,47.758792,65.386064
4464.0000,46.983236,2.502427,36.064261,59.281680
4465.0000,47.601997,4.582313,53.530696,71.780799
4466.0000,45.444284,14.770151,47.460266,67.348475
4467.0000,54.068551,11.085755,44.788996,71.079929
4468.0000,54.367712,4.612349,40.913694,68.198623
4469.0000,43.151319,4.057214,46.056499,63.243169
4470.0000,47.209237,11.833118,45.002280,66.286801
4471.0000,46.783795,18.812087,33.207047,60.376536
4472.0000,48.501495,13.775111,27.657151,57.507101
4473.0000,55.644924,8.037078,17.256133,58.810937
4474.0000,50.845161,-0.586187,34.513547,61.455341
4475.0000,44.220268,6.318005,24.852473,51.117460
4476.0000,34.084740,2.033086,32.488854,47.132033
4477.0000,26.494247,3.784208,21.819220,34.530331
4478.0000,38.560446,0.459276,21.722420,44.260394
4479.0000,32.592628,16.299439,17.837242,40.572384
4480.0000,35.606744,0.543218,22.220944,41.975060
4481.0000,42.883193,8.614538,24.689673,50.227069
4482.0000,34.143160,12.627143,25.905295,44.679799
4483.0000,28.048133,2.177884,20.201584,34.634447
4484.0000,18.000132,-0.406982,15.190403,23.556713
4485.0000,22.513535,1.730459,26.865529,35.094308
4486.0000,23.429354,1.738054,26.231919,35.214614
4487.0000,30.348989,2.755448,17.754144,35.268446
4488.0000,22.161946,-8.134912,22.318130,32.487345
4489.0000,28.389545,-6.707090,20.514064,35.661998
4490.0000,36.647007,11.704022,26.733491,46.847271
4491.0000,20.636199,21.225644,15.165408,33.262145
4492.0000,17.599324,14.560324,16.383271,28.109622
4493.0000,11.109729,21.039893,20.495321,31.403206
4494.0000,11.160691,16.111114,14.283635,24.251829
4495.0000,11.718538,21.436190,11.088778,26.829002
4496.0000,25.942434,20.012760,14.091647,35.666440
4497.0000,28.602377,5.223138,21.977859,36.447269
4498.0000,27.757423,21.480552,28.149880,44.992271
4499.0000,23.739980,13.981048,6.984248,28.422457
4500.0000,20.130111,17.967176,-0.821558,26.994735
4501.0000,33.760932,13.207095,-0.686151,36.258774
4502.0000,29.150460,11.043305,-9.436021,32.569040
4503.0000,32.110021,9.058308,-22.324539,40.143386
4504.0000,27.284881,3.617596,-1.756402,27.579642
4505.0000,26.998014,15.553016,-6.086411,31.746392
4506.0000,27.602421,7.038104,-5.508772,29.013361
4507.0000,27.120243,13.693479,-6.150679,30.997577
4508.0000,36.133986,8.880245,-2.172008,37.272528
4509.0000,20.208787,19.224818,4.684104,28.283026
4510.0000,30.142112,13.264288,23.036746,40.189301
4511.0000,28.804781,9.603678,13.163971,33.094352
4512.0000,29.478632,8.353046,-1.789661,30.691465
4513.0000,37.497092,10.533863,5.239302,39.299421
4514.0000,23.964073,-6.737544,33.012616,41.346150
4515.0000,24.570158,-2.532602,14.083331,28.433202
4516.0000,15.915033,-7.086772,18.846394,25.665097
4517.0000,23.940582,-0.097581,12.725343,27.112642
4518.0000,20.996498,-7.526741,10.483788,24.645782
4519.0000,22.678902,-16.670121,5.791310,28.736124
4520.0000,32.061196,-17.190950,-2.394184,36.457937
4521.0000,26.751775,-17.439453,14.272186,34.978383
4522.0000,39.607961,-13.620471,8.969438,42.834082
4523.0000,30.785952,-15.976039,18.201445,39.170158
4524.0000,40.537184,-7.978376,12.249024,43.092416
4525.0000,42.482362,1.870472,8.062903,43.281175
4526.0000,36.402234,-1.513700,10.346635,37.874356
4527.0000,44.067204,5.025539,6.003963,44.757369
4528.0000,23.739217,7.975307,1.715036,25.101739
4529.0000,28.963852,9.503197,-5.409355,30.959273
4530.0000,21.819036,-2.234823,4.948568,22.484508
4531.0000,22.625267,8.124870,6.545188,24.914969
4532.0000,25.198989,10.788218,14.402488,30.964599
4533.0000,24.588445,15.308313,8.210172,30.105531
4534.0000,15.459320,14.720414,10.653325,23.857378
4535.0000,11.952746,17.260169,6.089785,21.860170
4536.0000,24.765493,24.265658,5.526222,35.109699
4537.0000,24.356861,21.789940,7.650281,33.564639
4538.0000,10.387008,28.368492,14.772564,33.628707
4539.0000,23.558813,26.447744,10.849838,37.043486
4540.0000,21.934934,29.165403,20.404519,41.810363
4541.0000,12.786101,12.581124,13.462653,22.427931
4542.0000,18.922928,11.203372,19.037778,29.086590
4543.0000,14.423100,3.726294,21.500784,26.157118
4544.0000,13.962860,8.501794,9.254181,18.785149
4545.0000,23.993852,11.920938,14.435064,30.433284
4546.0000,23.591443,18.088563,16.208774,33.859661
4547.0000,15.801079,10.250201,10.411591,21.520733
4548.0000,38.463345,12.619474,19.773802,45.052006
4549.0000,37.637938,17.020140,16.249032,44.388406
4550.0000,25.706676,14.337907,21.704331,36.571666
4551.0000,22.450823,12.990121,13.787509,29.374786
4552.0000,25.952674,9.779366,18.775223,33.491585
4553.0000,27.229877,6.911799,10.671472,30.051947
4554.0000,20.657123,7.888433,16.109260,27.357858
4555.0000,26.560934,10.700579,8.534660,29.880195
4556.0000,32.452349,14.314780,2.674355,35.569931
4557.0000,17.286091,22.479219,6.086861,29.003002
4558.0000,24.175714,17.321759,7.531694,30.679552
4559.0000,21.759108,21.903497,1.897421,30.932542
4560.0000,24.814238,35.301897,-8.286276,43.938966
4561.0000,30.738343,26.603441,-6.372219,41.148439
4562.0000,35.900726,18.152451,-7.928566,41.002875
4563.0000,36.416881,17.707386,-5.994687,40.935035
4564.0000,22.627070,23.404606,-14.591967,35.674716
4565.0000,25.838209,23.832593,-18.924466,39.921685
4566.0000,30.414120,14.545385,-7.707128,34.583041
4567.0000,22.321254,9.714022,-1.058152,24.366376
4568.0000,25.322790,8.052475,-14.035933,30.051514
4569.0000,19.035408,13.862122,-10.978914,25.981565
4570.0000,14.885696,22.414079,-8.151459,28.114430
4571.0000,1.720367,14.467686,-15.661912,21.390865
4572.0000,8.636843,17.679387,-13.942547,24.115356
4573.0000,16.651414,18.558071,-9.436228,26.659220
4574.0000,22.103264,13.412568,-8.510018,27.218958
4575.0000,27.724224,16.244410,-6.938585,32.873354
4576.0000,8.970409,7.247803,-6.055709,13.025763
4577.0000,17.037793,8.383356,-4.893963,19.609129
4578.0000,12.954779,10.085243,-1.772222,16.513001
4579.0000,16.592072,14.454867,-11.469221,24.814977
4580.0000,19.885304,11.492251,-17.040268,28.598390
4581.0000,15.101442,9.430998,-21.061795,27.578914
4582.0000,4.553602,13.073663,-24.029710,27.732345
4583.0000,23.145172,4.846669,-18.474043,30.007990
4584.0000,16.016794,18.116889,-16.774041,29.430050
4585.0000,8.960155,17.935670,-30.581495,36.567752
4586.0000,14.503845,15.485596,-21.698731,30.347984
4587.0000,21.781762,18.490724,-19.821560,34.774219
4588.0000,30.151587,23.745926,-23.018289,44.752976
4589.0000,26.717310,26.896100,-18.506907,42.186733
4590.0000,23.983430,20.205610,-28.958800,42.685872
4591.0000,19.695839,18.825185,-8.807687,28.633704
4592.0000,13.994581,19.897816,-22.204457,32.936443
4593.0000,6.773118,13.505210,-9.282548,17.732218
4594.0000,23.719066,10.281308,-11.191809,28.170126
4595.0000,17.328215,25.473682,-7.604394,31.733300
4596.0000,16.572696,22.729377,-0.586309,28.135788
4597.0000,15.771544,15.607660,-3.539291,22.469251
4598.0000,13.757016,19.528756,-2.595877,24.028449
4599.0000,20.439727,13.989341,1.087839,24.792488
4600.0000,8.715667,17.895541,-8.198061,21.527226
4601.0000,13.123538,16.888648,-7.259456,22.586575
4602.0000,13.209693,9.577084,-21.272081,26.808916
4603.0000,8.557775,24.011135,-30.183366,39.507034
4604.0000,6.855898,17.408673,-26.695458,32.599274
4605.0000,15.820409,7.700398,-14.761696,22.967131
4606.0000,13.256624,25.285237,-22.711164,36.481204
4607.0000,17.243380,15.988302,-19.169584,30.338637
4608.0000,11.484320,14.079033,-17.742828,25.395211
4609.0000,27.097233,11.331622,-28.398461,40.855089
4610.0000,32.362567,5.826916,-26.164996,42.022562
4611.0000,24.482103,21.134669,-25.500769,41.186610
4612.0000,2.239793,15.761025,-22.307386,27.405220
4613.0000,6.159244,9.126437,-21.523352,24.176079
4614.0000,6.634902,15.751760,-31.325166,35.684813
4615.0000,16.963059,22.961088,-21.253769,35.590443
4616.0000,18.136169,34.836237,-21.607877,44.826157
4617.0000,25.514240,26.366370,-14.989070,39.633750
4618.0000,20.773694,25.066922,-16.237467,36.380657
4619.0000,9.316496,28.664053,-18.448379,35.337908
4620.0000,6.318906,36.085179,-9.860206,37.938007
4621.0000,-3.734688,19.286017,-9.753802,21.932510
4622.0000,-4.989289,22.249834,-18.923093,29.631597
4623.0000,-2.308217,23.883784,-18.540719,30.323610
4624.0000,1.728375,30.177300,-22.855830,37.895193
4625.0000,11.760100,16.266322,-12.978024,23.902349
4626.0000,13.742348,23.714238,-12.555923,30.147445
4627.0000,3.741413,9.375973,-17.663532,20.344714
4628.0000,5.963782,23.366855,-17.029793,29.522710
4629.0000,-1.459512,14.339276,-8.221358,16.593244
4630.0000,0.912750,16.748007,-11.452255,20.309678
4631.0000,1.176688,15.126353,-14.087681,20.703958
4632.0000,-0.293318,6.752286,-7.114543,9.813059
4633.0000,-5.493413,8.373221,-6.204421,11.780631
4634.0000,-1.091574,5.781797,1.464813,6.063529
4635.0000,11.639787,6.116461,-3.256934,13.546341
4636.0000,10.892784,13.504390,-6.685799,18.593579
4637.0000,14.140664,21.069028,0.366171,25.377084
4638.0000,13.033965,17.480016,-3.728243,22.120918
4639.0000,19.123629,24.552544,0.079542,31.121486
4640.0000,5.983779,22.838771,-12.077051,26.519243
4641.0000,0.313121,23.476498,-8.334350,24.913960
4642.0000,3.593465,30.610540,-7.159838,31.641451
4643.0000,-1.663924,27.796171,1.655749,27.895112
4644.0000,-1.308888,17.815672,-8.043015,19.590851
4645.0000,-0.653503,18.942132,-7.632962,20.432658
4646.0000,-0.908506,17.810975,-11.508513,21.225034
4647.0000,5.037582,11.422803,-17.412805,21.425766
4648.0000,8.270708,17.665797,-16.580720,25.600884
4649.0000,6.288029,10.645684,-16.531426,20.643593
4650.0000,18.738672,14.569458,-15.896678,28.567662
4651.0000,22.023992,6.116561,-19.630909,30.130402
4652.0000,17.747350,8.071405,-16.317982,25.424251
4653.0000,16.986103,14.622171,-5.070004,22.979132
4654.0000,17.957733,20.426740,-6.022147,27.856743
4655.0000,25.017597,-7.116849,-13.068787,29.108811
4656.0000,41.032298,9.100730,-15.622638,44.839041
4657.0000,51.291440,7.825299,0.292711,51.885767
4658.0000,40.645519,-0.957857,-1.690427,40.691931
4659.0000,36.878892,-6.824073,-2.960136,37.621577
4660.0000,37.508683,-3.218333,-3.984537,37.856777
4661.0000,42.332707,0.898194,-4.284992,42.558501
4662.0000,45.278101,-6.850949,1.200202,45.809196
4663.0000,51.120630,10.538895,-1.244588,52.210499
4664.0000,45.885882,3.532500,2.040478,46.066868
4665.0000,45.050728,13.965453,5.733114,47.512846
4666.0000,51.810778,7.349891,16.643018,54.912364
4667.0000,55.799255,-0.417263,6.399106,56.166534
4668.0000,39.481331,-1.343211,8.678572,40.446228
4669.0000,44.248555,-15.763055,4.837971,47.220911
4670.0000,45.348507,-12.014874,0.247002,46.913807
4671.0000,48.133373,3.922065,1.468824,48.315232
4672.0000,56.269525,5.729411,-2.396862,56.611223
4673.0000,54.767297,8.541542,-6.711666,55.834230
4674.0000,47.327871,10.434905,0.095936,48.464666
4675.0000,51.238587,-0.459814,-11.348764,52.482365
4676.0000,40.767015,-15.183857,-10.700742,44.799608
4677.0000,43.898956,0.307775,-8.178468,44.655352
4678.0000,46.384965,-18.504398,-10.996286,51.136054
4679.0000,46.015750,-9.754884,-6.254833,47.452397
4680.0000,49.594910,-10.101827,-0.317802,50.614257
4681.0000,43.790893,-16.185381,8.792328,47.506988
4682.0000,55.511090,-10.640292,-5.222710,56.762431
4683.0000,55.777878,-10.519865,-22.153656,60.931303
4684.0000,47.856662,-0.397032,-16.702836,50.689274
4685.0000,46.556946,-12.142358,-11.468978,49.462344
4686.0000,54.578943,-17.118486,-14.969666,59.126935
4687.0000,35.647783,-12.401314,-24.665849,45.088370
4688.0000,36.048026,-19.900982,-16.496802,44.358243
4689.0000,25.069296,-14.445956,-14.372808,32.306855
4690.0000,25.542063,-12.146017,-23.950039,37.061126
4691.0000,21.364918,-3.804327,-21.548426,30.582140
4692.0000,27.655724,-1.561574,-20.510086,34.466523
4693.0000,37.393350,4.591270,-22.160182,43.708306
4694.0000,44.971920,3.092231,-19.820057,49.242970
4695.0000,35.814794,1.019334,-25.932450,44.229294
4696.0000,43.222325,10.006753,-19.649134,48.522087
4697.0000,36.059002,-5.284283,-18.822903,41.018008
4698.0000,41.638960,-1.932312,-26.207926,49.238117
4699.0000,34.360594,-9.250951,-34.893202,49.837396
4700.0000,37.260349,-5.510284,-26.844273,46.252695
4701.0000,23.268822,3.730705,-18.520646,29.972830
4702.0000,40.639592,4.003492,-13.477657,43.002926
4703.0000,36.500811,8.786849,-23.487348,44.285138
4704.0000,39.330349,-2.945185,-13.548278,41.702593
4705.0000,46.761223,-2.261771,-0.775977,46.822321
4706.0000,44.692968,-9.063416,-7.614102,46.233986
4707.0000,55.866152,5.472900,-10.536793,57.113952
4708.0000,54.446943,9.095424,-13.398555,56.804204
4709.0000,59.505612,-0.207317,-22.360273,63.568409
4710.0000,50.579887,1.102661,-21.804656,55.090688
4711.0000,56.625890,-2.293680,-17.107376,59.198097
4712.0000,52.046682,6.294278,-13.429546,54.118645
4713.0000,48.558278,15.133339,-20.302013,54.764003
4714.0000,49.493621,9.646862,-30.225352,58.789900
4715.0000,40.399207,11.500667,-24.742375,48.749835
4716.0000,45.864694,11.803492,-22.688423,52.513399
4717.0000,44.231386,9.164366,-22.790303,50.594456
4718.0000,42.116527,4.735741,-17.216472,45.745339
4719.0000,50.402350,7.054812,-9.327116,51.741302
4720.0000,45.782639,6.857443,-14.432398,48.490913
4721.0000,33.707431,24.037266,-6.585351,41.920734
4722.0000,34.372889,2.935521,-9.348579,35.742254
4723.0000,44.135864,-7.798553,-7.228831,45.398766
4724.0000,39.984237,9.531345,-12.836474,43.062290
4725.0000,29.499959,5.425434,4.575864,30.341744
4726.0000,29.848279,13.885370,12.854820,35.340765
4727.0000,32.565407,11.546915,7.868729,35.436617
4728.0000,33.722190,7.620424,1.433891,34.602211
4729.0000,32.858421,8.906164,5.932262,34.557015
4730.0000,36.966918,2.563083,8.517259,38.021916
4731.0000,36.068956,5.718719,3.016220,36.643839
4732.0000,30.797043,5.227750,-1.927255,31.296989
4733.0000,38.175300,1.587450,-1.703532,38.246249
4734.0000,38.613235,9.671470,-6.361539,40.311145
4735.0000,35.728094,-4.483421,1.540320,36.041231
4736.0000,34.644741,-6.568205,12.050715,37.264180
4737.0000,19.482233,10.860629,4.996722,22.857776
4738.0000,10.311886,-0.593714,1.743359,10.475056
4739.0000,17.835715,0.632496,10.512740,20.713051
4740.0000,18.493706,-13.169863,9.665932,24.675751
4741.0000,25.962525,-10.720869,10.957867,30.150698
4742.0000,18.140113,-13.080684,11.665030,25.223817
4743.0000,15.944810,-6.630476,11.272348,20.621979
4744.0000,21.601818,-5.796831,12.232697,25.492757
4745.0000,17.483447,-9.489479,10.564863,22.524153
4746.0000,14.164466,0.643098,16.587364,21.821694
4747.0000,18.701609,-0.850357,10.996393,21.711608
4748.0000,17.025254,2.360610,14.279546,22.345854
4749.0000,17.250789,8.979974,22.156261,29.481003
4750.0000,20.789221,2.661909,15.766478,26.227073
4751.0000,16.616255,-7.909523,17.034322,25.076455
4752.0000,18.987626,13.375851,12.045344,26.163594
4753.0000,25.942927,6.973957,14.656427,30.602000
4754.0000,28.497568,8.104112,32.476891,43.960624
4755.0000,37.452926,8.398278,29.508658,48.415014
4756.0000,27.013525,2.345194,14.745264,30.865082
4757.0000,39.760008,-12.993724,9.292560,42.849116
4758.0000,22.042859,3.575053,8.122875,23.762360
4759.0000,14.495513,8.699914,5.277132,17.710350
4760.0000,0.804148,16.973090,-0.832605,17.012515
4761.0000,0.966338,8.934872,5.113206,10.339760
4762.0000,2.485369,22.032828,10.341960,24.465868
4763.0000,2.131813,24.856854,19.589479,31.719954
4764.0000,0.726635,36.462178,17.060890,40.262792
4765.0000,1.889769,33.916027,15.291343,37.251756
4766.0000,6.056817,29.430216,17.701660,34.873649
4767.0000,2.164643,35.044345,16.262650,38.694516
4768.0000,-1.043541,38.355386,14.161103,40.899407
4769.0000,2.052152,30.056574,6.919204,30.910910
4770.0000,-12.185798,24.433952,-8.919858,28.724128
4771.0000,-16.201930,12.206671,-18.793683,27.653352
4772.0000,-12.073792,21.233072,-12.608260,27.487961
4773.0000,-14.494449,28.138032,-4.584863,31.982165
4774.0000,-22.530806,25.667616,-16.404998,37.889150
4775.0000,-26.543320,21.117955,-9.378776,35.192006
4776.0000,-23.531142,15.164975,2.220413,28.082402
4777.0000,-17.952159,4.616618,1.440721,18.592172
4778.0000,-27.410117,23.145003,-6.207320,36.407918
4779.0000,-36.139034,13.868750,3.616591,38.877394
4780.0000,-23.832369,5.951759,16.132620,29.388206
4781.0000,-23.530403,16.428682,0.837615,28.710330
4782.0000,-40.923439,19.198059,3.065419,45.306624
4783.0000,-38.573321,15.965318,5.126937,42.060408
4784.0000,-41.233391,14.410286,9.036990,44.603992
4785.0000,-36.610818,11.665383,11.438251,40.090732
4786.0000,-49.973622,0.195827,16.826275,52.730682
4787.0000,-39.327282,10.010888,12.425118,42.440978
4788.0000,-49.758764,-3.610560,8.375130,50.587682
4789.0000,-39.703852,3.150454,3.083859,39.947859
4790.0000,-44.221287,17.550961,14.144301,49.634864
4791.0000,-38.808066,21.445262,5.818956,44.719409
4792.0000,-38.968949,19.368740,11.827051,45.095523
4793.0000,-30.085654,35.146659,17.699540,49.534916
4794.0000,-33.670833,34.749847,11.893099,49.826927
4795.0000,-37.805565,26.663534,21.096893,50.845685
4796.0000,-33.670671,22.928502,14.814255,43.346193
4797.0000,-42.546416,27.510108,24.941493,56.471954
4798.0000,-46.210769,32.626585,25.809825,62.177780
4799.0000,-47.963477,24.491777,12.431139,55.270928
4800.0000,-43.962712,25.761696,29.220689,58.738690
4801.0000,-28.509934,21.145020,17.570135,39.606033
4802.0000,-26.464301,26.745732,21.239113,43.206404
4803.0000,-33.747722,33.172013,19.335937,51.119171
4804.0000,-23.487904,23.437964,24.932995,41.505109
4805.0000,-22.990000,35.726144,22.657217,48.148177
4806.0000,-19.021061,31.497047,23.216319,43.507036
4807.0000,-29.544520,39.958645,15.986531,52.202884
4808.0000,-29.449299,30.279952,19.689991,46.602923
4809.0000,-33.876570,34.182773,12.762184,49.789128
4810.0000,-32.581538,41.510829,12.902879,54.324854
4811.0000,-23.659233,36.139637,6.653737,43.704746
4812.0000,-14.168513,21.202521,17.630835,31.002258
4813.0000,-31.607933,28.123943,13.413729,44.384071
4814.0000,-37.544533,26.708264,19.853629,50.170608
4815.0000,-36.476320,28.437799,16.425726,49.081919
4816.0000,-27.485744,41.468631,23.530976,55.034719
4817.0000,-26.379235,25.327669,23.197158,43.306616
4818.0000,-30.789609,28.030491,25.673177,48.916465
4819.0000,-21.829843,33.714348,20.979906,45.313968
4820.0000,-28.871059,23.566830,13.903199,39.777286
4821.0000,-24.022400,26.012623,18.552592,39.974128
4822.0000,-25.245402,15.388699,11.777120,31.825193
4823.0000,-28.955876,27.147338,7.829028,40.456327
4824.0000,-24.591492,20.240446,11.630243,33.906927
4825.0000,-21.558790,18.033316,11.240321,30.270889
4826.0000,-19.957570,13.408559,12.584733,27.137972
4827.0000,-27.543487,18.136690,6.806052,33.673514
4828.0000,-35.517232,17.634456,16.964851,43.130662
4829.0000,-23.764961,7.434526,8.582607,26.338312
4830.0000,-13.500695,8.693812,7.630797,17.778645
4831.0000,-25.554825,16.891980,4.290900,30.932182
4832.0000,-22.120737,13.060007,-5.380828,26.245840
4833.0000,-15.134773,21.480959,5.277303,26.801920
4834.0000,-15.399770,27.061427,9.565810,32.572664
4835.0000,-8.094956,21.430908,12.282677,25.993775
4836.0000,-15.551601,20.663092,14.796912,29.795373
4837.0000,-8.860442,22.711872,13.137378,27.693452
4838.0000,-14.647969,33.901166,3.183739,37.067347
4839.0000,6.048184,24.751545,16.306391,30.250915
4840.0000,-7.448056,21.776299,16.268090,28.183887
4841.0000,-8.870998,26.707902,18.355624,33.599637
4842.0000,-13.189943,22.665411,23.967716,35.526706
4843.0000,-20.722396,13.004996,22.143287,32.998072
4844.0000,-14.612900,32.710179,24.395088,43.342969
4845.0000,-5.900946,18.474488,36.085373,40.966841
4846.0000,0.200609,21.114142,20.268693,29.268877
4847.0000,-0.171302,11.602961,24.543863,27.148835
4848.0000,8.874957,13.688263,9.177613,18.717959
4849.0000,2.671260,28.543122,0.044453,28.667882
4850.0000,2.772067,31.290229,9.332387,32.769745
4851.0000,6.539484,34.933416,10.311454,37.005871
4852.0000,0.219531,32.303878,6.674631,32.986958
4853.0000,1.429425,28.910049,17.028989,33.583041
4854.0000,12.445579,32.285669,11.826946,36.566837
4855.0000,18.282495,29.048563,18.787207,39.128350
4856.0000,3.324417,22.366129,11.478825,25.358606
4857.0000,15.342021,17.231499,3.660576,23.360265
4858.0000,16.503569,7.539492,-6.799116,19.376267
4859.0000,14.547693,8.926014,-3.135304,17.353364
4860.0000,19.528746,18.691939,-2.755722,27.172679
4861.0000,27.856137,10.765317,-4.656184,30.224765
4862.0000,21.111709,5.090683,-3.931067,22.069722
4863.0000,28.085116,6.030854,-0.227769,28.726239
4864.0000,23.977309,6.868686,5.382318,25.515869
4865.0000,20.186534,6.202316,2.025187,21.214765
4866.0000,30.344553,6.845235,1.994028,31.170904
4867.0000,7.436963,5.325054,8.479419,12.472577
4868.0000,15.000270,0.221039,1.341410,15.061750
4869.0000,19.695287,13.937251,-2.402632,24.247143
4870.0000,15.605441,21.022009,-8.425576,27.503545
4871.0000,14.685855,15.838525,-16.797249,27.362032
4872.0000,20.029251,21.831542,-18.751452,35.062859
4873.0000,20.268455,26.999973,-14.288295,36.660117
4874.0000,19.567631,20.470118,-6.567730,29.069795
4875.0000,16.786081,20.541204,-5.017486,26.997939
4876.0000,25.785148,25.941669,-19.135079,41.279478
4877.0000,21.569370,23.414855,-8.154420,32.863166
4878.0000,8.321679,18.258108,-5.318650,20.758056
4879.0000,13.730822,12.445233,-8.884211,20.551119
4880.0000,13.757387,30.887656,-12.006811,35.881423
4881.0000,29.688279,30.481647,-12.478477,44.342272
4882.0000,23.569307,27.045767,-14.423189,38.665412
4883.0000,18.464628,29.723482,-18.005129,39.352415
4884.0000,12.264856,31.286358,-6.845245,34.294610
4885.0000,11.377401,35.668290,-13.392209,39.762085
4886.0000,12.387542,35.391567,-8.269006,38.397795
4887.0000,22.669561,32.766945,-12.015122,41.616642
4888.0000,4.580090,35.290567,-17.049522,39.459948
4889.0000,-3.768221,36.168223,-7.768896,37.184615
4890.0000,7.499394,30.732223,-9.753174,33.103397
4891.0000,-1.642465,39.912529,0.017526,39.946314
4892.0000,-3.257018,38.089745,-12.080678,40.092139
4893.0000,16.312374,30.562834,3.427515,34.812759
4894.0000,22.081129,37.803922,-8.052994,44.514756
4895.0000,27.965902,36.422506,-7.131573,46.470958
4896.0000,31.244915,30.629140,1.506869,43.779671
4897.0000,29.908479,32.041022,-8.305805,44.610880
4898.0000,35.243722,27.643824,-2.676252,44.871631
4899.0000,28.516898,19.737939,-7.070980,35.394893
4900.0000,22.031742,30.742670,-21.843195,43.676477
4901.0000,21.110380,20.822457,-9.000809,30.987698
4902.0000,27.016638,27.988833,-11.516343,40.569689
4903.0000,22.000549,21.915396,-4.682837,31.404421
4904.0000,16.078995,27.705753,-11.934572,34.184453
4905.0000,12.568381,22.942800,-20.330451,33.131005
4906.0000,18.852411,29.708077,-18.298911,39.658964
4907.0000,26.063012,22.407626,-21.908621,40.759907
4908.0000,18.801993,18.146270,-8.267031,27.407040
4909.0000,26.786845,21.301715,-29.120428,44.936594
4910.0000,18.413601,25.737032,-23.040061,39.144603
4911.0000,12.200663,30.516022,-14.162449,35.786293
4912.0000,14.410134,9.304165,-0.225918,17.154314
4913.0000,17.599378,13.836736,12.161875,25.477531
4914.0000,4.437812,19.677762,14.038108,24.575943
4915.0000,-6.048451,13.738480,13.036240,19.881478
4916.0000,8.159853,12.430821,18.684937,23.879601
4917.0000,1.280828,22.441688,18.057728,28.833165
4918.0000,6.392389,29.243200,9.987453,31.555928
4919.0000,5.637024,20.889976,11.464997,24.487003
4920.0000,8.214997,-4.943650,18.958521,21.245032
4921.0000,6.351471,-3.376544,20.933893,22.135268
4922.0000,10.768035,-5.476572,16.637050,20.560517
4923.0000,17.498993,0.731129,8.936375,19.662352
4924.0000,8.098182,10.671181,0.036035,13.396118
4925.0000,-3.942629,9.216934,15.520801,18.476781
4926.0000,-1.007451,0.573428,7.685353,7.772286
4927.0000,14.960713,3.350429,18.608863,24.110953
4928.0000,6.849600,20.384948,13.905260,25.608971
4929.0000,-8.660280,6.709291,11.454555,15.849980
4930.0000,-6.112919,14.639515,18.906892,24.681041
4931.0000,3.419090,13.081034,11.937415,18.036227
4932.0000,8.488267,19.187688,11.137728,23.754306
4933.0000,12.049219,7.479601,11.177006,18.056954
4934.0000,12.844762,14.080941,16.710565,25.347658
4935.0000,8.238005,13.250252,1.633643,15.687660
4936.0000,18.440347,12.025166,11.870495,25.011190
4937.0000,6.665980,18.417799,12.870604,23.437216
4938.0000,11.438973,19.161678,2.502202,22.456203
4939.0000,-3.905660,18.392772,17.251032,25.517569
4940.0000,5.829181,5.242882,7.355722,10.750525
4941.0000,-10.565798,3.732335,16.157665,19.663075
4942.0000,5.477725,6.747465,13.411628,15.981411
4943.0000,11.785779,8.931133,6.625735,16.204015
4944.0000,6.840371,13.093263,4.413554,15.417641
4945.0000,23.721003,11.631463,-6.235950,27.145239
4946.0000,19.116226,13.087722,-1.222013,23.199394
4947.0000,7.395441,18.124596,7.740014,21.049973
4948.0000,24.110160,17.998102,-3.667096,30.309720
4949.0000,14.784709,16.108020,-3.398671,22.127062
4950.0000,10.991868,16.343261,3.250559,19.962201
4951.0000,16.962397,19.957954,3.018493,26.365776
4952.0000,20.344979,14.783866,7.781897,26.325630
4953.0000,18.974561,3.865292,19.203171,27.271528
4954.0000,23.127277,8.402022,10.169419,26.624838
4955.0000,23.501140,9.457467,14.264746,29.072843
4956.0000,20.122570,19.449127,17.604629,33.062204
4957.0000,23.873555,24.935782,16.351847,38.198465
4958.0000,36.861706,16.312026,20.455557,45.202846
4959.0000,26.032370,6.847509,32.177191,41.951690
4960.0000,40.860579,10.022731,27.258081,50.130281
4961.0000,36.413884,16.864457,36.823828,54.464440
4962.0000,34.118934,14.872043,26.728200,45.822221
4963.0000,35.914882,21.453780,24.981071,48.725736
4964.0000,33.668467,11.445567,23.466196,42.605505
4965.0000,27.840265,6.705337,20.518764,35.228704
4966.0000,27.487454,8.773027,12.033175,31.262172
4967.0000,24.943722,7.905077,5.272302,26.692259
4968.0000,41.922910,15.705489,16.330028,47.653569
4969.0000,31.890755,16.753779,27.186839,45.131292
4970.0000,32.206544,10.926879,28.410559,44.314987
4971.0000,27.649898,7.479677,26.589709,39.082925
4972.0000,26.845972,17.650317,31.592237,45.058954
4973.0000,29.214457,19.565817,24.819956,43.038772
4974.0000,22.872749,24.463142,36.798355,49.756677
4975.0000,19.194156,3.560294,35.111735,40.173688
4976.0000,18.438756,1.396375,35.819061,40.310578
4977.0000,28.273016,-6.362308,29.866880,41.615777
4978.0000,28.331297,-6.790714,26.986946,39.712358
4979.0000,22.290435,-7.405305,30.722849,38.672930
4980.0000,26.046571,-3.319897,26.313185,37.172965
4981.0000,31.741301,4.511159,34.966183,47.439379
4982.0000,37.994520,11.910503,42.885709,58.520318
4983.0000,37.965200,4.651132,30.853339,49.141815
4984.0000,22.209155,-0.090092,30.440104,37.680958
4985.0000,27.438857,5.569027,41.817794,50.325270
4986.0000,35.867404,13.608318,43.655362,58.115812
4987.0000,10.999432,6.297106,31.818288,34.249738
4988.0000,20.738574,-9.293369,43.973361,49.498602
4989.0000,24.499358,-0.486192,28.253871,37.399681
4990.0000,25.105925,-3.456642,23.873797,34.816864
4991.0000,40.746007,-8.263868,28.259843,50.270740
4992.0000,33.700794,-12.553149,34.808690,50.049675
4993.0000,36.512461,-6.497800,33.823420,50.193675
4994.0000,35.870016,0.495537,38.082005,52.317709
4995.0000,26.102736,6.722977,34.139473,43.497757
4996.0000,38.413334,6.737681,28.809386,48.486712
4997.0000,32.540080,-4.666132,21.922167,39.512162
4998.0000,36.878921,1.657160,23.925870,43.991457
4999.0000,44.630122,-2.607879,17.092271,47.862245
5000.0000,44.808502,-0.785153,25.547936,51.586000
5001.0000,35.405023,-1.616583,26.480395,44.241839
5002.0000,31.810702,-3.649288,21.703844,38.681972
5003.0000,27.887966,2.905586,27.013922,38.934985
5004.0000,29.694003,-3.402370,22.587358,37.463298
5005.0000,20.722736,8.772411,34.381384,41.090954
5006.0000,18.791309,2.390265,25.523480,31.784818
5007.0000,11.742178,11.598908,30.095967,34.324636
5008.0000,7.456309,1.456747,20.583643,21.940944
5009.0000,1.180344,-13.124707,17.435063,21.854807
5010.0000,-0.101535,-15.353726,16.198556,22.319060
5011.0000,6.755733,-10.630530,9.174970,15.582945
5012.0000,10.054579,-18.417108,3.711014,21.308591
5013.0000,18.198808,-3.465389,10.206456,21.151294
5014.0000,1.087019,-4.640806,7.342582,8.753982
5015.0000,4.084643,-5.177005,-2.738610,7.140425
5016.0000,18.067676,-10.692434,10.800503,23.609742
5017.0000,8.455913,-12.368331,6.890937,16.491303
5018.0000,8.598278,-15.277218,7.322463,18.998480
5019.0000,-2.528009,-10.957368,7.602839,13.574163
5020.0000,-6.455132,-7.272973,8.159327,12.694073
5021.0000,-9.365355,-20.690803,2.605000,22.860560
5022.0000,9.069177,-13.703694,3.042245,16.712165
5023.0000,-2.979137,-19.916484,4.772912,20.695948
5024.0000,-6.215266,-5.396805,7.164298,10.912479
5025.0000,-16.364810,0.222986,4.283623,16.917629
5026.0000,-10.364232,-6.235270,-1.667269,12.209656
5027.0000,-6.800612,-11.910459,-8.688160,16.235501
5028.0000,-7.382397,-11.678285,-15.694814,20.909551
5029.0000,-5.720726,-12.015976,-10.923559,17.217274
5030.0000,1.571122,-2.624275,-11.157794,11.569426
5031.0000,-3.377912,-8.351799,0.835163,9.047670
5032.0000,-10.951042,-1.178448,-6.245982,12.662004
5033.0000,-11.397744,-1.448610,-8.915302,14.542683
5034.0000,-30.559231,-13.294920,-5.939826,33.851189
5035.0000,-9.017027,-7.370854,4.660270,12.544097
5036.0000,-13.335764,-7.795416,-8.334144,17.551896
5037.0000,-4.418703,2.029141,-10.003748,11.122829
5038.0000,-10.261793,-5.145952,-19.105343,22.288996
5039.0000,-7.818029,-3.150841,-1.818322,8.622973
5040.0000,-7.846802,4.815541,-11.293793,14.570913
5041.0000,-8.291403,1.748601,-17.222939,19.194651
5042.0000,-5.159562,-4.687231,-13.122841,14.859346
5043.0000,-9.215290,-6.234166,-23.708026,26.188870
5044.0000,-6.413681,-8.677126,-22.611199,25.053825
5045.0000,-3.362989,-11.777011,-23.411162,26.421397
5046.0000,-9.692377,-5.792584,-23.670023,26.225296
5047.0000,-25.395302,-9.648238,-22.105794,35.023935
5048.0000,-26.852101,-1.959784,-15.014228,30.826987
5049.0000,-24.169342,4.743276,-18.672280,30.908086
5050.0000,-6.962901,11.466245,-17.308773,21.898639
5051.0000,-6.874989,-0.781617,-15.816218,17.263521
5052.0000,-6.092800,3.368903,-17.846007,19.155983
5053.0000,-11.488981,-0.543679,-16.225681,19.888816
5054.0000,-10.219314,-4.147150,-32.727897,34.536191
5055.0000,-3.797490,0.420931,-25.650675,25.933670
5056.0000,-10.714101,-2.883814,-30.348774,32.313409
5057.0000,-0.466847,-14.076811,-24.757256,28.483263
5058.0000,-6.394167,-4.898238,-35.734662,36.631191
5059.0000,-5.957200,2.988579,-34.784386,35.417134
5060.0000,-5.894799,0.840035,-26.954659,27.604492
5061.0000,-0.838358,1.336106,-34.827960,34.863661
5062.0000,6.602812,6.256144,-32.435488,33.686754
5063.0000,7.576300,6.541556,-30.621243,32.215723
5064.0000,2.019977,13.838843,-32.407989,35.296907
5065.0000,7.893324,17.702628,-31.325196,36.836877
5066.0000,-19.555307,12.240959,-32.198504,39.610538
5067.0000,-15.914856,4.378064,-26.300505,31.051033
5068.0000,-6.917532,5.117911,-32.111824,33.244766
5069.0000,-11.059744,-7.652993,-31.316102,34.082026
5070.0000,-6.371977,-9.127284,-27.616409,29.775417
5071.0000,-8.442040,-13.499768,-18.428794,24.354306
5072.0000,-14.976751,-2.263061,-27.039406,30.992806
5073.0000,-16.085668,-2.138558,-15.145842,22.197267
5074.0000,-12.304562,2.419015,-26.413486,29.239120
5075.0000,-1.925252,2.252491,-31.883649,32.021046
5076.0000,-0.645917,4.754052,-24.160941,24.632687
5077.0000,5.202563,11.346027,-31.325144,33.720374
5078.0000,8.526806,19.239466,-33.642114,39.681926
5079.0000,3.092985,9.583540,-27.636347,29.413917
5080.0000,-7.469571,13.415910,-28.491170,32.365536
5081.0000,5.085434,13.448230,-22.011360,26.290996
5082.0000,1.139088,2.093256,-26.190203,26.298402
5083.0000,-2.075423,6.680420,-18.958120,20.207566
5084.0000,6.334028,-9.731802,-26.748746,29.160304
5085.0000,3.132298,-9.674516,-22.404138,24.603922
5086.0000,3.443960,-2.070889,-25.693315,26.005689
5087.0000,7.181313,-9.929246,-29.376762,31.830101
5088.0000,-3.053694,-14.053135,-24.370289,28.297113
5089.0000,-11.309020,-23.327937,-22.798263,34.523143
5090.0000,-2.129263,-12.572359,-18.057300,22.105748
5091.0000,-3.676628,-9.986449,-20.503985,23.101085
5092.0000,2.875039,-3.617633,-29.716831,30.073962
5093.0000,10.721781,-2.996274,-30.826645,32.775238
5094.0000,8.203010,0.826153,-27.087794,28.314669
5095.0000,10.990171,-2.089467,-14.794817,18.548216
5096.0000,6.151728,14.618830,-4.917777,16.605375
5097.0000,9.569539,10.018900,-1.599600,13.946797
5098.0000,6.141888,17.562778,5.632182,19.439533
5099.0000,-1.291256,4.779103,-1.242041,5.103904
5100.0000,8.994916,8.002431,9.396787,15.272427
5101.0000,-6.710474,12.468936,13.045005,19.252973
5102.0000,1.014868,13.909101,-3.782848,14.450017
5103.0000,-16.365561,15.400140,3.030963,22.675596
5104.0000,-5.386282,18.938363,6.117374,20.617854
5105.0000,-4.352251,13.166708,-3.230314,14.238652
5106.0000,3.366285,19.007840,0.960474,19.327503
5107.0000,-7.256298,24.058992,-3.429274,25.362351
5108.0000,-1.768039,18.733473,7.962032,20.431910
5109.0000,0.954733,19.095606,10.779206,21.948689
5110.0000,2.435502,22.813363,10.995535,25.441757
5111.0000,0.000688,11.015955,6.147112,12.615001
5112.0000,0.289687,12.960946,7.081192,14.772045
5113.0000,0.754934,17.254357,11.446078,20.719447
5114.0000,1.543146,16.627349,0.361644,16.702719
5115.0000,-2.171639,14.567008,15.439697,21.337713
5116.0000,3.517370,18.706339,5.909839,19.930510
5117.0000,3.683707,2.640794,6.232561,7.706381
5118.0000,3.297276,10.790931,4.598742,12.184607
5119.0000,0.101286,19.991371,-0.657194,20.002427
5120.0000,-2.070653,14.799182,-4.204536,15.523579
5121.0000,-3.416789,17.407981,2.707775,17.945593
5122.0000,-1.164706,18.599308,5.155531,19.335726
5123.0000,-0.925998,27.130104,-2.703648,27.280208
5124.0000,-7.363175,35.422903,4.263720,36.430451
5125.0000,-9.104372,24.426293,13.567876,29.387423
5126.0000,-18.315356,12.448576,-1.858533,22.223264
5127.0000,-9.474580,0.596718,1.575083,9.623130
5128.0000,-11.059619,21.371189,-3.575777,24.327538
5129.0000,-11.230228,11.506137,-0.980382,16.108083
5130.0000,-17.479754,18.598968,-7.217695,26.524678
5131.0000,-3.750554,19.237816,1.124351,19.632229
5132.0000,-11.839039,21.501170,6.126249,25.298105
5133.0000,10.028629,14.323904,6.919399,18.804939
5134.0000,9.004723,33.926341,4.128969,35.343034
5135.0000,-12.100190,31.099488,-2.570630,33.469402
5136.0000,5.714982,33.553710,-10.444228,35.603292
5137.0000,1.379671,23.062067,-7.059368,24.157754
5138.0000,8.930315,16.754238,-10.117371,21.513164
5139.0000,-0.461072,15.978891,-18.657760,24.569280
5140.0000,-3.729829,19.682370,-1.886963,20.121330
5141.0000,9.055838,12.720450,-5.264350,16.478211
5142.0000,4.207206,20.574614,4.041493,21.385719
5143.0000,0.557527,23.476543,-12.111169,26.422326
5144.0000,16.702450,31.462338,-3.678600,35.810371
5145.0000,10.870892,27.088242,-19.721908,35.226450
5146.0000,4.032289,31.497173,-27.813454,42.212788
5147.0000,9.609845,32.812319,-23.003908,41.208945
5148.0000,13.250726,33.435571,-13.681126,38.479765
5149.0000,11.740258,28.926841,-18.654917,36.367592
5150.0000,16.400346,22.529234,-20.840399,34.797413
5151.0000,13.451588,20.075356,-23.404132,33.641024
5152.0000,5.983039,16.114074,-26.278714,31.401130
5153.0000,-2.114261,19.557731,-32.452432,37.949115
5154.0000,-0.304138,18.978194,-39.790293,44.085505
5155.0000,1.670081,15.715447,-24.446476,29.110044
5156.0000,-4.820132,22.402134,-23.007937,32.472364
5157.0000,-6.682635,30.493309,-30.515010,43.653926
5158.0000,-0.672767,26.738871,-19.510555,33.107123
5159.0000,-1.529157,34.250309,-20.808791,40.105209
5160.0000,2.100205,24.525586,-26.605963,36.246276
5161.0000,7.810612,27.937999,-19.200454,34.787855
5162.0000,-11.883781,20.623391,-21.275909,31.925113
5163.0000,-1.073705,27.223879,-18.410653,32.882283
5164.0000,16.287348,17.867383,-21.802128,32.555397
5165.0000,17.568042,19.057828,-26.368588,36.974848
5166.0000,2.680107,20.430621,-21.558425,29.822121
5167.0000,8.727944,17.552884,-19.418562,27.592776
5168.0000,1.215981,15.491856,-26.658430,30.856897
5169.0000,8.227746,13.917191,-34.226072,37.852451
5170.0000,13.190009,11.008643,-21.462962,27.492277
5171.0000,21.038807,1.402290,-27.707958,34.818512
5172.0000,27.530279,-0.618291,-27.912303,39.209632
5173.0000,6.316677,-2.658004,-29.087075,29.883496
5174.0000,14.338961,-4.027915,-35.569523,38.561909
5175.0000,6.496002,1.882693,-31.749585,32.461958
5176.0000,15.435301,11.438995,-28.383449,34.274179
5177.0000,7.775201,15.268584,-31.752029,36.080116
5178.0000,5.633771,8.800642,-18.461985,21.214042
5179.0000,8.943271,15.602668,-27.522494,32.877242
5180.0000,8.079124,23.372069,-29.498834,38.492948
5181.0000,18.801078,22.427559,-32.786586,43.948108
5182.0000,19.081172,22.575224,-28.651024,41.165678
5183.0000,7.776913,15.628658,-21.406127,27.621687
5184.0000,19.794171,23.333315,-19.814039,36.453380
5185.0000,18.040890,18.687547,-15.364575,30.178938
5186.0000,18.682685,14.721012,-24.156547,33.901175
5187.0000,8.857805,22.803289,-21.024724,32.256623
5188.0000,21.580411,20.993710,-15.696862,33.953519
5189.0000,7.527255,22.136319,-15.152755,27.861841
5190.0000,13.796456,15.920982,-25.643215,33.187262
5191.0000,6.493095,36.966938,-17.696773,41.495669
5192.0000,5.409813,34.107805,-30.219011,45.888965
5193.0000,5.551341,25.363348,-32.567580,41.650500
5194.0000,-2.635997,31.607263,-36.179693,48.113800
5195.0000,-6.419388,14.035156,-23.630892,28.224337
5196.0000,-4.680604,23.706826,-24.250562,34.234652
5197.0000,-4.858205,21.700505,-18.449413,28.894548
5198.0000,-11.166046,22.379052,-20.791879,32.523911
5199.0000,-3.404853,31.570735,-9.898954,33.260992
5200.0000,5.592970,26.307997,-19.895558,33.454824
5201.0000,9.755313,8.325249,-26.164743,29.138800
5202.0000,-11.574811,24.824097,-21.036377,34.536085
5203.0000,-2.255120,31.328763,-26.199950,40.902498
5204.0000,-16.064931,25.453964,-20.214533,36.257601
5205.0000,-15.122092,34.181772,-24.330131,44.598503
5206.0000,-15.087006,20.777197,-20.349817,32.763161
5207.0000,-6.607962,15.686019,-17.024387,24.073764
5208.0000,-11.858102,22.867149,-9.947201,27.612821
5209.0000,-7.436036,5.112673,-12.748114,15.618850
5210.0000,-12.444057,12.062142,-4.988944,18.034395
5211.0000,-6.211554,15.462370,-1.452228,16.726543
5212.0000,-12.860506,18.102710,-5.338823,22.838647
5213.0000,-12.487939,9.672874,5.841152,16.841383
5214.0000,-12.333549,12.027869,6.188389,18.305251
5215.0000,-9.085324,17.808109,12.939644,23.813992
5216.0000,3.723042,15.002594,-3.310924,15.808260
5217.0000,-7.281133,10.971912,10.842599,17.057541
5218.0000,-6.842224,20.457085,13.349180,25.367478
5219.0000,-13.070470,9.038596,13.654722,20.951965
5220.0000,-3.670858,10.031389,3.012094,11.098499
5221.0000,-14.904895,17.543553,5.074969,23.573023
5222.0000,-6.963791,16.645798,11.727435,21.519984
5223.0000,-5.161894,15.561943,2.983585,16.664963
5224.0000,-10.841897,13.154231,16.587934,23.785291
5225.0000,-14.926078,9.443412,9.763619,20.181528
5226.0000,-4.227529,14.396599,17.209784,22.832230
5227.0000,-10.349639,15.457348,14.638158,23.671086
5228.0000,-12.675878,16.455965,11.412486,23.700665
5229.0000,-8.635455,17.051645,4.834781,19.715597
5230.0000,-6.089556,23.666797,0.109891,24.437922
5231.0000,1.333520,33.650845,3.153651,33.824594
5232.0000,0.470799,28.732660,9.091004,30.140235
5233.0000,0.811896,22.357036,10.451462,24.692697
5234.0000,-0.955224,18.439724,12.946606,22.551064
5235.0000,-0.263129,13.433904,5.797007,14.633670
5236.0000,-0.906348,27.457756,5.447603,28.007609
5237.0000,14.688617,14.575476,1.467081,20.744934
5238.0000,0.072761,7.816598,14.935837,16.857749
5239.0000,11.215766,8.186793,19.960730,24.315586
5240.0000,16.827400,24.365782,15.656435,33.495920
5241.0000,14.551658,27.195841,16.340062,34.905044
5242.0000,15.284372,24.263869,22.755995,36.608505
5243.0000,12.785687,25.497448,26.786453,39.129371
5244.0000,3.647912,27.698714,24.694190,37.287116
5245.0000,10.566027,32.070934,24.057141,41.460002
5246.0000,4.875179,23.276031,19.939043,31.033956
5247.0000,19.944701,20.042636,22.783363,36.312257
5248.0000,4.474513,14.011066,11.541301,18.695799
5249.0000,5.958859,27.274402,20.088294,34.393903
5250.0000,14.918034,34.694757,5.661379,38.188023
5251.0000,7.257893,35.837464,24.582730,44.060316
5252.0000,11.490851,37.449382,22.384173,45.117037
5253.0000,19.326719,51.380045,20.722549,58.675847
5254.0000,18.042485,35.956736,20.663393,45.226032
5255.0000,22.419153,50.362780,1.129021,55.138940
5256.0000,18.853097,50.693952,14.147595,55.905907
5257.0000,29.179951,45.419388,2.058785,54.024337
5258.0000,16.350998,39.759850,-3.970727,43.173690
5259.0000,5.889967,39.863796,-7.077311,40.913350
5260.0000,14.479459,40.550713,-12.717621,44.897137
5261.0000,18.354043,37.099366,-14.754249,43.942254
5262.0000,12.704669,37.723249,0.201361,39.805687
5263.0000,16.473294,33.064721,2.534455,37.027944
5264.0000,27.964514,40.993383,5.051267,49.879724
5265.0000,23.484703,53.046655,2.296443,58.058182
5266.0000,30.032662,47.965533,0.836981,56.598177
5267.0000,16.268508,41.869580,5.278535,45.228188
5268.0000,35.553077,42.001337,5.588056,55.311482
5269.0000,25.911696,46.228417,-0.263036,52.995771
5270.0000,33.891903,48.095166,10.511991,59.768788
5271.0000,33.266161,48.414030,12.960878,60.154303
5272.0000,30.969189,38.296180,3.327566,49.363557
5273.0000,24.619250,37.072383,16.949703,47.621019
5274.0000,29.960072,45.214611,20.865116,58.114714
5275.0000,21.739311,30.101643,11.600493,38.900874
5276.0000,26.288347,36.364527,5.499528,45.207309
5277.0000,29.660497,26.078807,9.402769,40.598785
5278.0000,31.717774,12.611866,16.771060,38.030840
5279.0000,24.812263,6.271443,27.970974,37.912462
5280.0000,22.357578,17.825812,33.161518,43.787066
5281.0000,23.177842,20.787847,35.930701,47.543266
5282.0000,16.089427,17.162702,26.422731,35.377800
5283.0000,13.609249,18.404867,7.178958,23.989336
5284.0000,23.894914,21.491740,15.881069,35.847876
5285.0000,27.825697,21.566627,14.252007,37.980370
5286.0000,29.100352,20.399539,19.098136,40.344895
5287.0000,24.671604,22.511919,11.084966,35.190211
5288.0000,29.751887,20.710854,16.007335,39.627630
5289.0000,26.421943,33.707142,16.148387,45.771835
5290.0000,11.535258,34.005188,21.622034,41.915717
5291.0000,14.933909,35.484868,10.972948,40.032525
5292.0000,18.103560,44.746505,20.272845,52.354340
5293.0000,16.815865,42.011438,15.688571,47.894316
5294.0000,7.553420,36.630200,16.745305,40.978420
5295.0000,15.755985,26.915316,24.264209,39.515025
5296.0000,15.124441,28.656036,12.259233,34.643988
5297.0000,25.888702,31.825448,20.219552,45.737450
5298.0000,13.018512,28.283451,20.966201,37.536874
5299.0000,4.919834,18.573656,27.216374,33.315409
5300.0000,1.119428,20.522801,22.329546,30.348758
5301.0000,1.798127,28.051732,11.482917,30.364293
5302.0000,13.030781,17.033465,31.973842,38.500218
5303.0000,7.283390,11.880796,15.610803,20.926019
5304.0000,7.782069,10.681691,5.859087,14.456418
5305.0000,15.984026,10.031323,15.680141,24.535349
5306.0000,19.154497,-2.909312,5.021484,20.014349
5307.0000,27.149918,2.783913,13.277986,30.350834
5308.0000,31.971231,1.966836,10.776661,33.795924
5309.0000,28.887498,4.394023,10.256377,30.967535
5310.0000,30.281469,2.318873,9.433931,31.801629
5311.0000,25.092537,-10.344791,-1.749867,27.197650
5312.0000,27.064199,0.108082,-12.565557,29.839165
5313.0000,37.065993,-0.596846,8.064113,37.937764
5314.0000,39.093275,-5.803719,1.073704,39.536315
5315.0000,31.980553,-11.763154,-2.138821,34.142380
5316.0000,28.001499,-1.212404,-11.028866,30.119591
5317.0000,23.128950,-5.126059,0.281347,23.691854
5318.0000,26.361062,2.860769,-17.195009,31.603132
5319.0000,27.741025,12.252422,-2.628406,30.440020
5320.0000,26.250430,10.777241,-6.025003,29.009217
5321.0000,35.739651,10.397289,-18.068011,41.374863
5322.0000,33.951049,11.287978,-8.659136,36.811314
5323.0000,28.785271,12.050863,-13.403409,33.962723
5324.0000,28.944892,21.787805,-14.210701,38.916054
5325.0000,19.688611,21.073319,-26.533297,39.188545
5326.0000,22.424551,9.856780,-29.058211,38.005213
5327.0000,35.228691,16.646119,-16.460894,42.297931
5328.0000,40.752663,12.050316,-12.529599,44.305536
5329.0000,32.650294,2.311346,-15.723217,36.312582
5330.0000,30.517654,5.481742,-27.975997,41.761622
5331.0000,33.319424,7.023474,-24.682380,42.056309
5332.0000,29.479493,20.895919,-22.016515,42.313200
5333.0000,31.412241,3.605940,-12.094484,33.852743
5334.0000,31.759143,8.207911,-22.495907,39.775354
5335.0000,31.224275,-2.015457,-33.574900,45.894349
5336.0000,31.514614,5.047576,-23.947437,39.901487
5337.0000,33.905829,0.048218,-20.397897,39.568696
5338.0000,24.148458,-0.343542,-21.568224,32.379844
5339.0000,26.020552,-2.084166,-19.737418,32.725808
5340.0000,31.807908,-10.576833,-7.897425,34.438085
5341.0000,27.599769,-14.220643,-0.269466,31.049099
5342.0000,32.515114,-11.017583,-6.918562,35.021227
5343.0000,30.932471,-1.597627,-1.965185,31.035981
5344.0000,37.535378,-11.858469,-13.017678,41.460678
5345.0000,31.090520,-14.234559,-6.264151,34.763237
5346.0000,27.882954,-26.502539,-4.130764,38.689882
5347.0000,27.987888,-18.512655,-6.952431,34.269179
5348.0000,22.628162,-26.644239,-4.799577,35.284347
5349.0000,31.850083,-14.906678,-5.352092,35.570799
5350.0000,29.301764,-13.404503,-0.730463,32.230539
5351.0000,32.210223,-13.260556,-5.403108,35.249601
5352.0000,27.191640,-14.139031,-14.486636,33.899264
5353.0000,31.987626,-19.825988,-8.872414,38.665200
5354.0000,20.133225,-25.105785,6.283210,32.789113
5355.0000,23.284471,-8.173887,8.558524,26.119482
5356.0000,6.355759,-5.688721,-1.096473,8.599969
5357.0000,23.881825,-9.036457,4.863096,25.993245
5358.0000,6.091007,-11.293909,-4.160038,13.489206
5359.0000,3.792546,-16.343584,1.501521,16.844901
5360.0000,8.264749,-16.711377,-7.317248,20.027938
5361.0000,10.759879,-13.716415,1.523223,17.499579
5362.0000,8.712558,-21.880127,-5.115741,24.100196
5363.0000,11.477014,-28.238358,-3.722010,30.707981
5364.0000,19.191603,-22.926026,-12.166426,32.279130
5365.0000,6.848126,-13.525092,-14.033231,20.658085
5366.0000,-6.915594,-13.036894,-27.424636,31.143165
5367.0000,2.567992,-20.592885,-39.062941,44.233187
5368.0000,-5.447084,-5.346503,-36.929551,37.710046
5369.0000,5.112323,-1.231077,-35.225069,35.615402
5370.0000,7.476191,-3.722637,-40.571935,41.422619
5371.0000,11.387622,-20.245978,-28.946815,37.114629
5372.0000,22.983924,-11.973374,-17.788247,31.433170
5373.0000,25.885012,-7.146019,-28.526989,39.177654
5374.0000,21.718365,-9.650776,-21.234604,31.870571
5375.0000,18.039806,-17.849423,-19.872036,32.232504
5376.0000,17.630911,-17.538721,-20.771505,32.402333
5377.0000,23.930332,-13.660121,-13.973027,30.895067
5378.0000,20.819612,-11.277452,-20.703792,31.452888
5379.0000,12.235513,-7.741035,-23.232528,27.374838
5380.0000,12.238333,3.542761,-33.621221,35.954338
5381.0000,2.410145,-6.002746,-32.026829,32.673530
5382.0000,10.831354,-4.876492,-32.073161,34.202135
5383.0000,3.590811,1.632144,-31.058683,31.308139
5384.0000,10.196863,-0.218729,-33.946260,35.445344
5385.0000,5.905836,-3.295292,-31.189553,31.914355
5386.0000,12.316289,1.686323,-27.135424,29.847376
5387.0000,1.238878,-1.611875,-30.670780,30.738083
5388.0000,4.392281,1.716641,-20.102782,20.648507
5389.0000,1.212733,-0.914319,-13.664295,13.748442
5390.0000,19.527548,-9.903921,-17.078699,27.768593
5391.0000,22.086790,-7.072018,-36.529815,43.269702
5392.0000,11.553519,-8.020669,-32.582850,35.488830
5393.0000,7.924145,-6.960149,-32.638506,34.300259
5394.0000,4.304061,-1.423337,-28.869521,29.223280
5395.0000,17.770379,-1.626858,-30.387772,35.239888
5396.0000,23.460140,-5.102171,-32.469297,40.381500
5397.0000,27.520923,-11.724720,-30.248762,42.542425
5398.0000,20.090966,9.286186,-22.620097,31.647258
5399.0000,26.694082,-9.245618,-13.759728,31.422692
5400.0000,39.480101,5.717018,-15.039424,42.632698
5401.0000,27.198767,-3.636671,-18.630395,33.167603
5402.0000,31.788264,1.903934,-22.790588,39.160307
5403.0000,17.380228,-14.924812,-19.626388,30.166495
5404.0000,5.913178,-7.982429,-18.716764,21.189670
5405.0000,9.599801,-16.468831,-14.076750,23.696697
5406.0000,3.031692,-5.716272,-13.607042,15.067133
5407.0000,-1.362190,-0.077231,-10.018408,10.110886
5408.0000,4.025345,-3.607095,-13.627074,14.659866
5409.0000,11.639130,-5.501597,-4.694442,13.703091
5410.0000,9.416960,3.397714,-9.493636,13.796837
5411.0000,-2.871862,4.649076,-5.265481,7.588596
5412.0000,-2.529371,6.790823,-18.805468,20.153377
5413.0000,-2.655748,7.406690,-14.538661,16.531325
5414.0000,10.718119,-1.371432,-23.459826,25.828712
5415.0000,5.346234,-3.992075,-26.831092,27.648262
5416.0000,-1.244025,-10.073780,-25.520871,27.465315
5417.0000,-9.009665,-1.935356,-18.495904,20.664416
5418.0000,-14.252795,-3.064402,-4.749954,15.332801
5419.0000,-10.922068,-4.737367,-9.669605,15.337388
5420.0000,-10.216629,-19.517253,-14.511767,26.379804
5421.0000,-8.344928,-22.896200,-15.357626,28.805042
5422.0000,6.257114,-17.086447,-18.663942,26.066087
5423.0000,-0.536174,-21.030733,-19.093574,28.410275
5424.0000,1.347013,-21.805733,0.588124,21.855212
5425.0000,7.763490,-22.621853,-10.157101,25.984355
5426.0000,14.214685,-26.620874,-10.744567,32.033949
5427.0000,10.686645,-23.638071,-24.851250,35.924190
5428.0000,18.156488,-16.693698,-28.217222,37.477316
5429.0000,1.896280,-7.757081,-28.888140,29.971533
5430.0000,7.649332,-14.754904,-28.016438,32.575148
5431.0000,5.021948,-9.314385,-26.669830,28.692465
5432.0000,-5.782698,-14.648986,-30.331164,34.176189
5433.0000,-9.287396,-20.206563,-21.307590,30.798934
5434.0000,-3.515366,-11.146236,-14.935518,18.964865
5435.0000,-8.585281,-21.689980,-15.607295,28.066884
5436.0000,4.325242,-22.830897,-16.682184,28.605119
5437.0000,-3.187831,-16.680116,-25.512416,30.647543
5438.0000,0.255307,-8.927665,-26.055788,27.544010
5439.0000,-6.461199,-0.015219,-15.338474,16.643801
5440.0000,-5.111321,-4.433877,-10.656073,12.622867
5441.0000,1.581932,-3.867649,-16.086032,16.619917
5442.0000,-1.149630,-1.702714,-16.406817,16.534949
5443.0000,7.474159,-5.666487,-13.649827,16.561700
5444.0000,11.253397,-10.844355,-10.131229,18.624735
5445.0000,8.982361,-8.960944,-18.230908,22.211423
5446.0000,9.820390,-12.485588,-20.471979,25.912002
5447.0000,12.357477,-14.102998,-20.551155,27.819988
5448.0000,5.800013,-16.245304,-15.653007,23.293061
5449.0000,7.603258,-8.255908,-11.882304,16.344990
5450.0000,11.692802,-6.630159,-3.276918,13.835419
5451.0000,16.641661,-11.982099,-8.499070,22.197968
5452.0000,25.467002,-24.030390,-19.965910,40.307139
5453.0000,23.457513,-17.108772,-6.701745,29.797288
5454.0000,14.293327,-11.124674,-7.148060,19.471834
5455.0000,26.569179,-20.281738,-0.957695,33.439308
5456.0000,25.145627,-5.186102,-0.839139,25.688565
5457.0000,11.364865,-13.162696,3.794186,17.799230
5458.0000,6.703025,-9.627317,4.673990,12.627825
5459.0000,4.555543,-22.422593,-3.099363,23.089645
5460.0000,4.340645,-18.836377,18.618865,26.838637
5461.0000,15.870243,-23.268381,-0.238256,28.166273
5462.0000,28.739436,-15.540796,-2.219216,32.747465
5463.0000,9.690066,-7.694015,3.671695,12.906456
5464.0000,13.795579,-13.952365,0.447210,19.626168
5465.0000,10.538193,-6.005385,2.827679,12.454475
5466.0000,0.968123,-9.930561,7.459212,12.457654
5467.0000,7.552597,-4.044502,13.982437,16.398423
5468.0000,14.296359,0.302572,14.714901,20.518425
5469.0000,18.381609,14.070861,6.199866,23.964787
5470.0000,13.247046,11.952675,4.836300,18.486223
5471.0000,12.373085,-0.289931,3.314893,12.812721
5472.0000,9.747867,-0.660465,11.657979,15.210707
5473.0000,15.433045,-1.246448,-1.382335,15.544882
5474.0000,7.640256,-12.840263,8.533484,17.206575
5475.0000,16.804937,-15.752332,3.175743,23.251392
5476.0000,12.298052,12.976439,8.010974,19.590961
5477.0000,14.189233,4.421090,10.607197,18.259052
5478.0000,23.256003,-9.116660,5.487879,25.574831
5479.0000,19.196359,4.951166,-0.648743,19.835199
5480.0000,14.208297,-2.871409,-1.575139,14.580870
5481.0000,18.629464,-4.778942,3.108378,19.482228
5482.0000,16.327976,-10.311150,2.018068,19.416365
5483.0000,10.286230,-11.353660,-0.693002,15.335983
5484.0000,8.544865,3.885057,0.176302,9.388262
5485.0000,-7.738787,7.991892,12.920814,17.050120
5486.0000,-5.683736,5.674748,2.178255,8.321804
5487.0000,-6.080091,2.319409,0.705221,6.545571
5488.0000,-6.548373,-1.880142,6.356127,9.317536
5489.0000,-7.122751,-0.405569,-3.082284,7.771650
5490.0000,0.568953,-4.381555,6.466547,7.831855
5491.0000,-1.712039,-10.867762,15.306300,18.849991
5492.0000,1.197007,-11.190302,11.444153,16.050680
5493.0000,-2.899852,-15.476985,18.006735,23.920466
5494.0000,0.564139,-17.292867,-0.831931,17.322056
5495.0000,-10.546940,-15.039358,-0.296504,18.371395
5496.0000,9.975908,-29.738281,4.235214,31.651558
5497.0000,7.013497,-17.399836,10.210713,21.358888
5498.0000,10.268911,-25.346343,7.379707,28.325743
5499.0000,14.031399,-14.372424,1.304643,20.128309
5500.0000,13.009888,-10.471947,8.549307,18.761916
5501.0000,20.134949,-0.775557,-5.189522,20.807422
5502.0000,25.303317,-9.865336,-0.115472,27.158720
5503.0000,24.708854,-10.012530,1.617246,26.709431
5504.0000,15.897110,-10.595586,0.701424,19.117441
5505.0000,14.090211,-16.244012,-2.998134,21.711535
5506.0000,8.671008,-16.652542,4.361287,19.274707
5507.0000,19.166297,-18.991733,-2.128189,27.065883
5508.0000,17.172735,-12.269422,-0.148410,21.106008
5509.0000,13.592208,-8.202249,0.215250,15.876755
5510.0000,21.080516,-8.564144,1.301011,22.790905
5511.0000,17.246269,-5.847846,0.444693,18.216170
5512.0000,27.840212,1.797173,-3.917706,28.171895
5513.0000,18.316425,-2.342978,-13.922645,23.126197
5514.0000,15.247186,10.582798,-10.606349,21.376785
5515.0000,27.217968,2.516626,-4.213908,27.656974
5516.0000,30.771884,-3.820259,-12.883315,33.578014
5517.0000,32.527641,3.320803,-2.297824,32.777357
5518.0000,25.623267,-5.400844,-7.819625,27.328876
5519.0000,28.051782,-2.082992,-21.219440,35.235010
5520.0000,32.116250,-2.052795,-20.069332,37.926844
5521.0000,33.075334,-1.252453,-10.348367,34.679029
5522.0000,23.018316,0.283501,0.499879,23.025489
5523.0000,29.303070,-1.101587,-0.088977,29.323904
5524.0000,37.666605,-3.338955,-3.891044,38.013971
5525.0000,31.930497,-11.184356,3.322591,33.995382
5526.0000,29.107467,-14.706079,4.823730,32.966373
5527.0000,18.404380,-3.068852,12.484083,22.449752
5528.0000,29.044941,2.033239,13.764558,32.205678
5529.0000,31.314974,-2.257604,15.803002,35.149100
5530.0000,23.629018,-1.219382,13.538420,27.259974
5531.0000,21.440259,-3.958985,19.959012,29.558762
5532.0000,18.136507,-6.448445,9.844583,21.620156
5533.0000,24.832288,-4.005082,13.915437,28.745827
5534.0000,41.740877,-12.795604,18.696645,47.493082
5535.0000,34.087790,-1.442398,14.655482,37.132750
5536.0000,33.518891,-9.786063,18.283652,39.415416
5537.0000,9.502231,-10.754464,29.511135,32.815514
5538.0000,14.380795,-16.511140,21.007868,30.343954
5539.0000,12.074288,-14.905984,17.904883,26.240458
5540.0000,11.201987,-13.436184,7.359349,18.978293
5541.0000,1.635905,-9.873387,23.502328,25.544459
5542.0000,16.727610,-15.566598,25.603533,34.317238
5543.0000,4.107662,-19.764019,18.152840,27.148019
5544.0000,3.981602,-16.718527,9.556116,19.664223
5545.0000,9.346592,-16.577161,12.594510,22.820664
5546.0000,15.208819,-9.189677,15.476251,23.564225
5547.0000,15.726756,-5.297362,1.495330,16.662200
5548.0000,16.290062,-7.818061,-13.595314,22.612403
5549.0000,2.956656,-12.611522,-0.833777,12.980273
5550.0000,16.415330,-11.139168,-6.437758,20.856386
5551.0000,11.134357,-15.559677,-6.457509,20.193486
5552.0000,13.060611,-14.733110,-3.157153,19.940203
5553.0000,-1.308391,-10.029798,-8.648353,13.307996
5554.0000,11.027068,-12.071692,-12.455152,20.553656
5555.0000,4.078950,-10.549870,-20.750490,23.633037
5556.0000,0.387009,-6.288297,-21.915785,22.803379
5557.0000,-7.220706,-7.328942,-17.717275,20.487894
5558.0000,6.963466,-18.516854,-27.223437,33.652330
5559.0000,3.868867,-19.349922,-29.236700,35.272825
5560.0000,-4.557067,-22.281741,-40.293092,46.268522
5561.0000,1.084327,-20.419301,-41.485628,46.251280
5562.0000,0.509287,-7.599277,-42.065584,42.749523
5563.0000,-10.537849,-10.681433,-41.618463,44.240657
5564.0000,-7.939181,-18.045087,-43.495563,47.754788
5565.0000,1.693044,-13.853382,-21.573865,25.694634
5566.0000,9.457829,-18.658503,-21.916691,30.297386
5567.0000,-0.799862,-24.143823,-24.221590,34.208908
5568.0000,-1.460714,-27.705538,-24.443611,36.975947
5569.0000,-4.144814,-17.314267,-19.307632,26.263054
5570.0000,-2.705999,-15.387261,-25.231006,29.676487
5571.0000,3.410619,-21.492463,-36.441990,42.444987
5572.0000,-7.382259,-21.121766,-45.571232,50.767745
5573.0000,-16.999082,-21.672693,-47.732917,55.109943
5574.0000,-9.663348,-12.387584,-48.906474,51.368042
5575.0000,-7.186998,-19.653156,-46.981312,51.430956
5576.0000,-6.522652,-13.082694,-50.903150,52.960670
5577.0000,-10.457903,-26.945923,-41.771893,50.797063
5578.0000,-7.249050,-25.861509,-39.894713,48.093185
5579.0000,-9.173802,-20.188877,-25.835877,34.047642
5580.0000,-5.945765,-1.471514,-23.388413,24.177166
5581.0000,-13.870831,-6.010298,-40.058410,42.815883
5582.0000,-19.877995,-11.893381,-45.179309,50.771618
5583.0000,-16.011064,-5.842135,-45.621944,48.701606
5584.0000,-10.036368,1.129753,-34.861742,36.295263
5585.0000,-30.372235,4.795455,-38.872962,49.563860
5586.0000,-19.247226,3.871388,-37.098077,41.972737
5587.0000,-18.958139,7.141562,-36.429321,41.683430
5588.0000,-8.166901,-1.065608,-36.468833,37.387292
5589.0000,-12.366290,-2.635997,-35.796443,37.963916
5590.0000,-16.024809,6.839182,-32.299166,36.698842
5591.0000,-10.166296,-4.483011,-31.133232,33.056453
5592.0000,-5.573484,-10.657320,-30.448552,32.737693
5593.0000,-10.244293,-15.701559,-26.280056,32.281974
5594.0000,-9.141399,4.155657,-26.991877,28.799237
5595.0000,-4.320614,-3.915366,-10.687467,12.174553
5596.0000,-5.865009,-7.436890,-9.204938,13.207443
5597.0000,2.629894,-11.414145,-2.284904,11.933978
5598.0000,-5.759080,-1.216662,-5.789867,8.256502
5599.0000,-16.277792,-12.407192,-12.432279,23.947160
5600.0000,-15.781219,-12.177471,-16.144091,25.650913
5601.0000,-19.600989,-8.394441,-16.586097,27.014145
5602.0000,-30.384390,-21.060583,-10.205637,38.352501
5603.0000,-23.693076,-7.089818,-17.007338,30.014612
5604.0000,-17.005125,3.352316,-2.608188,17.527549
5605.0000,-22.954953,1.275135,-0.808167,23.004542
5606.0000,-14.883410,-18.521315,-10.077461,25.809112
5607.0000,-13.570013,-1.347154,-7.078952,15.364623
5608.0000,-23.065878,2.136662,-2.837046,23.337713
5609.0000,-18.981453,-6.618839,-4.772492,20.661106
5610.0000,-14.756112,-17.855731,-16.385863,28.373693
5611.0000,-15.061160,-9.809407,-12.346238,21.805793
5612.0000,-7.439486,-12.137681,-19.996771,24.546692
5613.0000,-10.794339,-12.876321,-7.484701,18.393971
5614.0000,-8.278327,-13.030524,5.602845,16.423067
5615.0000,-15.032652,-17.424700,2.129256,23.111351
5616.0000,-12.892840,-22.369937,11.629626,28.317620
5617.0000,-9.242345,-11.995916,9.589704,17.924435
5618.0000,-9.107929,-24.064992,3.240809,25.934168
5619.0000,-6.103125,-17.259353,9.714504,20.724503
5620.0000,1.881550,-25.326225,7.960802,26.614512
5621.0000,-1.561880,-9.291456,13.703637,16.630101
5622.0000,-8.569431,-13.539997,10.506367,19.161169
5623.0000,-2.116078,-14.105863,8.373550,16.539936
5624.0000,-6.858715,-13.143625,-1.145426,14.869729
5625.0000,0.167447,-13.535336,3.496969,13.980778
5626.0000,-1.464639,-17.497823,15.162354,23.199482
5627.0000,-5.003987,-9.290936,3.134798,11.008558
5628.0000,4.648437,-6.139486,13.027360,15.133187
5629.0000,8.552534,-13.809907,15.079754,22.164349
5630.0000,8.830715,-16.158501,19.290048,26.668045
5631.0000,5.333809,-18.560145,12.750893,23.141170
5632.0000,10.527586,-20.081731,10.398518,24.944642
5633.0000,12.136999,-24.077269,11.682184,29.385287
5634.0000,1.752969,-30.630693,1.617878,30.723440
5635.0000,10.303370,-21.218042,13.879125,27.367770
5636.0000,12.538327,-19.723127,15.794308,28.207651
5637.0000,2.818582,-28.593058,20.438300,35.259488
5638.0000,1.195901,-23.515056,23.228174,33.074705
5639.0000,0.637481,-20.644320,31.980805,38.070542
5640.0000,0.471462,-17.023847,17.475094,24.401077
5641.0000,-0.062054,-26.941572,22.534370,35.123354
5642.0000,8.276202,-27.855968,28.862777,40.957421
5643.0000,-3.253333,-17.846570,31.812699,36.621470
5644.0000,-4.957438,-29.045372,18.815615,34.960509
5645.0000,-5.168141,-14.969380,22.109911,27.196327
5646.0000,-12.611521,-3.416189,28.861022,31.680900
5647.0000,-7.301656,-2.058603,26.072211,27.153493
5648.0000,-19.556388,0.788182,27.550246,33.794816
5649.0000,-15.253498,3.314224,20.732189,25.951434
5650.0000,-8.995772,6.382847,23.780831,26.214358
5651.0000,-3.851439,11.332487,15.363090,19.475199
5652.0000,0.362565,25.655835,15.810868,30.138627
5653.0000,2.920697,8.933341,15.655979,18.260469
5654.0000,0.786770,5.474165,9.545827,11.032149
5655.0000,-10.517479,2.349280,24.723593,26.970216
5656.0000,-10.353803,-4.247139,15.719933,19.296521
5657.0000,5.357023,-3.501535,19.702355,20.715724
5658.0000,-2.234637,-12.316198,29.308767,31.869832
5659.0000,-11.891780,3.087200,23.266426,26.311059
5660.0000,-27.205580,-3.143258,35.022392,44.458876
5661.0000,-28.414276,6.212626,27.639852,40.123923
5662.0000,-16.943224,3.992801,28.251728,33.183963
5663.0000,-11.569251,-2.546786,23.410718,26.237290
5664.0000,-20.266400,1.269849,24.905455,32.134423
5665.0000,-33.295564,3.458115,21.101625,39.570591
5666.0000,-41.415480,-3.033905,24.281632,48.104514
5667.0000,-34.425694,-0.201806,30.258571,45.833942
5668.0000,-28.395137,-1.019878,31.380972,42.333077
5669.0000,-36.566924,-5.853307,26.161429,45.341168
5670.0000,-24.360356,-5.136316,27.809468,37.325262
5671.0000,-26.803078,2.264608,33.056278,42.617496
5672.0000,-14.234662,6.723445,38.328903,41.435916
5673.0000,-12.209741,6.078141,41.770432,43.940762
5674.0000,-11.829715,7.442192,41.073185,43.385883
5675.0000,-16.875653,8.915392,33.255798,38.343447
5676.0000,-17.877204,7.924557,33.911462,39.145629
5677.0000,-24.039831,7.057244,33.437038,41.782218
5678.0000,-23.606828,6.758626,35.554463,43.209735
5679.0000,-30.993281,5.694920,27.553949,41.859714
5680.0000,-20.755319,12.872885,41.329521,48.006497
5681.0000,-13.920410,8.603678,42.710293,45.738061
5682.0000,-12.498251,16.792927,43.539874,48.310758
5683.0000,-13.538567,11.097209,41.298334,44.855248
5684.0000,-9.611909,1.807823,35.061170,36.399762
5685.0000,-18.836309,10.329309,46.465207,51.190982
5686.0000,-18.988385,0.966951,47.787068,51.430513
5687.0000,-12.403304,4.969571,35.567396,37.994450
5688.0000,-12.567611,-1.448755,39.455932,41.434458
5689.0000,-13.333657,12.872432,32.284887,37.226332
5690.0000,-25.697921,13.121567,37.167326,47.052830
5691.0000,-9.138319,11.574193,27.464037,31.172811
5692.0000,-20.544477,16.217679,41.783528,49.304684
5693.0000,-14.579617,2.990107,30.061058,33.543601
5694.0000,-11.406855,11.100395,31.204162,35.029057
5695.0000,-16.834612,12.215829,16.898872,26.799300
5696.0000,-21.259112,14.236927,24.707651,35.568356
5697.0000,-16.143919,16.761161,14.220378,27.272363
5698.0000,-9.857809,-5.727415,18.280265,21.544089
5699.0000,-12.724675,-5.502522,13.203140,19.144660
5700.0000,-16.594059,-3.686605,21.125269,27.115140
5701.0000,-1.576985,-3.284015,12.063378,12.601457
5702.0000,-11.664399,-4.462617,24.558506,27.551649
5703.0000,-7.407727,4.861848,22.780515,24.443074
5704.0000,-2.806808,6.232983,12.510721,14.256450
5705.0000,-10.672225,4.498901,6.244415,13.157858
5706.0000,-2.855843,1.428000,9.104613,9.648264
5707.0000,-18.628725,10.660597,-6.585597,22.451009
5708.0000,-16.195858,8.571577,-0.186270,18.325186
5709.0000,-17.872130,9.846053,11.715669,23.529018
5710.0000,-16.500369,4.020852,2.834112,17.218061
5711.0000,-11.854727,0.128497,9.937954,15.469776
5712.0000,-18.689907,3.372944,12.295901,22.624733
5713.0000,-23.958986,-4.373862,4.563274,24.778764
5714.0000,-23.235871,3.938440,9.607840,25.450494
5715.0000,-20.957929,-0.287499,17.160294,27.088617
5716.0000,-22.508040,2.460332,16.730439,28.152667
5717.0000,-22.521316,5.650021,13.651007,26.934780
5718.0000,-17.859535,-2.477305,12.038685,21.680174
5719.0000,-41.575179,-8.488718,12.460728,44.224694
5720.0000,-49.527327,-7.605884,10.012488,51.098489
5721.0000,-48.620354,-16.624194,6.748373,51.825121
5722.0000,-48.937762,-13.634057,8.530914,51.512800
5723.0000,-46.126225,-9.468961,10.306620,48.202865
5724.0000,-47.247822,-15.594456,20.153008,53.681351
5725.0000,-54.070430,-19.171585,26.857350,63.344126
5726.0000,-51.044097,-16.737717,23.962766,58.820618
5727.0000,-55.556194,-14.094750,23.417477,61.915514
5728.0000,-49.950311,-9.576173,16.427106,53.447044
5729.0000,-45.051105,-10.462682,24.679558,52.422803
5730.0000,-39.886489,-8.279428,23.668866,47.113651
5731.0000,-37.604190,-10.177507,35.930006,52.996435
5732.0000,-44.098631,-20.253753,37.131463,61.103595
5733.0000,-36.223609,-20.812434,35.002173,54.501921
5734.0000,-36.495716,-22.338479,36.057055,55.955841
5735.0000,-24.675777,-24.078014,47.835645,58.965190
5736.0000,-26.082784,-17.806242,43.985629,54.148956
5737.0000,-22.275502,-11.801929,35.651206,43.663394
5738.0000,-27.765374,-25.778855,26.573749,46.277743
5739.0000,-15.666356,-16.824890,29.998607,37.794551
5740.0000,-18.779912,-12.786278,36.853963,43.294210
5741.0000,-28.124244,-13.457356,25.387483,40.206938
5742.0000,-17.449814,-11.670675,27.482233,34.582854
5743.0000,-27.790735,-5.385605,30.898484,41.905203
5744.0000,-29.137773,-1.012378,37.988419,47.886895
5745.0000,-24.030626,-8.530615,26.501535,36.777353
5746.0000,-32.700349,-0.096018,40.730781,52.233309
5747.0000,-21.435361,-7.012070,34.384620,41.121113
5748.0000,-27.792206,-0.846222,23.850959,36.633196
5749.0000,-20.896061,-0.947055,34.232304,40.117240
5750.0000,-16.290140,-4.665959,39.590719,43.064659
5751.0000,-23.815946,0.229733,29.658873,38.038149
5752.0000,-38.667236,18.725603,41.585308,59.792484
5753.0000,-37.790840,1.813159,30.467381,48.576707
5754.0000,-30.280056,5.708425,41.022008,51.305683
5755.0000,-33.311069,14.583301,27.139488,45.374572
5756.0000,-32.032349,10.653082,32.499126,46.858860
5757.0000,-21.773572,18.836486,32.099068,43.119042
5758.0000,-34.173168,6.982052,17.411889,38.983693
5759.0000,-27.320661,6.945766,22.291231,35.938297
5760.0000,-21.373708,12.507629,29.197044,38.285030
5761.0000,-20.083009,16.191996,29.297139,39.036269
5762.0000,-21.527150,15.600636,37.590799,46.042005
5763.0000,-9.965073,23.465680,32.129010,41.014804
5764.0000,-12.544155,24.052691,32.305516,42.184525
5765.0000,-19.812797,22.495507,33.723758,45.120800
5766.0000,-11.435420,36.448048,42.546979,57.179318
5767.0000,-12.700783,41.588356,33.952721,55.169634
5768.0000,-23.642479,33.423719,20.495632,45.784088
5769.0000,-15.809456,22.676025,18.776238,33.416884
5770.0000,-12.817064,23.545345,25.875145,37.258335
5771.0000,-13.713054,34.259599,29.795835,47.429524
5772.0000,-21.286048,26.520005,25.990006,42.800548
5773.0000,-24.332348,38.218357,26.351595,52.412904
5774.0000,-35.139391,24.318042,27.608177,50.875883
5775.0000,-29.918961,16.245562,26.678197,43.252615
5776.0000,-39.579768,24.762293,30.115217,55.557678
5777.0000,-43.756150,22.602020,14.786868,51.420846
5778.0000,-44.381773,26.681754,1.958732,51.821756
5779.0000,-39.368523,25.819686,1.581391,47.106661
5780.0000,-47.563071,28.371019,0.541274,55.384596
5781.0000,-32.616392,33.204726,12.225177,48.123152
5782.0000,-34.499916,24.319827,15.963218,45.127846
5783.0000,-42.984319,26.363844,5.193140,50.691939
5784.0000,-43.791012,27.083200,14.244524,53.423393
5785.0000,-29.219876,28.009244,4.857237,40.766550
5786.0000,-30.602172,15.728334,8.487873,35.438925
5787.0000,-40.696211,13.340451,3.765165,42.992158
5788.0000,-33.216049,4.853679,4.104437,33.818789
5789.0000,-35.956149,5.102338,4.058227,36.542410
5790.0000,-22.984349,19.101139,0.240344,29.886311
5791.0000,-22.471316,10.455163,-0.245560,24.785697
5792.0000,-23.303910,17.148803,1.653938,28.980841
5793.0000,-20.449479,17.950721,0.039538,27.210497
5794.0000,-23.008743,20.232135,-4.944013,31.035219
5795.0000,-27.216366,25.431890,2.770900,37.352235
5796.0000,-34.838580,24.103747,2.348472,42.429148
5797.0000,-38.146129,25.445960,-5.002473,46.126443
5798.0000,-28.632950,19.692996,-3.309969,34.908678
5799.0000,-23.096164,20.248594,5.438713,31.193236
5800.0000,-16.694471,29.119777,-7.216863,34.332927
5801.0000,-21.159270,24.233346,1.193592,32.193081
5802.0000,-11.915885,28.026235,-5.504878,30.947728
5803.0000,-5.691682,24.958957,2.190226,25.693226
5804.0000,-4.531279,23.038727,-5.170175,24.042590
5805.0000,-9.179511,22.445258,-0.068930,24.249903
5806.0000,-9.267956,16.296554,4.836850,19.361503
5807.0000,-9.658729,7.444373,-3.693841,12.741828
5808.0000,-12.724362,9.558077,-5.241007,16.755130
5809.0000,-19.177869,15.168191,-14.063475,28.207198
5810.0000,-20.061320,5.950608,-7.220575,22.136011
5811.0000,-6.006288,15.111516,-3.769598,16.692612
5812.0000,1.595618,9.861237,-4.780381,11.074387
5813.0000,-7.436412,2.647240,-15.845683,17.702932
5814.0000,-0.849897,7.143432,-4.135358,8.297719
5815.0000,2.372499,9.901158,8.898949,13.522314
5816.0000,-1.050566,5.546018,1.650989,5.881137
5817.0000,-11.146966,3.361423,-4.387193,12.441924
5818.0000,-11.808025,9.122312,4.031275,15.456300
5819.0000,-4.561865,5.626075,6.314550,9.609208
5820.0000,10.834625,10.157782,-0.355439,14.855839
5821.0000,-2.436256,-3.296868,-2.926053,5.036513
5822.0000,15.790942,-4.250643,-10.669161,19.525696
5823.0000,10.977508,0.280422,-2.440618,11.249041
5824.0000,3.396838,-8.436486,-10.230045,13.688193
5825.0000,10.280708,-4.158736,-14.991273,18.647421
5826.0000,0.004157,-3.164972,-10.901946,11.352070
5827.0000,-0.251935,1.721272,-17.488570,17.574878
5828.0000,6.160444,-12.132565,-15.324307,20.493525
5829.0000,2.992788,-1.370585,-8.458997,9.076889
5830.0000,0.861186,-19.839542,-1.938776,19.952642
5831.0000,-7.115109,-17.879047,-1.316676,19.287787
5832.0000,-8.332673,-20.142471,-0.232549,21.799235
5833.0000,6.154398,-24.836128,-6.689305,26.447243
5834.0000,-15.002831,-18.456622,-5.225508,24.352367
5835.0000,-8.408983,-26.943556,2.422797,28.329069
5836.0000,-2.711171,-10.837458,11.963960,16.368790
5837.0000,-7.816686,-17.826336,8.522623,21.248858
5838.0000,-14.515083,-11.012522,11.504935,21.548243
5839.0000,-14.711467,5.099334,19.852553,25.230028
5840.0000,-8.102857,9.058696,20.296934,23.657595
5841.0000,0.435383,4.325663,20.990456,21.435955
5842.0000,-14.507929,-0.753615,16.342424,21.866018
5843.0000,-6.772326,5.965604,4.179878,9.946065
5844.0000,-18.485340,2.368449,-7.221494,19.986678
5845.0000,-21.806606,6.887868,-6.505282,23.775817
5846.0000,-8.994397,8.959491,-8.369743,15.206060
5847.0000,-23.168303,2.705602,-7.669734,24.554335
5848.0000,-20.546120,-0.322563,-0.331494,20.551326
5849.0000,-18.884873,-0.124370,0.744056,18.899935
5850.0000,-15.259887,-5.540387,-7.243374,17.777134
5851.0000,-22.028315,-5.471557,0.478165,22.702715
5852.0000,-27.895949,-11.736185,-10.322362,31.976134
5853.0000,-20.426437,-6.729257,-2.973286,21.710888
5854.0000,-13.021023,-6.435947,-11.894718,18.773726
5855.0000,-14.542808,-9.488468,-8.892466,19.508978
5856.0000,-11.358975,-7.018937,-3.970566,13.930441
5857.0000,-18.692507,0.771421,-7.193411,20.043704
5858.0000,-17.250383,-6.268810,-14.042361,23.109773
5859.0000,-12.863150,-4.072648,-10.491301,17.091357
5860.0000,-7.884899,6.809443,-15.362029,18.561575
5861.0000,-24.039204,-3.449417,-0.068090,24.285519
5862.0000,-31.759068,-0.554719,1.299452,31.790481
5863.0000,-11.697988,6.068227,2.085420,13.342237
5864.0000,-10.633152,7.957609,-12.357282,18.140835
5865.0000,-8.819044,6.720587,-17.826915,20.993826
5866.0000,-4.749127,4.791235,-21.968255,22.980739
5867.0000,-13.833679,4.665686,-16.529546,22.053689
5868.0000,-17.414886,15.774626,-19.051412,30.250180
5869.0000,-9.196432,11.220196,-15.736822,21.403615
5870.0000,-19.744459,15.808316,-6.237663,26.051007
5871.0000,-23.368005,10.493162,-17.029593,30.759993
5872.0000,-28.400000,9.305883,-11.980726,32.197784
5873.0000,-17.282265,2.249724,-11.372891,20.810588
5874.0000,-22.191409,-4.975547,-17.547214,28.724892
5875.0000,-15.640312,14.035384,-0.576786,21.022466
5876.0000,-20.586726,4.696969,-1.562086,21.173449
5877.0000,-15.182796,-0.244795,9.587819,17.958382
5878.0000,-7.745849,0.693864,-0.295737,7.782486
5879.0000,-15.232144,-5.586047,-18.953112,24.948799
5880.0000,-11.464421,-3.877513,-26.894012,29.491625
5881.0000,-19.839395,5.233173,-16.645065,26.420558
5882.0000,0.042982,13.862441,-25.222217,28.780711
5883.0000,-3.234607,10.901913,-9.637816,14.906438
5884.0000,-14.444454,13.172731,-16.854170,25.811357
5885.0000,-14.296528,9.710144,-9.294194,19.622937
5886.0000,-7.043773,19.263159,-7.640641,21.887518
5887.0000,-8.659090,28.325328,-4.403576,29.944875
5888.0000,-14.249271,29.074475,-23.848497,40.213402
5889.0000,-10.928086,13.589482,-11.037246,20.637778
5890.0000,-7.825846,14.883267,-4.525471,17.413656
5891.0000,-16.455936,8.656602,-24.169244,30.494048
5892.0000,-22.808206,9.328812,-23.463615,34.026199
5893.0000,-25.476862,-9.793149,-26.575735,38.095222
5894.0000,-37.885124,-3.744138,-39.943166,55.179323
5895.0000,-33.652095,3.139725,-42.859119,54.582282
5896.0000,-31.090420,2.774527,-35.339749,47.150929
5897.0000,-26.484638,-9.479059,-28.639963,40.143942
5898.0000,-30.833041,-3.112667,-20.654045,37.241840
5899.0000,-26.039934,2.125002,-23.331201,35.027685
5900.0000,-17.285047,5.106200,-26.961471,32.430958
5901.0000,-24.131653,-0.245803,-21.399235,32.254060
5902.0000,-20.596875,-2.941005,-12.210389,24.124145
5903.0000,-26.909750,-12.636734,-16.019935,33.770697
5904.0000,-24.432205,-6.563795,-16.195700,30.038587
5905.0000,-29.933306,-5.146347,-13.369666,33.184871
5906.0000,-26.353310,-21.744805,-13.674686,36.801230
5907.0000,-17.072603,-22.950518,-1.656402,28.652116
5908.0000,-26.239369,-15.363124,-22.692549,37.940504
5909.0000,-16.811330,-21.281009,-9.747684,28.818735
5910.0000,-20.333856,-10.357807,-7.428606,23.998626
5911.0000,-1.405539,-12.551439,-16.517986,20.793221
5912.0000,-6.218100,-22.002910,-15.635661,27.699580
5913.0000,-13.247454,-24.812119,-10.122687,29.893228
5914.0000,-11.444249,-19.774010,-6.204140,23.674325
5915.0000,-9.823332,-23.713072,-5.964946,26.351247
5916.0000,-4.255858,-21.752734,-14.643383,26.565437
5917.0000,-3.695304,-14.037808,-17.684433,22.879128
5918.0000,-1.126492,-17.960766,-11.640942,21.432910
5919.0000,2.402863,-16.073197,-19.075718,25.060017
5920.0000,-23.195953,-6.915830,-22.150346,32.810345
5921.0000,-10.006927,-10.442363,-19.977902,24.663700
5922.0000,-2.409683,-9.992031,-25.947818,27.909434
5923.0000,-9.638177,-9.623792,-18.627433,23.075812
5924.0000,-10.559315,-9.579691,-21.322111,25.649601
5925.0000,3.663239,-13.192899,-31.586035,34.426000
5926.0000,0.344840,-16.852349,-20.139664,26.262648
5927.0000,-0.860176,-26.118064,-19.466016,32.585564
5928.0000,3.126212,-21.374654,-25.174865,33.172622
5929.0000,-9.479438,-26.479839,-15.467658,32.098131
5930.0000,-7.433054,-14.136264,-27.059230,31.421111
5931.0000,1.983125,-13.068372,-19.025671,23.166599
5932.0000,2.894555,-2.873859,-11.836263,12.519371
5933.0000,12.903850,-3.025197,1.031579,13.293807
5934.0000,12.365898,-5.097708,-13.907417,19.295552
5935.0000,16.201750,5.377193,0.615730,17.081863
5936.0000,14.230221,7.120011,14.881800,21.786733
5937.0000,4.042045,-2.782185,4.628232,6.745310
5938.0000,3.280180,8.703191,0.052603,9.300961
5939.0000,-7.439479,-1.018037,-3.250906,8.182337
5940.0000,-4.583756,-0.727156,7.448137,8.775781
5941.0000,-9.824574,2.738977,9.292911,13.797914
5942.0000,-3.939908,0.929757,-0.989167,4.167226
5943.0000,-5.043938,-5.205614,-5.789223,9.276574
5944.0000,1.814599,-6.695878,-2.041514,7.231551
5945.0000,-6.671911,-10.261144,1.011176,12.281203
5946.0000,-2.569409,-11.562271,4.411345,12.639143
5947.0000,-3.411764,-0.734886,-1.747140,3.902908
5948.0000,-6.622882,-5.821967,12.513235,15.308133
5949.0000,-14.034127,-1.154482,13.215018,19.311299
5950.0000,-18.256925,-9.662574,-9.052643,22.552849
5951.0000,-16.012524,-12.531290,-5.838614,21.154753
5952.0000,-6.831922,-15.408768,-18.677063,25.158259
5953.0000,-3.138756,-13.566213,-6.271589,15.271764
5954.0000,2.433293,-0.852326,8.768950,9.140124
5955.0000,-0.134994,-5.927591,11.886116,13.282858
5956.0000,-8.900593,-10.221421,10.652125,17.238497
5957.0000,-3.272553,-13.058521,21.994148,25.787150
5958.0000,-14.286887,-17.810401,12.675863,26.115187
5959.0000,-19.509313,-12.175760,15.646479,27.815009
5960.0000,-11.759336,2.210297,11.728621,16.754937
5961.0000,-6.314654,2.679815,6.089838,9.172916
5962.0000,-8.499453,8.660064,13.055346,17.823565
5963.0000,-6.452432,-2.579999,11.129014,13.120412
5964.0000,0.533497,1.860260,4.409311,4.815310
5965.0000,9.675256,-1.405636,-2.424643,10.072998
5966.0000,9.811476,-9.693922,-7.458945,15.680339
5967.0000,5.384272,-8.160750,-2.895673,10.196723
5968.0000,15.797842,-11.966055,1.607308,19.883202
5969.0000,11.911616,-17.777711,-3.111491,21.624407
5970.0000,8.551378,-10.277911,-3.266589,13.763435
5971.0000,8.185567,-22.574961,-6.398553,24.851033
5972.0000,6.884374,-10.471527,4.381837,13.275842
5973.0000,7.812069,-26.292998,-4.032698,27.723867
5974.0000,15.770756,-11.511721,3.087990,19.767957
5975.0000,23.192797,-16.898983,7.912731,29.767310
5976.0000,10.837036,-10.309778,11.211609,18.693128
5977.0000,8.118707,-16.272390,17.074656,24.944899
5978.0000,16.681004,-11.976705,4.796593,21.088022
5979.0000,17.716030,-12.047165,-1.917961,21.509776
5980.0000,6.522768,-6.465543,9.403414,13.144350
5981.0000,-0.633492,1.108128,2.885734,3.155427
5982.0000,10.238772,-2.895586,5.825880,12.130859
5983.0000,11.902827,-0.198442,-2.587058,12.182346
5984.0000,14.476423,8.144532,-8.008394,18.440027
5985.0000,29.617005,7.622881,-5.831429,31.133275
5986.0000,27.919697,3.010743,-32.207433,42.730467
5987.0000,22.062086,-7.950693,-18.933484,30.140106
5988.0000,31.857039,-6.505149,-21.629830,39.051727
5989.0000,31.600699,-4.686642,-24.669822,40.362965
5990.0000,33.402019,2.426221,-23.369778,40.837825
5991.0000,22.763433,3.580531,-23.416505,32.853109
5992.0000,34.929950,12.734345,-23.905407,44.201057
5993.0000,32.737732,-3.103073,-25.336765,41.513128
5994.0000,21.523110,10.241278,-21.299597,31.965620
5995.0000,23.019785,12.192626,-20.590570,33.204551
5996.0000,21.804799,6.959399,-31.646867,39.056455
5997.0000,21.933548,11.914347,-23.374875,34.196739
5998.0000,23.485809,15.998714,-34.310571,44.550616
5999.0000,26.560726,9.866448,-25.883045,38.376437
6000.0000,21.783249,10.739693,-19.785826,31.326185
6001.0000,33.688660,32.483337,-24.081114,52.630723
6002.0000,27.850054,23.507535,-18.001529,40.648306
6003.0000,23.437939,22.075947,-23.662323,39.957351
6004.0000,7.446018,19.842512,-15.930219,26.513023
6005.0000,4.591052,30.322043,-14.683892,34.001776
6006.0000,5.164184,36.279623,-19.272655,41.404289
6007.0000,-4.137171,31.263528,-10.959517,33.386155
6008.0000,-0.616452,16.398561,-15.076118,22.284123
6009.0000,6.353514,16.657568,-9.853143,20.369736
6010.0000,0.452313,16.037935,-7.974028,17.916614
6011.0000,-3.484351,18.799745,-13.336154,23.311459
6012.0000,-9.358086,19.616337,-15.598671,26.752439
6013.0000,-0.783013,14.259859,-9.450618,17.125153
6014.0000,-4.361525,17.464911,-10.438838,20.809021
6015.0000,-0.958536,21.868907,-22.637434,31.490019
6016.0000,1.888423,17.125337,-17.212971,24.354254
6017.0000,2.150893,9.954438,-19.780974,22.248687
6018.0000,-1.606359,21.426467,-17.577224,27.760272
6019.0000,-3.518511,12.365668,-16.738147,21.105810
6020.0000,-12.062944,10.895091,-13.051855,20.846308
6021.0000,2.860106,7.066181,-16.508163,18.183250
6022.0000,-7.276017,2.517754,-16.454806,18.167007
6023.0000,-10.047602,2.971656,-15.429926,18.651211
6024.0000,-20.546419,11.782059,-9.052560,25.355889
6025.0000,-18.770170,20.872116,-12.538938,30.743934
6026.0000,-16.379461,19.641141,-14.415825,29.357745
6027.0000,-17.118728,16.534941,-6.370627,24.638182
6028.0000,-27.069571,12.519787,-6.431086,30.510090
6029.0000,-14.661068,19.119627,-4.112367,24.442148
6030.0000,-21.743519,15.991051,-0.390921,26.993465
6031.0000,-23.210821,9.799743,-4.142249,25.533025
6032.0000,-17.778408,28.813540,-4.821314,34.198494
6033.0000,-15.743836,18.970755,-1.167142,24.680359
6034.0000,-21.779810,13.185014,-13.886457,29.000662
6035.0000,-25.695063,21.938417,-8.345317,34.801936
6036.0000,-33.959109,16.195244,-17.909459,41.668402
6037.0000,-34.315701,25.282015,-5.777017,43.013039
6038.0000,-23.157494,6.879120,-17.496332,29.828065
6039.0000,-37.628772,5.574291,-17.243165,41.765104
6040.0000,-35.829623,7.535300,-20.865458,42.141547
6041.0000,-37.972998,20.190723,-13.679421,45.130260
6042.0000,-28.621275,17.179566,-14.420177,36.362843
6043.0000,-28.483927,5.163463,-21.691861,36.173641
6044.0000,-25.204082,16.916578,-7.817020,31.345209
6045.0000,-29.629825,9.114845,-11.621500,33.106891
6046.0000,-23.022315,11.524500,-26.086605,36.651768
6047.0000,-20.375233,9.784020,-9.047171,24.346015
6048.0000,-22.393674,6.714875,-5.060164,23.920105
6049.0000,-32.182479,14.935824,-6.944847,36.152755
6050.0000,-31.633764,19.076787,13.073932,39.186050
6051.0000,-21.160773,20.468475,5.734461,29.993680
6052.0000,-22.126443,30.685807,6.398415,38.368450
6053.0000,-27.121400,20.260895,14.532862,36.841258
6054.0000,-27.723643,25.079718,4.484643,37.652419
6055.0000,-36.656573,16.190978,3.641613,40.238209
6056.0000,-31.399373,19.589189,3.152496,37.142902
6057.0000,-41.621228,16.892179,9.705821,45.955144
6058.0000,-40.276288,5.218369,3.546672,40.767507
6059.0000,-45.151860,7.439248,-0.705020,45.766035
6060.0000,-48.672724,4.401082,-3.107465,48.969990
6061.0000,-46.594521,8.982453,-10.387069,48.575972
6062.0000,-40.877087,4.966630,-9.594675,42.280746
6063.0000,-39.986046,11.258643,-7.634572,42.236567
6064.0000,-42.903309,4.566438,-0.549367,43.149138
6065.0000,-21.137031,5.131960,-7.684226,23.068559
6066.0000,-28.477255,-11.668465,-1.235457,30.799895
6067.0000,-27.988445,-13.677216,-10.461500,32.861258
6068.0000,-14.177890,-22.391446,5.309170,27.029183
6069.0000,-23.099244,-7.364086,6.434258,25.083950
6070.0000,-21.535183,-5.349930,12.017094,25.234825
6071.0000,-28.534717,-3.454039,4.139743,29.039593
6072.0000,-28.569725,-9.299354,0.866736,30.057584
6073.0000,-32.590951,-10.936478,5.624127,34.833999
6074.0000,-28.805964,-10.447412,-8.993144,31.934443
6075.0000,-29.576038,-8.707059,-6.281694,31.464497
6076.0000,-14.167594,-14.688446,-8.717418,22.191542
6077.0000,-21.510565,-10.894173,2.405492,24.231669
6078.0000,-19.070979,-5.224217,7.570682,21.173330
6079.0000,-6.337118,3.311997,10.312505,12.548950
6080.0000,-12.340545,-2.353839,-0.586311,12.576700
6081.0000,-17.824610,-6.663423,-8.962808,21.034492
6082.0000,-20.985274,-16.861369,-8.081151,28.106805
6083.0000,-13.625575,-14.988782,-10.758902,22.936300
6084.0000,-10.289599,-36.850287,-12.707151,40.314900
6085.0000,-11.734070,-24.685586,-9.883170,29.064474
6086.0000,-8.580824,-17.000175,-3.716503,19.402291
6087.0000,-15.085937,-13.499314,-8.941011,22.130491
6088.0000,-13.238087,-8.668593,-21.446008,26.651880
6089.0000,-15.075423,-6.724333,-17.402959,23.986413
6090.0000,-12.924477,-5.230076,-10.751469,17.606529
6091.0000,-15.621358,2.707997,-14.357493,21.389196
6092.0000,-20.730413,-9.585200,-16.748232,28.321888
6093.0000,-16.583209,-9.526625,-10.486437,21.811116
6094.0000,-2.638432,5.704877,-16.635744,17.783557
6095.0000,-8.119751,6.264782,-12.359566,16.060408
6096.0000,-15.217980,0.094903,-8.787967,17.573397
6097.0000,-11.155217,-4.704905,-9.578199,15.437515
6098.0000,-17.907313,-1.563265,-12.730383,22.026763
6099.0000,-8.226743,2.296733,-2.334927,8.854726
6100.0000,-17.517472,-5.336919,-11.949026,21.866041
6101.0000,-17.624250,-9.838291,-24.104761,31.439556
6102.0000,-16.765013,-16.090886,-13.121991,26.686493
6103.0000,-13.229204,-14.206003,-10.665300,22.148837
6104.0000,-20.019010,-24.466227,-13.637542,34.428760
6105.0000,-6.977721,-6.873188,-6.951875,12.010740
6106.0000,-24.397221,-12.400076,-8.177210,28.563141
6107.0000,-14.969312,-13.285009,5.086785,20.650597
6108.0000,-14.467443,-13.539969,13.214518,23.817245
6109.0000,-3.370655,-16.465366,9.990603,19.552026
6110.0000,-9.600730,-3.903292,-1.253913,10.439445
6111.0000,-9.952053,-14.498450,1.176396,17.624764
6112.0000,-7.593984,-18.817709,-23.331681,30.921547
6113.0000,7.258466,-14.261531,-22.502379,27.612201
6114.0000,-6.742863,-19.217488,-7.250774,21.618320
6115.0000,-0.890179,-10.370605,-4.718815,11.428433
6116.0000,-11.738902,-14.775028,-6.200612,19.863304
6117.0000,-7.297751,-19.031365,-11.264115,23.287986
6118.0000,-18.097170,-17.716168,-13.048833,28.489335
6119.0000,-9.949429,-33.756975,-22.358745,41.694580
6120.0000,-3.264684,-25.769910,-21.809718,33.917698
6121.0000,4.304772,-26.052513,-18.339382,32.149610
6122.0000,3.276792,-18.275798,-24.920957,31.077262
6123.0000,-8.228563,-6.769508,-25.586183,27.716209
6124.0000,-4.471946,-0.901914,-25.325947,25.733545
6125.0000,-15.140409,-4.651618,-26.238649,30.648593
6126.0000,-15.193814,-9.098261,-31.133237,35.817716
6127.0000,-11.254526,-15.426908,-21.961752,29.102791
6128.0000,-16.422606,-16.720585,-23.996753,33.542869
6129.0000,-18.861741,-16.554667,-14.525093,28.996562
6130.0000,-3.396247,-13.293591,-18.479835,23.016480
6131.0000,-10.111899,-3.823288,-26.319667,28.453346
6132.0000,-13.034171,-7.167513,-31.979121,35.269350
6133.0000,2.196764,6.713423,-27.284852,28.184374
6134.0000,-1.736662,13.776999,-20.534347,24.788729
6135.0000,10.578818,19.606889,-13.915084,26.267301
6136.0000,3.722432,18.635876,-25.043907,31.438029
6137.0000,4.522120,-0.337322,-26.228799,26.617912
6138.0000,5.844636,-0.029027,-28.493390,29.086661
6139.0000,-12.356711,14.340020,-22.035891,29.050043
6140.0000,-14.689650,17.556487,-21.483170,31.393354
6141.0000,-13.312745,21.451427,-17.562885,30.754639
6142.0000,-16.938691,14.767490,-9.567485,24.424062
6143.0000,-12.142362,20.260844,-13.642059,27.277179
6144.0000,-6.886732,17.660373,-5.091671,19.627556
6145.0000,-3.873782,10.410170,1.297840,11.183122
6146.0000,3.999099,2.970907,-3.159211,5.899127
6147.0000,3.271837,3.260600,-8.969985,10.089453
6148.0000,0.680206,4.707955,-10.451921,11.483474
6149.0000,8.485829,0.125537,-22.792197,24.320964
6150.0000,14.726505,-2.522911,-30.998784,34.411620
6151.0000,5.297906,-9.094712,-21.513306,23.950030
6152.0000,7.222173,3.701449,-23.221678,24.598919
6153.0000,10.349254,6.743275,-27.869352,30.484087
6154.0000,16.276402,7.229892,-16.480391,24.265117
6155.0000,24.070025,14.329929,-11.085224,30.126320
6156.0000,18.380138,5.763283,-18.228414,26.520180
6157.0000,14.225911,1.714523,-3.857819,14.839100
6158.0000,14.462528,-17.279444,8.202056,23.979525
6159.0000,5.010678,7.165193,5.291031,10.219681
6160.0000,24.160475,12.699897,8.184192,28.495559
6161.0000,18.230461,12.415280,-2.545332,22.202873
6162.0000,23.393027,17.441761,2.861375,29.319554
6163.0000,22.494865,15.748934,10.053520,29.242454
6164.0000,24.004146,6.272544,15.102657,29.045380
6165.0000,24.477090,9.255948,11.921929,28.756441
6166.0000,19.785117,12.006640,-5.863351,23.874446
6167.0000,27.212994,11.674808,-1.688981,29.659752
6168.0000,18.933354,3.174243,-14.624469,24.133438
6169.0000,22.461744,2.394524,-15.038163,27.136876
6170.0000,18.580285,8.809519,-6.732082,21.636902
6171.0000,14.262467,7.351104,-6.990461,17.502093
6172.0000,24.292061,5.630291,1.412589,24.975985
6173.0000,18.917189,9.642404,-2.043637,21.331021
6174.0000,21.937358,0.649875,-5.695797,22.674041
6175.0000,23.512351,10.637869,-11.654421,28.316434
6176.0000,17.005804,8.934992,-13.503494,23.481393
6177.0000,26.146024,23.757105,-11.815980,37.250932
6178.0000,25.057162,17.182042,2.936046,30.523832
6179.0000,20.696888,19.075906,-13.849334,31.369657
6180.0000,17.693489,10.128064,-4.798844,20.944358
6181.0000,18.100311,1.584468,-10.808548,21.141345
6182.0000,25.873385,3.013809,-8.319738,27.344710
6183.0000,33.405126,0.227843,-11.778381,35.421527
6184.0000,26.375549,2.566512,-10.751440,28.598077
6185.0000,28.472327,1.948579,-3.570684,28.761435
6186.0000,34.317212,0.683727,-4.245255,34.585556
6187.0000,24.749173,1.127771,1.985081,24.854255
6188.0000,36.061126,4.856076,-1.371700,36.412469
6189.0000,27.943070,-0.747879,-5.002918,28.397248
6190.0000,23.343443,16.261219,-2.692728,28.576116
6191.0000,35.462716,10.185058,11.631047,38.686185
6192.0000,36.093136,9.741360,4.953187,37.711306
6193.0000,36.098894,17.988988,7.720542,41.065078
6194.0000,34.211400,7.123659,8.887534,36.057658
6195.0000,18.978605,10.302877,8.863272,23.342971
6196.0000,22.371090,8.572844,13.827211,27.661365
6197.0000,31.598489,11.544057,14.619534,36.680520
6198.0000,22.857939,6.035921,10.841216,26.008646
6199.0000,20.405275,-3.431528,14.947478,25.526020
6200.0000,17.972381,-11.079054,21.459544,30.104218
6201.0000,9.423262,-12.660067,28.365119,32.460054
6202.0000,7.331401,-12.149329,33.192915,36.098826
6203.0000,8.966699,-22.183472,31.758899,39.763498
6204.0000,10.392749,-18.473108,20.992701,29.832171
6205.0000,5.563574,-7.837092,21.420475,23.477865
6206.0000,8.341153,-19.858629,22.128728,30.880748
6207.0000,7.169850,-9.776317,22.075554,25.185575
6208.0000,22.733529,3.981402,21.824563,31.764390
6209.0000,14.373931,6.975031,6.670288,17.313396
6210.0000,10.039808,-8.417295,8.061809,15.383152
6211.0000,4.635082,-10.706123,11.123864,16.119721
6212.0000,3.565011,-13.025590,23.340197,26.965536
6213.0000,6.757236,-14.322500,2.537264,16.038452
6214.0000,5.176841,-7.317633,7.463963,11.664398
6215.0000,9.903603,-15.111535,23.436585,29.592454
6216.0000,9.107203,-33.321144,22.131344,41.024824
6217.0000,17.723017,-17.533277,22.854117,33.820583
6218.0000,1.837804,-27.966370,20.324771,34.620683
6219.0000,8.640598,-25.009068,18.855321,32.490561
6220.0000,10.928801,-24.060758,12.451880,29.213149
6221.0000,1.155140,-26.315406,15.107285,30.365523
6222.0000,15.158832,-36.759578,18.943778,44.044562
6223.0000,14.433208,-39.855683,12.506453,44.195071
6224.0000,9.151288,-38.645751,11.190709,41.261024
6225.0000,10.851698,-40.229126,18.324984,45.518644
6226.0000,17.777745,-32.763094,8.468122,38.225353
6227.0000,8.909164,-30.612521,9.164251,33.173530
6228.0000,8.478961,-29.130615,18.865441,35.726606
6229.0000,8.833420,-29.721741,15.419164,34.628916
6230.0000,8.142089,-43.384840,1.229633,44.159370
6231.0000,4.829363,-35.740284,1.954144,36.117992
6232.0000,4.318660,-29.130047,4.631110,29.810361
6233.0000,7.363106,-22.720687,8.346749,25.300458
6234.0000,3.972753,-22.596782,-2.201648,23.048744
6235.0000,-2.019897,-22.236490,-0.736103,22.340173
6236.0000,1.040601,-16.397865,-0.185482,16.431897
6237.0000,0.304984,-27.314893,-0.415079,27.319749
6238.0000,8.285976,-38.833549,10.716154,41.128310
6239.0000,11.014697,-29.162064,7.465419,32.054360
6240.0000,9.662667,-33.554319,5.110882,35.289950
6241.0000,1.037937,-37.963526,-0.270261,37.978673
6242.0000,5.631803,-31.562189,-10.890607,33.859921
6243.0000,5.112136,-41.451884,-13.967984,44.039723
6244.0000,-7.221647,-37.790851,-15.141698,41.346966
6245.0000,-1.678097,-41.203767,-18.797896,45.320275
6246.0000,3.985085,-29.671451,-22.150036,37.241107
6247.0000,-2.242110,-17.334224,-11.866668,21.126291
6248.0000,2.400670,-24.188252,-3.183037,24.514617
6249.0000,-8.543342,-29.672634,1.324173,30.906429
6250.0000,-11.358578,-28.472097,-20.020550,36.612840
6251.0000,-5.967313,-20.139164,-12.875390,24.636770
6252.0000,-5.447000,-24.646237,1.447409,25.282440
6253.0000,0.761214,-33.118302,-9.132828,34.362915
6254.0000,-0.787117,-42.876677,-15.878316,45.729092
6255.0000,-1.572529,-50.987728,4.486926,51.208923
6256.0000,0.532511,-42.064294,10.047480,43.250899
6257.0000,2.119259,-48.512260,17.353520,51.566222
6258.0000,0.853810,-40.734424,13.768792,43.006998
6259.0000,3.617767,-49.531563,35.646361,61.132046
6260.0000,3.995637,-38.777157,14.441956,41.571662
6261.0000,-0.067558,-38.833272,14.769307,41.547082
6262.0000,-5.932085,-35.168120,19.583033,40.687609
6263.0000,2.834143,-33.793129,12.349580,36.090443
6264.0000,-1.482078,-33.778002,12.185678,35.939404
6265.0000,-1.081793,-27.906202,27.467325,39.171167
6266.0000,-4.439418,-25.330871,24.856837,35.766238
6267.0000,-3.796271,-35.162508,15.015372,38.422324
6268.0000,0.128128,-32.343428,22.751222,39.544049
6269.0000,-0.943718,-32.731549,8.043293,33.718533
6270.0000,-3.248014,-21.420879,-0.910436,21.684846
6271.0000,-8.608658,-26.346034,-3.323293,27.915350
6272.0000,8.643859,-31.943915,-3.066215,33.234495
6273.0000,9.533506,-35.037618,0.639505,36.317095
6274.0000,-4.717417,-36.548251,5.916720,37.323401
6275.0000,4.865281,-38.660252,10.606721,40.383024
6276.0000,-7.155962,-37.191183,3.324005,38.018955
6277.0000,-9.728705,-29.002293,5.862870,31.147294
6278.0000,-7.665344,-37.164293,-0.615560,37.951562
6279.0000,-9.426129,-44.368873,1.990682,45.402771
6280.0000,1.562898,-39.804091,3.002561,39.947762
6281.0000,-4.788519,-23.400500,6.174362,24.670551
6282.0000,-1.719498,-27.684162,6.715456,28.538866
6283.0000,-19.511513,-24.348285,2.368898,31.291370
6284.0000,-10.194825,-31.003527,12.365136,34.900570
6285.0000,-16.950262,-26.401844,12.160617,33.648913
6286.0000,-11.461047,-26.875692,5.537475,29.737553
6287.0000,-5.445364,-37.148385,-10.763758,39.057816
6288.0000,-4.968293,-28.342452,-4.274180,29.090327
6289.0000,1.245767,-28.040796,-4.955023,28.502464
6290.0000,-3.920937,-12.998156,-7.511268,15.515957
6291.0000,-5.293329,-14.935109,-9.212926,18.329070
6292.0000,-23.130298,-13.337568,-1.413464,26.737601
6293.0000,-17.731143,-12.698855,5.186140,22.417635
6294.0000,0.219755,-25.332995,0.329883,25.336096
6295.0000,-8.620754,-16.305912,-5.039806,19.120665
6296.0000,-4.574055,-15.715273,-3.524165,16.742506
6297.0000,7.921127,-18.395555,-11.111706,22.904382
6298.0000,11.014892,-17.340958,-10.134789,22.907436
6299.0000,23.886322,-13.813966,1.386755,27.627978
6300.0000,21.150276,-16.909620,-12.400208,29.783126
6301.0000,34.407517,-11.005093,-14.126430,38.788469
6302.0000,26.184990,-8.321244,-4.847609,27.899751
6303.0000,28.163606,-14.541367,-0.228279,31.696880
6304.0000,28.971405,12.565759,2.778922,31.701151
6305.0000,36.422218,-5.378297,3.023568,36.941116
6306.0000,32.382393,0.068486,-13.225118,34.978963
6307.0000,29.281501,-2.159639,-13.785127,32.436092
6308.0000,26.903614,6.459973,-8.117624,28.834555
6309.0000,31.901572,6.500837,6.036686,33.112124
6310.0000,16.456654,1.796459,-3.051289,16.833273
6311.0000,20.494613,-13.857077,1.641733,24.794012
6312.0000,23.114653,5.842124,0.224499,23.842567
6313.0000,6.717574,4.883530,3.377077,8.965451
6314.0000,4.118135,5.798690,2.418241,7.512106
6315.0000,6.219436,4.507234,-2.039935,7.947193
6316.0000,-2.609395,-2.419012,0.187462,3.563103
6317.0000,-2.153472,-9.753303,2.967382,10.419680
6318.0000,5.585963,-18.195673,-3.316665,19.320605
6319.0000,11.759510,-14.115131,0.409055,18.376352
6320.0000,11.542498,-3.340239,-6.891066,13.851832
6321.0000,29.456579,-1.928358,-4.401766,29.846007
6322.0000,22.214604,-2.007758,0.429825,22.309291
6323.0000,25.208697,2.405644,10.420158,27.383302
6324.0000,19.904336,7.783217,8.616271,23.043463
6325.0000,25.580099,3.340923,-0.286454,25.798939
6326.0000,19.319439,-0.168881,-9.820250,21.672715
6327.0000,13.034924,20.178560,-20.105010,31.325628
6328.0000,1.542385,10.375112,7.137630,12.687304
6329.0000,2.250264,11.116382,-12.286640,16.721219
6330.0000,-10.424146,4.910595,4.672598,12.434225
6331.0000,-6.712468,15.056368,9.482249,19.017478
6332.0000,0.028864,6.993593,5.770455,9.066936
6333.0000,7.621947,13.746286,4.217720,16.274017
6334.0000,-8.493906,-7.450133,7.611385,13.622926
6335.0000,-11.502754,8.702678,4.103735,14.996352
6336.0000,-10.456134,-2.437958,13.482845,17.235472
6337.0000,-15.020973,-0.518948,7.884091,16.972267
6338.0000,-27.213027,-3.379605,-1.167194,27.446911
6339.0000,-15.639610,-1.656758,-0.719822,15.743582
6340.0000,-16.031597,-1.516653,-4.515508,16.724298
6341.0000,-10.817914,-13.580575,-0.541604,17.371028
6342.0000,-16.379376,-4.672247,7.598044,18.650579
6343.0000,-7.600475,-24.887837,10.156677,27.934382
6344.0000,8.671056,-0.896513,7.335272,11.392856
6345.0000,0.915235,2.642934,15.546661,15.796247
6346.0000,4.104344,1.108443,13.136033,13.806869
6347.0000,-5.150342,-5.560221,6.950625,10.283641
6348.0000,-5.880650,-6.538607,17.081215,19.212062
6349.0000,-4.798360,-34.231054,6.625240,35.194930
6350.0000,4.839485,-9.487153,4.954822,11.746359
6351.0000,3.360792,-15.285284,0.128496,15.650921
6352.0000,-2.226651,-7.778911,-6.651475,10.474328
6353.0000,12.133798,-1.502324,-3.358992,12.679466
6354.0000,-1.355023,-0.948012,2.695586,3.162435
6355.0000,1.249271,-11.707820,0.107451,11.774773
6356.0000,-2.892641,-12.520132,-5.165998,13.849498
6357.0000,4.416008,-1.176913,-5.212456,6.932239
6358.0000,11.219163,-1.779974,-3.931666,12.020646
6359.0000,-0.068455,-4.480758,0.676810,4.532103
6360.0000,19.528547,-13.691977,-5.585451,24.495544
6361.0000,13.037658,-6.645163,-19.503301,24.382728
6362.0000,15.789567,-5.567985,-13.555976,21.542455
6363.0000,18.536421,-7.056553,-2.488253,19.989628
6364.0000,13.735327,-8.144444,-15.701551,22.394863
6365.0000,8.936303,-6.719732,-8.962706,14.329774
6366.0000,21.918125,-2.135427,-6.016142,22.828890
6367.0000,12.369580,2.358924,-2.742849,12.887756
6368.0000,4.931507,-10.411452,-3.392030,12.009328
6369.0000,-5.704062,-2.783047,-3.935400,7.467868
6370.0000,-6.186672,-11.730679,0.580950,13.274835
6371.0000,-4.691324,-21.004985,-6.716978,22.546302
6372.0000,-6.310887,-29.135368,4.895602,30.210327
6373.0000,-3.031914,-32.367147,-2.181422,32.581948
6374.0000,-4.642038,-31.819624,12.969086,34.673248
6375.0000,3.780775,-26.963762,-0.016645,27.227541
6376.0000,-11.628784,-27.814807,3.034540,30.300174
6377.0000,-8.598834,-26.213894,0.720437,27.597595
6378.0000,-21.797676,-20.684663,-0.361514,30.052033
6379.0000,-12.835065,-15.553123,4.417879,20.643551
6380.0000,-17.329288,-8.890021,-0.699518,19.489126
6381.0000,-17.647449,-12.936145,-9.762261,23.959926
6382.0000,-22.231502,-13.913813,-13.728539,29.602477
6383.0000,-12.493781,-1.751890,-8.265363,15.082437
6384.0000,-18.782494,3.286432,-18.130540,26.311579
6385.0000,-27.384571,11.108326,-17.992460,34.598241
6386.0000,-20.230666,7.680235,-28.122532,35.484400
6387.0000,-28.619462,9.906832,-21.544758,37.167130
6388.0000,-29.307767,12.559763,-28.757378,42.938091
6389.0000,-24.150210,11.921956,-30.353721,40.579724
6390.0000,-37.913420,7.219473,-27.995838,47.679295
6391.0000,-31.325289,4.120296,-35.696605,47.670727
6392.0000,-27.777106,2.442009,-34.603900,44.440532
6393.0000,-31.214539,3.371781,-37.274112,48.734750
6394.0000,-32.724468,3.191342,-36.486195,49.115352
6395.0000,-34.933548,8.586176,-43.781493,56.664753
6396.0000,-36.090059,4.396239,-43.718186,56.860347
6397.0000,-38.592740,8.826341,-48.834115,62.865529
6398.0000,-36.468288,10.213611,-48.582769,61.599833
6399.0000,-34.794642,11.155259,-57.508350,68.134552
6400.0000,-24.650434,25.215654,-64.564218,73.566374
6401.0000,-25.469425,29.758397,-50.805245,64.151592
6402.0000,-22.799103,9.128525,-51.449725,57.010555
6403.0000,-21.209092,5.972852,-31.413248,38.370467
6404.0000,-21.952087,20.825013,-42.438555,52.121074
6405.0000,-25.622883,20.778317,-50.149290,60.026843
6406.0000,-21.634300,25.061416,-44.832398,55.732050
6407.0000,-26.931818,24.646027,-47.957850,60.271925
6408.0000,-23.515831,33.958013,-45.669916,61.578260
6409.0000,-25.083972,30.631763,-48.075817,62.279971
6410.0000,-25.114190,36.593432,-45.089297,63.268053
6411.0000,-11.400906,9.447142,-44.345563,46.752092
6412.0000,-13.992253,8.733994,-54.296847,56.746924
6413.0000,-26.382977,3.037524,-39.097101,47.263848
6414.0000,-23.435809,7.330843,-44.999615,51.263474
6415.0000,-26.044248,13.589398,-38.647937,48.545212
6416.0000,-27.914524,13.822939,-52.114238,60.713986
6417.0000,-32.777582,7.857872,-36.080450,49.375246
6418.0000,-33.159030,20.803528,-27.226503,47.682182
6419.0000,-25.027517,21.088841,-29.714068,44.204544
6420.0000,-31.414972,22.640333,-28.220209,47.915189
6421.0000,-40.406915,30.547287,-32.932229,60.418434
6422.0000,-43.440783,22.570965,-32.847384,58.953377
6423.0000,-38.504735,28.248202,-25.052148,53.927596
6424.0000,-32.410149,24.608779,-24.015708,47.252132
6425.0000,-38.710697,19.714524,-17.276643,46.751074
6426.0000,-33.244366,20.589844,-10.329481,40.445367
6427.0000,-37.698375,15.916574,4.463046,41.163376
6428.0000,-40.265849,26.810994,9.716545,49.341455
6429.0000,-30.524435,24.303863,-9.369377,40.127349
6430.0000,-38.902951,18.658424,0.095388,43.146095
6431.0000,-37.181874,16.532982,-3.455254,40.838340
6432.0000,-41.267409,28.351143,-2.469240,50.128670
6433.0000,-45.003369,7.060615,-1.102038,45.567203
6434.0000,-34.188525,9.027535,-10.618520,36.920247
6435.0000,-43.587989,-0.357213,-1.501041,43.615290
6436.0000,-31.237603,3.100512,-10.913885,33.234228
6437.0000,-38.639719,3.444761,-5.175366,39.136667
6438.0000,-30.280617,1.308465,-2.408069,30.404385
6439.0000,-33.935285,3.432429,5.255028,34.510875
6440.0000,-33.968787,4.861542,1.272035,34.338479
6441.0000,-29.390147,19.036094,5.665085,35.471774
6442.0000,-36.299727,21.823552,-1.267698,42.373868
6443.0000,-27.293241,16.647856,-8.289962,33.027194
6444.0000,-32.979955,17.837225,-1.702574,37.533223
6445.0000,-19.049081,15.938696,-4.655204,25.270149
6446.0000,-22.286250,27.325114,-6.646720,35.881997
6447.0000,-21.722793,7.242526,-9.116207,24.646281
6448.0000,-26.094557,0.248485,-5.873389,26.748539
6449.0000,-14.991042,7.326391,-6.088515,17.761682
6450.0000,-29.667918,11.603470,0.024951,31.856341
6451.0000,-15.808327,17.830490,-0.078945,23.829305
6452.0000,-14.380432,11.280482,-5.556575,19.102922
6453.0000,-20.268798,13.349017,4.954231,24.770241
6454.0000,-20.219437,12.008990,6.091484,24.292955
6455.0000,-36.430903,10.666794,3.111634,38.087707
6456.0000,-29.526849,7.973611,-5.010961,30.992306
6457.0000,-35.067998,18.570525,-1.278848,39.702196
6458.0000,-27.512431,9.272435,2.081548,29.107469
6459.0000,-25.442892,19.102923,7.236023,32.628552
6460.0000,-27.512404,21.243599,6.101108,35.290883
6461.0000,-23.498836,20.182490,-2.658710,31.090142
6462.0000,-14.989145,6.254672,-4.697317,16.907400
6463.0000,-16.084712,25.014627,0.189598,29.740301
6464.0000,-23.547943,18.725178,1.718768,30.134567
6465.0000,-28.035826,14.680830,-4.514654,31.967427
6466.0000,-15.818482,22.904847,-8.421771,29.082342
6467.0000,-17.021016,9.065737,-13.435733,23.503649
6468.0000,-14.555165,-0.267913,-15.052009,20.940095
6469.0000,-6.110325,6.797412,-13.361511,16.188603
6470.0000,-12.228758,-1.564929,-24.171403,27.133895
6471.0000,-10.599251,-7.270280,-14.721590,19.542935
6472.0000,-2.118371,8.628172,-14.917718,17.362925
6473.0000,-0.220853,1.994371,-16.327202,16.450040
6474.0000,12.136231,-6.692178,-15.690873,20.935063
6475.0000,10.361718,-7.566158,-5.873962,14.110825
6476.0000,18.164973,-7.734621,-8.566501,21.521513
6477.0000,16.895166,-2.247247,-11.600512,20.617192
6478.0000,13.594681,-13.752210,-20.207588,27.969363
6479.0000,22.615051,-7.618727,-19.438742,30.779055
6480.0000,19.896876,0.332050,-9.281704,21.957823
6481.0000,9.828633,-3.863678,-19.209521,21.921125
6482.0000,8.478844,-2.155383,-6.488447,10.892035
6483.0000,1.542042,-4.259646,-4.191716,6.171949
6484.0000,5.498739,5.740851,-9.106777,12.088296
6485.0000,7.043396,1.083638,-9.526943,11.897324
6486.0000,13.398554,14.393849,-0.777643,19.680164
6487.0000,-0.216439,10.186590,0.719440,10.214258
6488.0000,0.259354,16.630186,-14.098521,21.803638
6489.0000,3.893647,11.773920,-13.833428,18.578197
6490.0000,-7.073955,23.246329,-1.559723,24.348827
6491.0000,-6.826570,21.417348,-2.653104,22.635013
6492.0000,-8.501542,21.181815,-6.572944,23.751823
6493.0000,-17.958726,15.482572,-9.581494,25.574028
6494.0000,-11.058079,18.619886,-9.102458,23.491190
6495.0000,1.655867,25.248939,-14.730542,29.278656
6496.0000,-4.817734,36.098512,-17.562231,40.431981
6497.0000,-5.731050,36.538214,-13.813627,39.480404
6498.0000,-0.083001,24.785939,-25.892471,35.843684
6499.0000,-16.393691,21.824793,-31.621538,41.773154
6500.0000,-15.942946,23.217566,-19.434343,34.218804
6501.0000,-10.467356,21.351951,-26.875649,35.885538
6502.0000,-3.672935,11.239771,-28.947743,31.269710
6503.0000,-3.085713,14.555607,-21.190622,25.892659
6504.0000,1.418057,9.511837,-28.011538,29.616417
6505.0000,-15.792777,10.636762,-31.501146,36.808622
6506.0000,-18.836978,15.027105,-28.571635,37.376249
6507.0000,-17.601222,16.164662,-30.783137,38.970513
6508.0000,-21.682986,23.573240,-24.887463,40.561501
6509.0000,-20.681117,22.324167,-15.223838,34.027081
6510.0000,-28.652224,20.926296,-12.301653,37.552503
6511.0000,-26.310171,16.959914,-12.593810,33.741189
6512.0000,-24.520615,18.962761,-20.567354,37.200308
6513.0000,-21.407081,34.049002,-24.234068,46.956232
6514.0000,-12.489872,28.531717,-21.234247,37.695477
6515.0000,-23.341722,21.681482,-14.602781,35.045169
6516.0000,-37.547147,18.520655,-23.671488,48.095137
6517.0000,-31.201251,23.370495,-27.975076,47.982319
6518.0000,-26.368051,23.274450,-29.024175,45.600184
6519.0000,-31.662760,3.919908,-32.549063,45.577819
6520.0000,-17.116840,7.824357,-37.171522,41.664479
6521.0000,-8.868583,7.494537,-19.383536,22.595161
6522.0000,-5.643389,17.810139,-23.271609,29.843201
6523.0000,-14.856112,13.406715,-15.595606,25.370593
6524.0000,-27.645354,22.034963,-6.241864,35.899388
6525.0000,-20.278342,24.537928,-11.451412,33.829808
6526.0000,-26.940437,21.864419,-4.103248,34.938183
6527.0000,-23.245600,31.965084,-8.477758,40.422727
6528.0000,-29.931172,17.666029,-5.422920,35.176294
6529.0000,-31.693365,13.289030,-7.586880,35.194154
6530.0000,-35.278703,20.883637,-21.160553,46.135476
6531.0000,-32.102761,25.066061,-11.805634,42.405986
6532.0000,-30.866261,21.649754,-10.233193,39.066049
6533.0000,-18.054826,24.409565,-13.568095,33.255027
6534.0000,-12.764623,19.382320,-16.642769,28.558566
6535.0000,-15.085817,36.232563,-7.578920,39.972748
6536.0000,-5.195212,26.814804,-14.591992,30.966921
6537.0000,-15.408107,20.858800,-14.616286,29.768022
6538.0000,-12.800500,15.040061,-12.311631,23.273000
6539.0000,-17.636437,28.930642,-6.215415,34.447893
6540.0000,-11.462593,27.134485,-17.751859,34.391857
6541.0000,-19.792572,26.462737,-14.325177,36.017121
6542.0000,-1.938235,28.681803,-17.688824,33.753475
6543.0000,-17.736235,15.602896,-21.478901,31.927536
6544.0000,-3.061953,4.111985,-22.903551,23.470335
6545.0000,-12.168609,20.021017,-17.823568,29.437998
6546.0000,-10.772294,28.036495,-21.045764,36.674399
6547.0000,-10.806454,20.129165,-13.851823,26.717705
6548.0000,-11.178933,19.743353,-7.267603,23.824076
6549.0000,-15.362238,12.713629,-8.159587,21.545616
6550.0000,-9.482144,11.996265,-7.534202,17.046572
6551.0000,-4.685809,17.952032,-6.534459,19.670572
6552.0000,-1.018778,14.272507,-12.412429,18.942300
6553.0000,10.530284,-2.968808,-16.346238,19.669779
6554.0000,-3.849194,3.081309,-8.371310,9.715430
6555.0000,4.937378,1.844728,4.315912,6.812329
6556.0000,1.034910,-9.228731,-12.522708,15.590341
6557.0000,-12.221664,-3.966408,-5.289952,13.895505
6558.0000,-12.000928,6.448380,-5.581167,14.722544
6559.0000,-18.239209,2.085582,-12.858412,22.413325
6560.0000,-5.807399,1.136378,-15.872779,16.939963
6561.0000,-2.531542,7.157364,-10.613285,13.049075
6562.0000,-7.110075,9.941735,-10.862309,16.351789
6563.0000,2.805149,6.111159,-13.551125,15.127727
6564.0000,-9.578256,14.415056,-4.541239,17.893006
6565.0000,-13.892072,12.474302,-18.513840,26.293729
6566.0000,-10.421182,13.228485,-19.064970,25.437511
6567.0000,-12.084615,3.184707,-22.566925,25.796247
6568.0000,-8.029206,9.903158,-6.966236,14.528218
6569.0000,-15.277928,3.847365,0.402874,15.760064
6570.0000,-11.061603,4.932645,-8.440164,14.762331
6571.0000,-7.116689,2.654724,-10.661551,13.090588
6572.0000,-1.308356,6.148052,-10.154621,11.942640
6573.0000,-5.276946,0.976971,-13.266864,14.311195
6574.0000,-4.592685,12.747289,-6.592658,15.068154
6575.0000,2.457530,9.835797,-8.560673,13.269043
6576.0000,-1.113848,-0.187578,-1.713682,2.052449
6577.0000,-9.571876,-1.236646,0.996076,9.702694
6578.0000,-7.100508,-1.929651,10.439458,12.771964
6579.0000,-13.360238,-0.466758,3.858287,13.914029
6580.0000,-4.338668,-14.620392,1.480615,15.322276
6581.0000,-9.215751,1.767478,3.070372,9.873258
6582.0000,-6.891779,-12.301590,-3.592575,14.551025
6583.0000,-21.451299,-11.969206,1.987681,24.644898
6584.0000,-2.843083,-8.179524,7.327897,11.343977
6585.0000,-0.177870,-18.235997,8.739718,20.222905
6586.0000,0.097792,-9.656004,1.068538,9.715439
6587.0000,2.448778,-18.031836,6.945744,19.477859
6588.0000,-3.498686,-2.115299,25.353870,25.681394
6589.0000,-3.181510,-2.927402,26.442643,26.793750
6590.0000,2.497296,-8.201822,15.664324,17.857139
6591.0000,1.928690,8.476528,19.528655,21.376149
6592.0000,-3.096739,-5.959093,13.563138,15.134705
6593.0000,-5.279134,12.935201,17.443622,22.348795
6594.0000,0.234358,12.532873,10.308255,16.229231
6595.0000,-5.411760,10.484894,-4.474106,12.618945
6596.0000,-8.748581,11.601789,2.730583,14.784967
6597.0000,-20.400993,12.945151,1.903899,24.236383
6598.0000,-9.169879,8.813712,-3.421602,13.171012
6599.0000,-21.995522,3.443267,-1.461822,22.311342
6600.0000,-11.499671,6.179509,-3.082609,13.413846
6601.0000,2.891404,4.639915,10.679204,11.997267
6602.0000,7.816814,8.786799,-0.655487,11.778798
6603.0000,6.957734,4.995336,0.982434,8.621405
6604.0000,-2.745893,4.616078,0.374781,5.384103
6605.0000,7.995660,-1.530697,11.240453,13.878811
6606.0000,11.700304,3.684277,4.907272,13.211825
6607.0000,15.443969,-11.006159,14.152715,23.663285
6608.0000,8.874308,-9.979030,4.642441,14.138128
6609.0000,-1.615331,-24.012801,5.128775,24.607483
6610.0000,9.227670,-8.562624,13.256029,18.280884
6611.0000,6.863209,-18.761488,-2.158640,20.093700
6612.0000,3.469134,-3.240879,3.786508,6.072547
6613.0000,4.661852,-17.568691,1.305895,18.223532
6614.0000,-3.575446,-26.597829,3.212043,27.028606
6615.0000,-6.987166,-29.825425,-2.469382,30.732301
6616.0000,12.078627,-31.826489,5.132840,34.426221
6617.0000,-8.290043,-22.726144,-1.259170,24.223707
6618.0000,-14.072516,-32.896401,7.224434,36.502073
6619.0000,-11.671323,-30.830644,1.181222,32.987023
6620.0000,-14.790865,-21.461939,1.061866,26.086627
6621.0000,-13.753589,-18.901759,1.439695,23.420299
6622.0000,-17.625118,-22.228165,3.162461,28.543603
6623.0000,-15.780228,-30.049690,-8.417172,34.969247
6624.0000,-26.099498,-28.137031,-5.363243,38.751009
6625.0000,-30.267309,-36.140680,-5.221694,47.429156
6626.0000,-21.247219,-26.495182,2.324058,34.041742
6627.0000,-19.572430,-16.220546,-0.749377,25.431235
6628.0000,-14.427154,-19.442988,2.493440,24.339058
6629.0000,-17.287412,-24.940876,-7.090593,31.163736
6630.0000,-20.689765,-31.370301,-0.128435,37.578966
6631.0000,-25.152717,-34.081833,-8.063515,43.119031
6632.0000,-21.737597,-32.762000,2.134193,39.375456
6633.0000,-32.387820,-45.682239,14.750035,57.908560
6634.0000,-33.178450,-46.656131,5.510334,57.514937
6635.0000,-28.822298,-53.581293,-3.035433,60.917105
6636.0000,-19.636572,-43.960279,-2.222689,48.197940
6637.0000,-28.671133,-39.629416,-0.987830,48.923413
6638.0000,-39.647059,-36.207256,5.236280,53.946949
6639.0000,-24.039140,-28.823329,-0.141898,37.532449
6640.0000,-18.418327,-37.924416,-7.933249,42.900263
6641.0000,-10.915202,-30.617808,-12.576777,34.853509
6642.0000,-29.617696,-20.784080,6.068521,36.688048
6643.0000,-26.441608,-21.061821,-3.356373,33.970931
6644.0000,-14.008271,-20.920830,-10.753759,27.378023
6645.0000,0.145800,-15.547323,-4.461069,16.175341
6646.0000,0.719892,-24.394089,-5.443165,25.004357
6647.0000,6.767606,-35.503336,-8.513516,37.131756
6648.0000,-0.109002,-28.533386,3.089336,28.700348
6649.0000,-1.365730,-28.852037,7.272503,29.785811
6650.0000,-0.771618,-24.659182,7.693576,25.843021
6651.0000,-3.864471,-30.657245,-3.960387,31.152616
6652.0000,1.371872,-30.999518,-8.096727,32.068818
6653.0000,-9.917666,-36.494163,3.515428,37.980815
6654.0000,-13.071887,-33.404143,10.312289,37.323643
6655.0000,-2.391501,-26.965518,7.183191,28.008154
6656.0000,5.760274,-30.443961,13.217826,33.685701
6657.0000,-8.130155,-31.701999,21.267618,39.031113
6658.0000,-6.574396,-26.796804,14.325096,31.088580
6659.0000,-4.083440,-25.688613,25.159318,36.187990
6660.0000,3.092210,-16.219236,29.588423,33.883627
6661.0000,-5.239970,-15.076942,32.484573,36.194184
6662.0000,-4.235063,-17.326560,29.576694,34.538764
6663.0000,-12.853142,-21.853617,41.840361,48.922384
6664.0000,-8.061484,-13.558237,30.906555,34.699113
6665.0000,-15.255459,-11.809582,32.284368,37.609515
6666.0000,-16.865997,-0.435444,43.272231,46.444994
6667.0000,-30.719628,-8.752634,47.681196,57.391642
6668.0000,-16.995440,1.990433,44.280279,47.471570
6669.0000,-12.442051,5.491590,32.848203,35.552308
6670.0000,-16.512425,5.829632,40.583314,44.200115
6671.0000,-6.450788,3.183426,29.075025,29.951694
6672.0000,-24.184933,12.430266,29.524753,40.138928
6673.0000,-21.948831,-3.044206,37.373328,43.448637
6674.0000,-17.583363,-1.224172,34.711008,38.929774
6675.0000,-27.370871,-3.170111,36.306253,45.578045
6676.0000,-24.167766,2.220271,38.969180,45.908686
6677.0000,-12.249426,-4.635127,39.012639,41.152386
6678.0000,-17.870454,-11.142847,30.040528,36.687184
6679.0000,-13.980470,-7.891411,42.076472,45.035068
6680.0000,-8.356703,-14.772399,44.739120,47.850257
6681.0000,-12.010475,-2.757518,45.356778,47.000987
6682.0000,-9.722935,-1.232492,44.465939,45.533221
6683.0000,-18.812857,4.207424,44.465659,48.464635
6684.0000,-9.613084,-2.648818,40.181436,41.400186
6685.0000,-15.587014,-3.316518,50.534351,52.987498
6686.0000,-12.570267,-5.402228,47.162961,49.107439
6687.0000,-5.658374,-9.569186,47.551882,48.834086
6688.0000,-8.086521,-7.147293,37.661839,39.177669
6689.0000,-3.678643,-10.010920,37.674927,39.155472
6690.0000,-16.828270,-3.410592,34.658998,38.679051
6691.0000,-15.203793,0.454131,33.015171,36.350558
6692.0000,-17.260131,-4.158690,34.802882,39.069776
6693.0000,-24.066210,-2.607397,41.260140,47.837016
6694.0000,-21.581585,2.367002,42.454965,47.684290
6695.0000,-24.418446,-9.067040,45.044632,52.033553
6696.0000,-27.268941,-8.614158,50.500845,58.035629
6697.0000,-4.784665,-13.636523,37.845753,40.511095
6698.0000,-14.090476,-7.078952,40.394848,43.363543
6699.0000,-7.150550,-1.041216,42.106436,42.721967
6700.0000,-5.771104,-2.162759,29.715338,30.347726
6701.0000,-26.174221,-7.449040,42.535313,50.495851
6702.0000,-23.886390,-17.473453,40.946887,50.522557
6703.0000,-14.066015,-6.420639,32.469521,35.963136
6704.0000,-7.906427,-8.266102,37.636473,39.336296
6705.0000,-13.358872,-5.925669,38.708937,41.375776
6706.0000,-15.668529,-5.481838,39.105625,42.482976
6707.0000,-12.039259,-1.094211,39.704873,41.504433
6708.0000,-10.590595,-8.463088,27.129764,30.328347
6709.0000,-14.980345,-22.951501,33.042344,42.929927
6710.0000,-12.587011,-24.694898,26.840988,38.583798
6711.0000,-1.748876,-32.434973,28.011995,42.892399
6712.0000,12.823159,-25.345197,35.183011,45.217881
6713.0000,-4.934937,-15.345213,30.566513,34.556344
6714.0000,-6.577450,-8.353809,34.356417,35.964042
6715.0000,-11.711856,-2.874329,38.920256,40.745745
6716.0000,-13.810917,2.970873,39.168331,41.638031
6717.0000,-12.520990,-0.438657,43.604230,45.368452
6718.0000,-0.190621,3.546789,30.508225,30.714294
6719.0000,-3.470144,7.277543,31.002256,32.033489
6720.0000,-0.851842,15.671410,25.970672,30.344596
6721.0000,11.788570,21.206129,26.965893,36.274367
6722.0000,2.846369,29.451334,9.889584,31.197545
6723.0000,2.792298,17.358646,20.985365,27.377090
6724.0000,-0.800677,11.200362,20.157801,23.074361
6725.0000,16.129994,15.771971,19.043596,29.522708
6726.0000,16.392519,2.908882,17.972077,24.498405
6727.0000,3.991259,2.481766,8.492941,9.706666
6728.0000,2.214677,12.867671,3.360927,13.482492
6729.0000,15.373974,3.069582,2.075004,15.814140
6730.0000,6.380967,12.185995,4.770844,14.559401
6731.0000,10.325842,10.836460,-2.154711,15.122653
6732.0000,6.195669,11.555600,-10.069326,16.532076
6733.0000,24.678580,3.580188,-8.529058,26.355168
6734.0000,29.766265,-0.631739,-4.724413,30.145475
6735.0000,25.059232,-4.963041,-8.703283,26.987850
6736.0000,28.441612,-0.893714,-9.610816,30.034844
6737.0000,28.658114,5.756123,-8.760146,30.514924
6738.0000,19.269341,-7.301739,-7.412827,21.899153
6739.0000,22.476387,-0.856830,2.393840,22.619739
6740.0000,6.305614,8.203663,-0.439306,10.356343
6741.0000,7.473098,9.946998,6.114053,13.862598
6742.0000,8.282358,-7.837415,-0.225851,11.404979
6743.0000,-9.381404,-9.881738,-2.651972,13.881370
6744.0000,7.331665,-3.218533,-9.579733,12.485334
6745.0000,5.648794,-4.880759,-13.360689,15.304859
6746.0000,-5.247972,-3.161769,-8.517535,10.492206
6747.0000,-0.646710,-0.443331,-17.062775,17.080781
6748.0000,4.999454,0.553829,-12.894226,13.840605
6749.0000,3.830836,-3.414952,-4.131518,6.588371
6750.0000,-1.087548,2.180635,-5.400761,5.925044
6751.0000,8.091601,-0.763684,-1.237081,8.221167
6752.0000,-5.714690,-4.183561,6.239130,9.438570
6753.0000,1.939139,-8.395614,5.534500,10.240961
6754.0000,-10.426439,2.903296,8.520881,13.774802
6755.0000,-5.011595,3.979380,-2.456891,6.854769
6756.0000,6.356636,6.967806,1.819141,9.605541
6757.0000,24.063158,15.460627,-5.637445,29.152141
6758.0000,14.140318,8.351535,-3.846633,16.866930
6759.0000,10.364935,4.783170,5.257233,12.567780
6760.0000,3.213083,6.019093,4.438351,8.139554
6761.0000,11.905545,9.715278,-4.087430,15.900808
6762.0000,17.593714,6.409700,1.040309,18.753806
6763.0000,7.976454,-0.927026,-5.162364,9.546371
6764.0000,13.343854,-0.901898,1.094562,13.419014
6765.0000,3.940052,17.088594,1.228950,17.579942
6766.0000,15.788016,13.275621,-3.969808,21.006259
6767.0000,21.228533,28.820376,-1.592845,35.830181
6768.0000,19.386773,29.630369,5.529011,35.838187
6769.0000,10.188495,6.092702,-1.949803,12.030302
6770.0000,5.142346,22.889793,-9.961825,25.487729
6771.0000,14.431219,22.930521,-13.845176,30.426268
6772.0000,10.258476,27.724566,-12.737998,32.189198
6773.0000,8.179181,15.909009,-5.161874,18.618284
6774.0000,6.982686,26.390104,-8.466071,28.580935
6775.0000,-5.779168,23.099623,-14.170066,27.708882
6776.0000,7.883641,17.654817,-16.638512,25.508517
6777.0000,-5.503716,11.730908,-19.310638,23.255232
6778.0000,-9.913988,12.958271,-15.590099,22.566682
6779.0000,-2.316645,23.422457,-12.932597,26.855733
6780.0000,6.247430,20.946017,-13.088140,25.476762
6781.0000,-0.158259,27.534105,-18.479941,33.161125
6782.0000,5.988584,41.837016,-8.210568,43.053600
6783.0000,4.977387,29.054479,-12.161021,31.887734
6784.0000,7.193658,14.896130,-12.675640,20.840231
6785.0000,17.834370,9.603928,-5.634679,21.024980
6786.0000,13.148470,17.614307,-3.271074,22.222647
6787.0000,26.415722,9.084994,0.245356,27.935420
6788.0000,12.614853,1.696001,-5.196767,13.748358
6789.0000,8.684011,1.469126,0.999441,8.863931
6790.0000,14.535593,-5.732401,-0.599005,15.636582
6791.0000,9.587025,4.990305,-3.284165,11.296014
6792.0000,16.794129,4.434606,-12.787492,21.569155
6793.0000,10.903160,6.108650,-25.027929,27.974841
6794.0000,11.254701,-8.805282,-21.706456,25.987911
6795.0000,7.844278,-8.282666,-11.073455,15.898322
6796.0000,8.139983,0.135242,-23.356881,24.735026
6797.0000,-2.173403,-7.537884,-15.425255,17.305544
6798.0000,2.781831,4.280060,-19.888252,20.532902
6799.0000,-5.619160,1.972772,-24.063364,24.789358
6800.0000,2.543882,-10.331347,-28.173937,30.116089
6801.0000,-4.980883,5.151788,-28.854901,29.731388
6802.0000,-1.351452,5.473057,-11.952999,13.215709
6803.0000,1.773718,4.793150,-20.830255,21.448074
6804.0000,-1.224101,-7.299299,-25.565754,26.615521
6805.0000,1.661793,4.354407,-25.866141,26.282688
6806.0000,6.729440,-7.358678,-23.530814,25.556500
6807.0000,9.535373,-10.878330,-26.636629,30.311242
6808.0000,-7.542671,-6.300747,-16.098394,18.861326
6809.0000,-1.427183,-0.895466,-18.971710,19.046377
6810.0000,0.746494,0.456675,-24.768042,24.783496
6811.0000,1.830661,-4.569924,-20.355235,20.942089
6812.0000,5.372534,3.548943,-23.723100,24.581387
6813.0000,6.634843,-2.063325,-21.082075,22.197575
6814.0000,7.486900,-5.378869,-31.161069,32.496125
6815.0000,14.152007,-11.238430,-11.810598,21.588697
6816.0000,17.347015,-5.875517,-23.453033,29.757106
6817.0000,31.546850,5.184114,-15.094121,35.354084
6818.0000,27.246229,0.019004,-24.452674,36.609980
6819.0000,13.799556,-7.008830,-17.417637,23.300762
6820.0000,16.747499,-3.782463,-29.219084,33.890126
6821.0000,21.095123,8.045530,-32.380402,39.474361
6822.0000,33.766140,3.102004,-22.639661,40.771667
6823.0000,30.776098,10.651529,-27.786473,42.810178
6824.0000,20.396990,12.901317,-30.438342,38.845512
6825.0000,34.000168,11.677827,-24.378574,43.436136
6826.0000,26.036260,11.379115,-39.505800,48.662915
6827.0000,29.772803,12.100877,-37.077919,49.067536
6828.0000,15.464377,9.950330,-30.512131,35.625077
6829.0000,20.770462,13.236848,-22.486948,33.350998
6830.0000,25.359030,14.209495,-26.913364,39.614635
6831.0000,17.466674,14.339989,-16.951913,28.250440
6832.0000,13.067577,21.817825,-22.691171,34.083255
6833.0000,11.737373,19.592076,-19.374612,29.949807
6834.0000,4.433161,26.189422,-16.404835,31.219503
6835.0000,13.088651,12.583487,-12.977914,22.317777
6836.0000,5.710717,11.371843,-23.513322,26.735882
6837.0000,10.564538,9.048910,-35.440434,38.072518
6838.0000,12.764113,7.067636,-30.198105,33.538032
6839.0000,7.057128,6.331248,-25.629362,27.326762
6840.0000,-2.313207,-2.558629,-24.310645,24.554123
6841.0000,6.765813,-8.778659,-19.892439,22.771697
6842.0000,23.152753,-6.536752,-17.520135,29.761288
6843.0000,19.950237,-2.682546,-16.174790,25.823088
6844.0000,18.874086,14.442049,-27.699016,36.497115
6845.0000,18.566973,6.163873,-27.111722,33.433087
6846.0000,27.505224,9.284665,-28.277779,40.526228
6847.0000,19.916112,16.681806,-22.345046,34.267117
6848.0000,21.220250,16.840301,-27.446066,38.563989
6849.0000,24.028919,14.871933,-16.760257,32.855282
6850.0000,15.373077,10.232647,-8.376109,20.278012
6851.0000,14.987847,7.414997,-8.689955,18.844975
6852.0000,16.046048,5.377565,-10.418361,19.872999
6853.0000,6.861766,9.663381,-4.507771,12.680093
6854.0000,20.812025,14.834143,-7.412669,26.610897
6855.0000,15.549046,4.011805,-10.222359,19.035862
6856.0000,27.194960,-3.188418,-20.261803,34.062773
6857.0000,22.130431,-6.854727,-7.807148,24.447798
6858.0000,9.502277,0.349941,0.256201,9.512169
6859.0000,14.578012,-1.039690,-18.751461,23.774286
6860.0000,13.234222,-4.609751,-16.527424,21.669107
6861.0000,7.880696,1.406398,-10.509931,13.211434
6862.0000,18.981748,-11.121958,-14.486984,26.341553
6863.0000,15.519188,-10.413907,-12.582834,22.530476
6864.0000,8.488114,-15.219409,-12.747182,21.590950
6865.0000,26.068111,-13.764105,1.919243,29.541166
6866.0000,29.267418,0.562756,-0.766922,29.282872
6867.0000,25.036787,-5.482691,13.012050,28.743939
6868.0000,19.205276,-0.847258,5.143046,19.900035
6869.0000,24.199932,4.896557,14.920438,28.848439
6870.0000,26.357359,4.353876,11.952673,29.266585
6871.0000,34.947892,-3.073612,14.669934,38.026428
6872.0000,38.493891,-7.473922,5.347444,39.575679
6873.0000,28.964895,-7.193199,9.628084,31.359325
6874.0000,23.535544,5.334279,-5.953186,24.855921
6875.0000,25.583974,-8.425208,-3.041599,27.106737
6876.0000,26.594874,-3.809068,-15.699712,31.117155
6877.0000,23.973646,-9.495442,-3.870083,26.074445
6878.0000,21.038101,-1.869507,-4.704239,21.638544
6879.0000,23.932279,-8.772428,5.818598,26.145087
6880.0000,23.810147,-0.639166,2.164806,23.916898
6881.0000,29.052156,-12.523712,11.816762,33.771393
6882.0000,27.517979,-13.347960,20.763895,36.966831
6883.0000,30.751385,-15.782553,9.803951,35.928458
6884.0000,37.683619,-24.057597,2.312830,44.767983
6885.0000,31.561902,-17.248872,-3.711260,36.158687
6886.0000,37.901100,-18.781567,4.232905,42.510682
6887.0000,22.410802,-30.382993,2.079357,37.811295
6888.0000,28.488602,-30.856141,11.019977,43.418219
6889.0000,34.835708,-29.753806,5.063225,46.091776
6890.0000,32.525463,-24.237314,-1.120031,40.578413
6891.0000,45.640150,-28.391096,-1.869800,53.782653
6892.0000,35.369353,-27.534855,-0.987833,44.834531
6893.0000,42.401225,-28.512667,11.279130,52.326426
6894.0000,30.251039,-27.435019,2.602654,40.921625
6895.0000,44.808384,-30.219612,-12.378689,55.445902
6896.0000,28.215281,-26.147235,-12.864342,40.561944
6897.0000,33.584775,-24.153432,-2.025799,41.417741
6898.0000,20.166114,-23.863183,-0.919144,31.256495
6899.0000,24.448221,-18.997693,-2.124883,31.034545
6900.0000,31.256415,-13.740932,1.745401,34.188056
6901.0000,41.771066,-10.888163,9.749341,44.254082
6902.0000,35.924129,-6.573199,11.857877,38.397386
6903.0000,30.301604,-10.463079,-1.401622,32.087813
6904.0000,26.534433,-19.372800,11.921647,34.950067
6905.0000,29.069200,-27.342988,4.750738,40.189886
6906.0000,20.371827,-19.633591,11.974346,30.722536
6907.0000,25.082676,-14.670829,-5.722942,29.616311
6908.0000,30.364238,-19.528967,12.917271,38.343492
6909.0000,41.788055,-29.603208,5.197889,51.474358
6910.0000,34.189749,-24.562204,12.232757,43.839265
6911.0000,30.003004,-17.696185,2.349237,34.912092
6912.0000,37.073233,-19.738188,11.570101,43.564756
6913.0000,43.934973,-9.715643,15.634102,47.635079
6914.0000,34.297292,-20.188760,11.266825,41.362201
6915.0000,30.043606,-23.791930,9.926689,39.588046
6916.0000,27.444638,-22.868354,6.962084,36.395610
6917.0000,41.759078,-13.439862,17.701571,47.305350
6918.0000,34.853584,-15.370022,3.789942,38.280198
6919.0000,37.639112,-3.234999,4.102692,38.000001
6920.0000,29.365361,-21.100710,7.883110,37.009563
6921.0000,38.112532,-12.477017,5.119010,40.428274
6922.0000,32.652881,-11.890423,4.506117,35.041374
6923.0000,33.557814,-17.050269,7.407166,38.362804
6924.0000,38.204745,-7.512138,12.412013,40.866769
6925.0000,48.855506,-10.940000,9.274458,50.917184
6926.0000,50.883071,-10.986129,18.698211,55.311889
6927.0000,49.601703,-12.652217,15.830672,53.581878
6928.0000,44.759201,-8.336496,4.664875,45.767284
6929.0000,43.015473,0.722478,8.370589,43.828297
6930.0000,30.535917,-8.337504,1.151209,31.674619
6931.0000,28.311205,-1.929007,7.622959,29.382902
6932.0000,27.244916,4.071815,11.453754,29.833767
6933.0000,39.003674,-0.443908,1.871830,39.051087
6934.0000,29.697858,-0.945420,0.687984,29.720866
6935.0000,35.147370,0.553946,1.303451,35.175893
6936.0000,23.796456,-10.428365,3.688405,26.241693
6937.0000,24.669789,-5.527185,4.685805,25.711963
6938.0000,38.093355,4.621207,5.894598,38.822745
6939.0000,30.140331,9.052212,-4.298403,31.762531
6940.0000,34.076642,14.283157,-1.384848,36.974909
6941.0000,33.982882,11.510119,-13.703669,38.407157
6942.0000,21.481275,8.135523,-1.207937,23.001979
6943.0000,38.259905,6.122592,0.965660,38.758727
6944.0000,43.088990,8.648787,-20.097381,48.325638
6945.0000,38.612630,18.509038,-10.290473,44.038773
6946.0000,34.873710,4.892511,-3.825340,35.422387
6947.0000,36.004050,-0.711398,4.959815,36.351031
6948.0000,33.290817,6.034659,3.844459,34.051072
6949.0000,43.523506,2.590489,-7.487802,44.238823
6950.0000,36.599397,1.970744,-8.346705,37.590786
6951.0000,34.253088,5.585528,-3.223971,34.854930
6952.0000,15.750728,6.386077,-7.074977,18.409853
6953.0000,31.370158,-0.931628,-3.886349,31.623701
6954.0000,34.437550,-6.150522,-21.882058,41.262552
6955.0000,26.481885,-13.748449,-25.699067,39.379590
6956.0000,36.443679,-6.021495,-9.526508,38.146487
6957.0000,34.035685,-3.829785,-17.332858,38.386496
6958.0000,42.810583,-0.857166,-23.403241,48.797463
6959.0000,35.783293,6.246384,-10.720491,37.873345
6960.0000,39.533096,14.910800,-16.022256,45.187502
6961.0000,35.564073,1.619604,-4.417635,35.873972
6962.0000,36.634316,12.185201,-6.636481,39.173909
6963.0000,34.284831,10.965816,-15.290858,39.108939
6964.0000,38.068950,3.304794,-9.564444,39.390928
6965.0000,38.198448,9.758381,4.451694,39.675748
6966.0000,44.593601,7.755932,9.122452,46.173184
6967.0000,43.664037,16.498497,-9.775301,47.689674
6968.0000,43.216440,2.352626,-13.288646,45.274536
6969.0000,38.046766,14.314025,-3.581282,40.807760
6970.0000,37.845202,5.010881,2.185434,38.237996
6971.0000,32.908951,3.110474,-3.090746,33.199801
6972.0000,46.899318,0.256195,-1.455950,46.922611
6973.0000,39.872805,-2.350864,6.545230,40.474772
6974.0000,46.243586,-6.847431,0.894527,46.756355
6975.0000,36.517735,-13.564244,10.049428,40.230892
6976.0000,18.662013,-18.777136,2.994280,26.642396
6977.0000,26.699550,-17.171493,-10.336277,33.385098
6978.0000,24.081120,-25.815490,-18.332579,39.779685
6979.0000,28.424550,-29.034608,-23.610120,46.993630
6980.0000,36.500572,-24.380658,-12.656633,45.682585
6981.0000,28.443166,-14.147002,-17.431520,36.235470
6982.0000,44.434419,-15.397376,-11.145397,48.329252
6983.0000,34.372533,-11.325566,-20.755553,41.719689
6984.0000,45.069316,-15.669878,-27.044279,54.846890
6985.0000,42.427338,-19.691660,-31.940017,56.639254
6986.0000,49.147081,-12.448742,-22.480923,55.459883
6987.0000,62.850239,-13.010436,-21.226296,67.601625
6988.0000,65.954888,-6.751146,-9.700064,67.005346
6989.0000,70.560600,-21.005843,-9.091024,74.180122
6990.0000,69.061467,-15.160147,-8.006275,71.157689
6991.0000,57.536821,-18.664585,-16.779486,62.772634
6992.0000,56.896109,-13.488830,-11.687244,59.629752
6993.0000,75.902718,-19.913208,-11.135779,79.257581
6994.0000,72.232546,-20.456506,-13.949846,76.358415
6995.0000,70.052268,-11.531372,-5.448344,71.203773
6996.0000,60.299930,-23.168384,-14.267156,66.154420
6997.0000,58.450723,-18.995005,-5.035447,61.665655
6998.0000,60.431580,1.694456,-1.770478,60.481251
6999.0000,61.266087,-2.975534,3.903272,61.462369
7000.0000,55.806774,-11.614167,-7.106495,57.443774
7001.0000,58.280991,-10.994580,7.259540,59.751616
7002.0000,64.468287,-4.526650,3.262294,64.709298
7003.0000,56.391606,-8.984756,5.177465,57.337119
7004.0000,54.366255,-15.376349,6.802735,56.906933
7005.0000,50.601868,-1.624672,0.785902,50.634042
7006.0000,54.209599,-7.812566,16.141548,57.098742
7007.0000,62.873978,-20.412380,12.988384,67.368394
7008.0000,53.475385,-14.152786,8.793883,56.011164
7009.0000,54.845450,-16.520270,2.873743,57.351557
7010.0000,46.989317,-9.956331,8.628853,48.801450
7011.0000,45.820160,-20.185312,11.356210,51.340991
7012.0000,51.409794,-12.014407,14.235369,54.680514
7013.0000,44.037823,-7.011120,3.150470,44.703591
7014.0000,47.962045,-17.520049,1.694842,51.089944
7015.0000,36.704650,-13.933321,6.097194,39.730902
7016.0000,21.644208,-16.003104,8.233372,28.148881
7017.0000,35.846905,-20.899867,-1.516351,41.522336
7018.0000,18.028581,-8.861635,7.865108,21.573554
7019.0000,20.569109,-9.836431,6.601922,23.736660
7020.0000,25.642488,4.923662,3.728080,26.375713
7021.0000,18.676231,14.282062,-1.003865,23.532672
7022.0000,16.203053,15.179568,5.773934,22.941154
7023.0000,14.601309,9.613727,10.648145,20.469611
7024.0000,23.626695,6.665977,5.250919,25.104344
7025.0000,11.948353,18.703501,4.810325,22.709542
7026.0000,-0.066361,21.809108,7.532304,23.073301
7027.0000,16.879412,4.873357,6.236109,18.642779
7028.0000,16.806647,12.375151,-7.523654,22.185876
7029.0000,26.223865,15.163950,0.001076,30.292515
7030.0000,24.274047,27.944258,-4.182936,37.250609
7031.0000,9.920677,18.238369,-1.474037,20.814195
7032.0000,20.307173,16.316410,-1.563566,26.096959
7033.0000,22.204750,19.091268,-12.007677,31.649830
7034.0000,21.706190,15.888090,-4.119076,27.213175
7035.0000,25.836864,27.599157,0.480164,37.808565
7036.0000,30.665516,26.341939,-12.118872,42.203539
7037.0000,21.732340,25.100437,-11.378030,35.096810
7038.0000,18.629271,12.147860,-14.640101,26.626167
7039.0000,16.806322,23.144711,-15.863308,32.707410
7040.0000,24.822346,23.157472,-15.333568,37.249640
7041.0000,29.052135,31.881354,-12.596237,44.934536
7042.0000,25.249409,33.291404,-7.683235,42.483907
7043.0000,22.145251,34.571973,1.252756,41.075575
7044.0000,24.421578,19.474423,-6.863809,31.980908
7045.0000,19.869194,15.465480,3.594292,25.433932
7046.0000,14.917721,20.400668,-4.281184,25.633068
7047.0000,15.976268,21.950774,1.657030,27.199694
7048.0000,9.874636,16.776728,-1.879635,19.557609
7049.0000,11.392610,19.431638,-3.028411,22.727767
7050.0000,-0.646168,20.491000,-5.587015,21.248843
7051.0000,5.668182,12.405354,-12.942973,18.802703
7052.0000,9.406917,21.854585,-19.257368,30.609789
7053.0000,17.905437,14.016912,-10.641782,25.106294
7054.0000,13.709459,18.617606,-7.619250,24.343736
7055.0000,13.659946,-0.449719,-20.229487,24.413695
7056.0000,18.662600,5.269138,-11.215363,22.401804
7057.0000,20.856700,5.486061,-11.746322,24.557583
7058.0000,8.784514,2.938331,-25.509292,27.139002
7059.0000,14.905070,4.559270,-24.712839,29.217674
7060.0000,17.125279,3.907330,-10.066915,20.245622
7061.0000,15.859663,17.447799,-7.288559,24.679499
7062.0000,11.066916,7.398552,-10.373994,16.877054
7063.0000,30.151723,8.561779,-3.316607,31.518730
7064.0000,23.745407,7.288011,-13.005145,28.037355
7065.0000,28.167412,20.378961,-11.865386,36.735440
7066.0000,36.976136,34.324016,-8.169764,51.108881
7067.0000,28.349275,21.988366,-3.217208,36.021106
7068.0000,42.723031,30.296777,4.093074,52.534801
7069.0000,30.087721,27.722081,3.410635,41.053832
7070.0000,36.044518,24.741507,-11.486770,45.202825
7071.0000,30.719962,9.045199,4.631788,32.357150
7072.0000,29.010880,8.214710,-4.115435,30.431060
7073.0000,31.575971,6.625944,-4.668652,32.599714
7074.0000,32.107089,11.483131,13.758269,36.769790
7075.0000,26.993964,10.829811,4.667034,29.457429
7076.0000,26.897839,11.184056,6.349856,29.814385
7077.0000,22.071190,22.134778,1.448048,31.291894
7078.0000,22.257549,16.340247,0.378851,27.614230
7079.0000,14.445887,23.748471,10.064273,29.562867
7080.0000,24.379523,15.529858,3.691474,29.140429
7081.0000,37.594136,13.003880,1.583946,39.811165
7082.0000,31.901509,13.500367,4.612085,34.946209
7083.0000,37.948522,11.910261,-0.142265,39.773922
7084.0000,37.773966,23.250584,-0.844031,44.364113
7085.0000,40.350478,18.970187,-8.792306,45.445943
7086.0000,37.442608,16.604517,-7.569567,41.652818
7087.0000,34.214912,29.009354,-12.457754,46.555326
7088.0000,30.467446,30.783614,-8.364816,44.111975
7089.0000,30.251287,26.135986,-10.216790,41.262730
7090.0000,30.252421,36.001283,-1.679230,47.054449
7091.0000,24.640174,20.654235,-11.545859,34.162003
7092.0000,25.407587,20.866028,-24.270763,40.865714
7093.0000,22.352037,22.208114,-14.580605,34.718985
7094.0000,20.925706,28.503013,-12.195167,37.403597
7095.0000,22.388110,23.607921,-8.272284,33.570703
7096.0000,26.295818,29.930220,-13.459455,42.052884
7097.0000,24.801454,29.887491,-2.894517,38.945506
7098.0000,12.223411,35.022054,-0.121930,37.094081
7099.0000,11.653539,16.979900,0.074063,20.594355
7100.0000,24.202985,27.859207,6.395826,37.454325
7101.0000,23.668989,27.016306,3.314784,36.070620
7102.0000,20.465992,23.140749,12.251986,33.233451
7103.0000,21.017786,14.154595,8.883671,26.851806
7104.0000,20.285376,13.027819,7.406515,25.220568
7105.0000,27.797547,-1.188250,3.463273,28.037650
7106.0000,33.411253,15.083702,3.430966,36.818493
7107.0000,17.345714,13.383358,1.863942,21.987777
7108.0000,34.632346,14.384598,-20.153252,42.573109
7109.0000,24.814463,-0.852759,-17.605178,30.437264
7110.0000,27.111411,2.785202,-2.837042,27.401365
7111.0000,18.825427,7.443151,-15.182102,25.304020
7112.0000,31.620395,8.279824,2.522201,32.783629
7113.0000,18.663370,0.823803,-6.616818,19.818736
7114.0000,13.215713,8.053000,-13.966382,20.846240
7115.0000,28.910833,-11.751649,-7.783150,32.163876
7116.0000,6.950936,-6.854248,-20.485216,22.692296
7117.0000,16.717776,-4.658632,-22.373938,28.315720
7118.0000,11.721908,-7.292220,-15.280085,20.592732
7119.0000,24.269721,-3.541497,-13.202205,27.854260
7120.0000,32.661952,-1.425533,-8.719790,33.835928
7121.0000,25.510582,-2.873692,-16.795144,30.677757
7122.0000,24.283983,1.585884,-6.502540,25.189479
7123.0000,30.907895,8.087267,-4.381197,32.247430
7124.0000,34.594388,17.821569,-3.110904,39.039183
7125.0000,30.962054,19.389612,7.821118,37.360082
7126.0000,29.491667,16.933589,0.165803,34.007828
7127.0000,33.132929,-0.184334,4.427810,33.427989
7128.0000,33.919256,17.200129,-10.813726,39.538551
7129.0000,30.648850,6.324396,-3.408313,31.479621
7130.0000,17.247218,6.058682,2.968861,18.519943
7131.0000,13.219271,12.554197,6.800076,19.457596
7132.0000,22.951777,29.325174,-2.550577,37.326336
7133.0000,28.838098,18.540278,-13.113242,36.706061
7134.0000,17.508659,15.775865,-4.842352,24.059913
7135.0000,22.388260,23.249296,-11.176523,34.156678
7136.0000,26.305516,21.773367,-4.766639,34.478696
7137.0000,27.208384,2.687980,-6.699783,28.149751
7138.0000,35.548399,7.169721,-12.378749,38.318755
7139.0000,27.536353,-5.776402,-5.160992,28.605129
7140.0000,28.201003,1.878222,-0.517522,28.268217
7141.0000,22.540568,-6.948344,-9.083151,25.275686
7142.0000,26.638257,5.719716,-5.257878,27.748102
7143.0000,15.684039,-6.283172,7.878531,18.642386
7144.0000,9.245390,-2.914262,4.023622,10.495699
7145.0000,12.983217,-8.927265,5.109611,16.564061
7146.0000,20.633276,-19.858636,0.805270,28.648664
7147.0000,16.987463,-20.288607,5.682249,27.064541
7148.0000,21.161958,-11.660283,9.812578,26.078293
7149.0000,10.381879,-12.608259,6.741584,17.669198
7150.0000,11.738135,-26.030323,9.534449,30.104273
7151.0000,12.874655,-17.554230,6.860457,22.824846
7152.0000,17.998804,-17.044107,14.903372,28.923503
7153.0000,8.991480,-20.636469,17.643891,28.601005
7154.0000,10.239358,-12.481461,23.369934,28.403964
7155.0000,16.041028,-12.882760,26.499153,33.548252
7156.0000,24.446743,-15.521751,33.866833,44.559290
7157.0000,20.142969,-27.260461,24.134027,41.609172
7158.0000,11.860084,-14.103781,40.455628,44.454876
7159.0000,7.385952,-12.460920,31.907638,35.041749
7160.0000,3.891514,-20.786627,36.717562,42.372244
7161.0000,17.879185,-11.548444,26.281279,33.819187
7162.0000,21.504107,-21.026946,27.580620,40.807471
7163.0000,5.949743,-4.373050,23.787067,24.906778
7164.0000,15.802265,-17.247539,14.481342,27.511787
7165.0000,14.397104,-13.447420,18.711624,27.170473
7166.0000,16.742847,-9.679855,18.953667,27.078849
7167.0000,27.123166,-16.951119,35.959867,48.126070
7168.0000,18.392122,-2.317628,35.659440,40.190014
7169.0000,19.557003,-10.225082,32.528240,39.307952
7170.0000,11.787856,-11.561395,26.886234,31.551371
7171.0000,19.765259,-14.176550,35.840171,43.314638
7172.0000,9.472269,-2.456459,24.316579,26.211717
7173.0000,18.666781,-0.275998,30.343766,35.626802
7174.0000,15.673902,-5.739394,41.462267,44.695989
7175.0000,6.682387,-9.669201,36.284151,38.140364
7176.0000,15.141680,-2.544535,36.363570,39.472198
7177.0000,12.533671,-5.814352,25.384962,28.901486
7178.0000,21.358128,-8.611017,28.625992,36.739171
7179.0000,17.007144,-5.259699,32.094203,36.700752
7180.0000,17.368764,-3.159978,25.301145,30.851375
7181.0000,6.147451,1.512952,21.432758,22.348228
7182.0000,10.101229,1.399577,28.055902,29.851755
7183.0000,3.522270,-6.959793,14.724624,16.663123
7184.0000,1.438535,-2.673338,25.650484,25.829508
7185.0000,-0.131524,-15.331648,16.410001,22.458069
7186.0000,7.881709,-11.689412,26.652911,30.151971
7187.0000,2.974266,-14.121556,17.026170,22.319388
7188.0000,1.494703,-10.943204,31.505448,33.385343
7189.0000,4.253644,-23.546281,36.596783,43.724653
7190.0000,9.652536,-20.002894,23.265400,32.164671
7191.0000,3.150653,-18.275124,34.617100,39.271496
7192.0000,10.128975,-14.492841,23.983848,29.797039
7193.0000,-2.696502,-17.813778,31.781134,36.532756
7194.0000,16.281241,-17.086244,21.037362,31.616280
7195.0000,8.891199,-22.056094,27.451109,36.319252
7196.0000,1.245866,-16.466194,24.598430,29.627192
7197.0000,-1.858905,-15.264377,35.243492,38.452054
7198.0000,-5.836372,-24.053360,36.624229,44.203637
7199.0000,9.153331,-23.338674,25.061662,35.448048
7200.0000,8.115200,-16.797215,25.600570,31.676365
7201.0000,8.012928,-22.902336,20.516148,31.774775
7202.0000,6.243950,-16.185386,32.304678,36.668050
7203.0000,11.999515,-16.636747,33.847641,39.578182
7204.0000,-1.944513,-3.823461,35.932012,36.187145
7205.0000,5.684033,-6.246171,35.322646,36.318207
7206.0000,20.004221,-6.518846,37.721034,43.191904
7207.0000,10.796279,-7.569564,37.642971,39.885476
7208.0000,3.082499,4.100265,42.095205,42.406606
7209.0000,-4.700640,-8.868324,33.596216,35.063498
7210.0000,4.138572,-8.254410,44.275298,45.227923
7211.0000,4.042042,1.174085,53.326802,53.492658
7212.0000,-2.874108,-12.956818,54.982140,56.561253
7213.0000,0.235385,-1.833211,49.697163,49.731520
7214.0000,5.882141,-4.374266,57.593673,58.058289
7215.0000,5.738209,2.351662,42.088196,42.542609
7216.0000,4.482140,4.494575,50.568349,50.965171
7217.0000,3.057773,9.605029,42.766846,43.938703
7218.0000,10.189641,2.641112,44.452000,45.681337
7219.0000,7.603998,-2.986506,41.651880,42.445484
7220.0000,8.742569,10.113381,36.187730,38.578035
7221.0000,16.149274,-9.514086,37.781349,42.175197
7222.0000,13.189886,0.700242,42.711717,44.707429
7223.0000,3.286042,-14.705640,29.158485,32.821810
7224.0000,16.146866,-14.435381,25.042300,33.109187
7225.0000,16.887609,-16.927249,33.112152,40.842841
7226.0000,11.082819,-8.873677,38.824947,41.339418
7227.0000,13.974276,-8.244166,25.362159,30.107902
7228.0000,9.323810,-15.781768,31.179398,36.168390
7229.0000,-1.301049,-18.718417,21.326293,28.405679
7230.0000,-3.620456,-21.782032,42.617591,47.998163
7231.0000,8.097647,-23.619250,32.218161,40.760898
7232.0000,2.906195,-17.264498,47.745027,50.853677
7233.0000,-11.426773,-4.305743,41.016277,42.795391
7234.0000,-6.682528,-8.842086,23.262016,25.767422
7235.0000,-0.436767,-12.488383,21.305109,24.699355
7236.0000,2.549216,-20.316021,23.480145,31.153754
7237.0000,-0.902655,-12.282060,28.474522,31.023575
7238.0000,0.239832,-22.756315,22.938750,32.312438
7239.0000,-3.179324,-13.573329,28.957350,32.138318
7240.0000,-1.372388,-12.608920,31.890800,34.320423
7241.0000,-4.907833,-10.618906,28.035668,30.378392
7242.0000,-10.433469,1.125923,26.633984,28.626807
7243.0000,-17.932693,-1.699757,21.510471,28.056567
7244.0000,-2.546025,2.951314,31.482590,31.722956
7245.0000,1.355425,-3.655392,17.863365,18.283842
7246.0000,-3.337473,-2.454699,25.144596,25.483622
7247.0000,-5.524776,-4.756035,29.021591,29.923164
7248.0000,3.006998,-11.972186,34.489821,36.632267
7249.0000,8.059538,-4.176638,34.964727,36.123851
7250.0000,7.427050,-10.531225,40.521817,42.521587
7251.0000,0.771434,-5.380609,39.575842,39.947382
7252.0000,-8.137264,-8.843543,35.350278,37.337186
7253.0000,-4.059659,-4.034826,24.547644,25.206100
7254.0000,-8.158249,-1.102758,18.093075,19.877940
7255.0000,-2.510291,3.343176,21.146438,21.555747
7256.0000,-1.952448,-3.617271,20.057025,20.473909
7257.0000,-9.010374,-10.035160,30.033321,32.922510
7258.0000,-1.538901,12.880015,24.031895,27.309247
7259.0000,-6.604516,-0.631937,28.081854,28.854974
7260.0000,13.109892,2.816538,12.857548,18.577370
7261.0000,0.441202,2.577956,17.816951,18.007894
7262.0000,-3.243680,-4.616328,26.900262,27.485560
7263.0000,-2.051037,-8.455739,17.621269,19.652364
7264.0000,5.800383,-3.566832,23.306905,24.281238
7265.0000,-22.505759,-21.154375,14.708909,34.210653
7266.0000,-0.555382,-5.890116,22.464922,23.230898
7267.0000,-6.079920,-2.954912,36.427482,37.049405
7268.0000,-10.354389,-6.094680,24.804935,27.561627
7269.0000,-8.697737,-10.200927,19.715400,23.841279
7270.0000,-17.325225,3.411903,24.388492,30.109849
7271.0000,-22.332665,5.834136,27.720778,36.072519
7272.0000,-10.094170,9.324098,25.975030,29.385937
7273.0000,-18.374681,6.492771,24.852345,31.582020
7274.0000,-14.649505,12.345917,18.654035,26.739534
7275.0000,-10.668517,12.948981,26.748847,31.575214
7276.0000,-5.621003,14.454145,25.027684,29.443215
7277.0000,-8.947176,14.607694,20.248969,26.522772
7278.0000,-19.186101,9.847075,15.428429,26.516179
7279.0000,-7.297381,12.912700,8.349720,17.020794
7280.0000,-11.212192,2.220530,13.471543,17.667102
7281.0000,3.799358,5.541781,-0.393045,6.730597
7282.0000,-1.542145,7.614439,9.278290,12.101428
7283.0000,-25.686635,2.582844,18.102861,31.530745
7284.0000,-17.959248,-1.581561,7.943368,19.701092
7285.0000,-15.499420,3.361196,3.598199,16.262739
7286.0000,-12.014276,3.024373,13.796937,18.543061
7287.0000,-14.893019,8.780248,4.448030,17.851604
7288.0000,-18.770068,8.388744,5.201970,21.207239
7289.0000,-17.073110,26.750755,1.758141,31.783408
7290.0000,-33.211183,16.602041,7.084373,37.799454
7291.0000,-20.526975,8.103537,-7.319033,23.250640
7292.0000,-18.475213,38.225705,5.418593,42.800691
7293.0000,-11.970742,17.601698,-0.551064,21.293710
7294.0000,-12.519995,24.627922,-1.690066,27.679255
7295.0000,-16.990840,23.845914,-2.771502,29.410840
7296.0000,-5.479510,16.504647,-7.291980,18.857396
7297.0000,-10.957239,10.697048,-6.806702,16.757658
7298.0000,-21.599703,20.530295,-14.753458,33.252139
7299.0000,-29.846395,9.957625,3.685677,31.678791
7300.0000,-20.029749,4.364844,0.007666,20.499824
7301.0000,-17.548481,7.310123,0.661888,19.021703
7302.0000,-25.425846,11.411896,5.143968,28.340173
7303.0000,-15.886779,4.760581,-1.108762,16.621740
7304.0000,-18.890318,2.085384,10.127256,21.534954
7305.0000,-20.092458,2.456857,2.706896,20.422299
7306.0000,-17.751486,-8.567682,8.380461,21.418510
7307.0000,-7.135493,-6.033623,9.530381,13.347211
7308.0000,-5.499920,5.513328,6.893435,10.400257
7309.0000,-16.506655,4.029273,10.888216,20.180633
7310.0000,-7.520474,17.787096,11.604806,22.530198
7311.0000,-21.761898,12.544034,11.864240,27.779366
7312.0000,-11.670842,6.558473,10.477539,17.000027
7313.0000,-5.723873,19.750555,18.680568,27.781483
7314.0000,0.452903,19.322658,17.878544,26.328930
7315.0000,-10.104206,20.310475,14.355056,26.845447
7316.0000,-19.180233,30.674013,5.808014,36.640270
7317.0000,-14.572237,27.674558,26.243950,40.828619
7318.0000,-15.955145,36.660795,21.492459,45.392801
7319.0000,-17.542524,31.816556,10.630329,37.855479
7320.0000,-16.290813,38.698398,7.194065,42.599427
7321.0000,-14.662598,39.990039,9.217383,43.579298
7322.0000,-17.846062,32.630604,11.655508,38.975494
7323.0000,-25.413009,39.969562,9.748807,48.357275
7324.0000,-19.271717,42.507087,5.564506,47.002290
7325.0000,-24.915788,33.712923,-1.188549,41.937696
7326.0000,-17.779056,41.758462,5.507834,45.718707
7327.0000,-18.337734,30.015081,7.596335,35.984467
7328.0000,-12.080262,34.588155,2.503937,36.722512
7329.0000,-3.022796,35.705901,17.196578,39.746333
7330.0000,-0.977294,36.280081,13.643459,38.772971
7331.0000,-4.991050,28.346277,1.742165,28.834999
7332.0000,0.591985,38.095347,5.855157,38.547228
7333.0000,-2.105791,45.328871,1.850999,45.415494
7334.0000,-3.128357,45.714253,9.289888,46.753412
7335.0000,-7.915415,45.983854,-1.622329,46.688335
7336.0000,-17.035859,36.589580,3.391477,40.503333
7337.0000,-22.638497,40.639375,2.039514,46.564149
7338.0000,-20.311284,49.937681,-5.556236,54.195867
7339.0000,-14.465236,43.539044,0.127918,45.879274
7340.0000,-20.816181,43.151468,9.964500,48.935200
7341.0000,-13.180195,24.699207,2.083181,28.073261
7342.0000,-8.917966,36.036441,5.326440,37.503682
7343.0000,-10.424596,27.024789,-2.834113,29.104014
7344.0000,-8.314072,25.447770,14.336482,30.368528
7345.0000,-3.661002,26.953848,0.538882,27.206677
7346.0000,-1.514852,32.732383,10.884721,34.527972
7347.0000,-2.601895,27.242964,6.002007,28.017370
7348.0000,-8.621440,41.371989,0.887413,42.270063
7349.0000,-9.091839,34.506024,-0.144515,35.684003
7350.0000,0.787487,22.417018,-4.591890,22.896032
7351.0000,-5.706675,23.607694,-6.467395,25.133972
7352.0000,1.747220,25.334669,-15.382138,29.690207
7353.0000,1.081361,10.138387,-18.543566,21.161760
7354.0000,-1.237340,2.756377,-17.809054,18.063527
7355.0000,-4.132548,8.555086,-17.470671,19.886976
7356.0000,5.726560,7.136736,-10.627531,14.023940
7357.0000,7.713295,13.823290,-6.959080,17.291820
7358.0000,2.408317,5.615299,-10.159777,11.855490
7359.0000,5.554477,13.345928,-9.583196,17.343692
7360.0000,-7.600217,9.885112,-24.682679,27.653452
7361.0000,1.607090,20.383003,-18.201733,27.374306
7362.0000,-7.454128,16.079411,-10.184483,20.441017
7363.0000,-11.490650,20.518885,-5.881949,24.241638
7364.0000,0.769836,10.078793,2.975849,10.537096
7365.0000,-9.568528,11.483596,2.011014,15.082237
7366.0000,-7.137382,12.302115,4.792533,15.008419
7367.0000,-5.748847,8.947301,11.245629,15.477971
7368.0000,-2.267825,5.131748,22.333422,23.027366
7369.0000,-1.722991,7.011332,15.279351,16.899292
7370.0000,-11.705417,-0.966937,18.468264,21.886721
7371.0000,-11.512217,0.755047,27.836322,30.132408
7372.0000,-15.662245,-2.782659,17.974207,24.002525
7373.0000,-10.986752,2.474347,12.210936,16.611384
7374.0000,-8.599549,-5.104060,20.029653,22.387288
7375.0000,-5.424681,-11.199171,18.676896,22.442706
7376.0000,-16.466365,-13.290615,12.679909,24.669044
7377.0000,-10.303055,-19.224749,14.145697,25.997012
7378.0000,-2.968706,-25.255133,14.548226,29.296516
7379.0000,-6.984941,-18.485778,17.543189,26.424928
7380.0000,4.122701,-27.492393,26.843617,38.644639
7381.0000,0.232910,-40.000080,17.025838,43.473438
7382.0000,-5.044890,-16.351169,8.484566,19.099725
7383.0000,0.823040,-16.875488,15.925174,23.217895
7384.0000,-9.193906,-18.241666,17.796890,27.092722
7385.0000,-16.681263,-25.180027,17.425740,34.870542
7386.0000,-11.284662,-19.622762,21.770354,31.406125
7387.0000,-5.086284,-27.763529,17.135252,33.019701
7388.0000,-11.285398,-17.977682,20.456083,29.478952
7389.0000,-10.372499,-19.493226,10.372790,24.396094
7390.0000,-13.057447,-19.353371,9.702207,25.282063
7391.0000,-14.084838,-14.686178,15.849333,25.792787
7392.0000,-14.911126,-17.881376,5.445691,23.911103
7393.0000,-10.486861,-2.508266,12.093972,16.202771
7394.0000,-25.613112,-5.303715,4.617257,26.560873
7395.0000,-16.143034,-9.102809,10.591926,21.345903
7396.0000,-11.954478,-9.764505,19.197852,24.633567
7397.0000,-26.422725,-12.061457,27.940900,40.303015
7398.0000,-24.595661,-14.620276,15.664621,32.620229
7399.0000,-22.971480,-8.631529,9.743624,26.403227
7400.0000,-30.750637,-6.209605,22.088198,38.367295
7401.0000,-19.078176,-4.643641,12.113648,23.071209
7402.0000,-20.794318,-16.975197,13.707189,30.140471
7403.0000,-3.436345,-15.083152,8.160425,17.490068
7404.0000,-17.629951,-14.016574,6.322331,23.393405
7405.0000,-21.197602,-15.498153,1.967523,26.332531
7406.0000,-13.873392,-3.885828,5.729347,15.504712
7407.0000,-13.651605,-15.154160,3.261432,20.655552
7408.0000,-10.865326,-15.092045,11.122983,21.669007
7409.0000,-10.301367,-15.436028,8.329591,20.341367
7410.0000,-14.560860,-11.022226,17.111015,25.025886
7411.0000,-17.759006,-11.132494,30.174928,36.740182
7412.0000,-17.773098,-10.655296,31.942692,38.075634
7413.0000,-11.095725,-12.176952,27.476925,32.037083
7414.0000,2.360301,1.241352,17.427259,17.630126
7415.0000,-4.169171,-1.700272,22.182094,22.634448
7416.0000,3.232140,-13.103433,20.939404,24.911951
7417.0000,-8.860472,-3.732851,21.360192,23.424345
7418.0000,1.907976,-2.704946,16.476870,16.806081
7419.0000,-4.912671,-11.794182,10.215035,16.357995
7420.0000,-1.266995,-14.660512,12.637315,19.396846
7421.0000,-9.563784,-14.297297,10.294546,20.046355
7422.0000,-11.135203,-5.461682,5.196244,13.447069
7423.0000,-2.389408,-10.389160,-4.645264,11.628516
7424.0000,3.281725,-10.864780,-11.805941,16.376612
7425.0000,-1.291198,-19.650772,-2.012967,19.795759
7426.0000,10.487935,-18.373581,6.545136,22.145520
7427.0000,4.988976,-13.362675,12.216424,18.780095
7428.0000,3.762114,-7.534147,14.714074,16.953491
7429.0000,10.073209,4.181997,9.581214,14.517517
7430.0000,9.098332,7.093304,22.016690,24.856172
7431.0000,8.852169,-3.744866,15.075862,17.879221
7432.0000,7.751078,-2.069677,24.441755,25.724738
7433.0000,11.893314,-6.756624,15.026524,20.319924
7434.0000,5.363992,-1.679464,18.002249,18.859321
7435.0000,6.877088,-3.512294,12.273008,14.500250
7436.0000,11.019920,9.563396,-0.941172,14.621320
7437.0000,13.815172,-11.633664,-3.238582,18.349102
7438.0000,6.775439,2.169350,-17.523691,18.912758
7439.0000,8.255614,1.939161,-21.548817,23.157440
7440.0000,1.205739,12.013201,-11.021147,16.347369
7441.0000,5.745195,7.220453,-15.693537,18.205200
7442.0000,7.969027,13.272755,-9.215121,18.016378
7443.0000,8.921868,15.034110,-4.126246,17.962464
7444.0000,2.626648,12.970862,-2.465433,13.461832
7445.0000,-4.274297,14.219228,12.197443,19.215454
7446.0000,1.567725,14.617360,8.327777,16.896060
7447.0000,-1.142348,19.107524,14.033172,23.734623
7448.0000,-0.513133,22.077437,15.335602,26.886004
7449.0000,2.283614,25.041645,18.488694,31.211066
7450.0000,-3.583234,15.884632,17.737679,24.078753
7451.0000,-4.531365,34.965329,7.686828,36.085937
7452.0000,2.017480,22.048705,11.372387,24.890698
7453.0000,0.973320,24.722676,5.994869,25.457740
7454.0000,11.174729,17.190185,31.301670,37.418866
7455.0000,9.677680,20.574653,24.578485,33.482470
7456.0000,13.048940,25.017482,30.182710,41.317614
7457.0000,25.525378,18.742496,26.534071,41.314441
7458.0000,23.132904,25.142857,19.168080,39.175372
7459.0000,31.720403,20.172380,29.462148,47.761146
7460.0000,23.189578,13.218651,23.415324,35.507276
7461.0000,24.409663,14.147366,17.071637,32.976058
7462.0000,34.142452,25.037797,13.148799,44.333838
7463.0000,29.366991,27.437366,25.324838,47.503438
7464.0000,17.592475,20.374430,16.483182,31.564345
7465.0000,13.498385,12.088425,20.935040,27.687764
7466.0000,13.401718,14.290456,26.661091,33.085298
7467.0000,10.973716,21.257478,20.572664,31.552136
7468.0000,2.035118,24.383955,30.824613,39.355758
7469.0000,5.086007,19.332330,27.118605,33.690135
7470.0000,-3.384352,25.556609,29.892885,39.473772
7471.0000,-0.445642,30.211495,25.203815,39.346732
7472.0000,5.926838,25.731791,32.513683,41.885464
7473.0000,-6.678443,20.599313,27.242920,34.801005
7474.0000,2.012629,7.416390,21.249204,22.596066
7475.0000,-0.130137,8.518343,26.353076,27.695915
7476.0000,0.245015,6.424479,16.312775,17.533984
7477.0000,-7.657895,2.697293,16.943222,18.788068
7478.0000,2.677941,13.263488,4.009639,14.112714
7479.0000,10.869775,8.122335,15.567628,20.651281
7480.0000,23.836839,9.807150,13.574111,29.131281
7481.0000,17.630153,21.981012,5.271066,28.666554
7482.0000,12.034683,23.793459,-17.335168,31.803621
7483.0000,9.584366,19.855442,-10.008678,24.213060
7484.0000,25.689185,31.130254,-8.271353,41.200027
7485.0000,26.408843,18.858434,-8.336080,33.504593
7486.0000,10.333089,23.017391,-3.518019,25.474487
7487.0000,20.898631,16.798948,-7.279551,27.783975
7488.0000,27.089491,24.361168,-4.167839,36.669850
7489.0000,17.776041,11.135376,-9.250846,22.925147
7490.0000,18.629155,35.775683,-9.705384,41.486617
7491.0000,27.211214,31.024735,0.422644,41.269395
7492.0000,20.350635,25.740059,5.777943,33.317917
7493.0000,29.118717,22.039106,-0.131010,36.519022
7494.0000,10.848826,20.163885,8.247234,24.337135
7495.0000,18.324845,21.507394,-3.183633,28.434195
7496.0000,1.928779,18.135961,6.691065,19.426878
7497.0000,6.801005,20.031953,10.736908,23.723702
7498.0000,-10.235445,17.454826,4.472852,20.722975
7499.0000,3.617057,21.281929,-3.425003,21.857133
7500.0000,8.691560,10.712509,-3.446037,14.218869
7501.0000,3.660313,9.823222,-7.896521,13.124352
7502.0000,4.333353,3.133219,-2.472200,5.891246
7503.0000,-1.643942,1.044112,6.929218,7.197692
7504.0000,12.264361,-12.167953,12.141082,21.115859
7505.0000,1.004640,3.181177,1.181556,3.539105
7506.0000,-2.925431,1.455081,-0.865028,3.379894
7507.0000,-3.300369,4.751313,-6.384803,8.615865
7508.0000,-2.511195,9.049779,0.488681,9.404436
7509.0000,-2.999860,-5.143282,-7.830422,9.837074
7510.0000,-7.520435,7.761763,-14.499045,18.083811
7511.0000,-0.398376,13.401977,-13.975610,19.367224
7512.0000,0.514509,14.403153,-4.178661,15.005890
7513.0000,-0.868909,13.022071,-5.098380,14.011524
7514.0000,-3.475108,11.541917,-15.111405,19.329945
7515.0000,-5.751585,18.101091,-14.794155,24.074826
7516.0000,1.666285,15.077231,-16.859204,22.678893
7517.0000,9.388506,10.488747,-28.352705,31.654916
7518.0000,6.524836,18.418289,-3.500742,19.850996
7519.0000,-2.034485,13.355381,-8.270999,15.840289
7520.0000,-5.473172,2.858159,-11.737233,13.262252
7521.0000,-1.146427,5.786593,-17.782719,18.735636
7522.0000,-0.151536,15.007180,-21.099328,25.892471
7523.0000,6.476575,19.760556,-11.226034,23.631535
7524.0000,17.114044,15.319399,-17.137237,28.657624
7525.0000,18.900014,16.787656,-11.618397,27.821270
7526.0000,12.946044,10.706605,9.481206,19.290534
7527.0000,9.359023,15.362797,2.267895,18.131470
7528.0000,6.737544,18.645617,-9.553154,22.007187
7529.0000,11.777740,14.781287,-0.886257,18.920546
7530.0000,-0.545022,7.906345,11.083720,13.625571
7531.0000,5.919209,-3.054402,-1.991255,6.952086
7532.0000,17.153918,-1.848402,-3.973950,17.704964
7533.0000,9.330795,-15.953714,-6.718359,19.665225
7534.0000,5.067826,-16.458073,-8.917868,19.392767
7535.0000,-1.364981,-8.148067,-9.864206,12.866885
7536.0000,7.092409,-8.704329,-3.293482,11.701052
7537.0000,7.410235,-10.101198,-10.703355,16.477487
7538.0000,4.052828,-9.662113,-25.820965,27.865823
7539.0000,-4.888001,-15.494347,-18.791730,24.841426
7540.0000,9.660645,-17.342698,-15.632993,25.268314
7541.0000,13.423675,-19.461600,-4.908238,24.146215
7542.0000,-1.605335,-12.398309,-12.891830,17.958130
7543.0000,12.322185,-9.153747,-24.773885,29.144000
7544.0000,13.738697,-22.074630,-28.309425,38.437802
7545.0000,15.323634,-13.195971,-16.118287,25.860135
7546.0000,16.019136,-5.968141,-17.561239,24.507724
7547.0000,18.644757,4.302024,-11.943492,22.556182
7548.0000,7.247560,2.809399,-17.323250,18.987228
7549.0000,10.411411,-1.726981,-21.975277,24.378120
7550.0000,4.964538,-3.373283,-19.274416,20.187342
7551.0000,5.836871,-3.046052,-15.436715,16.782123
7552.0000,6.119911,14.623099,-29.707661,33.672443
7553.0000,5.550335,8.160853,-31.429164,32.942345
7554.0000,7.651645,0.403411,-40.717839,41.432509
7555.0000,0.373078,1.536071,-52.384727,52.408571
7556.0000,10.327569,10.436048,-49.130288,51.277237
7557.0000,8.712785,9.769982,-50.903677,52.559962
7558.0000,10.466903,13.252142,-57.247303,59.686087
7559.0000,8.927205,6.888566,-35.433954,37.184841
7560.0000,6.962624,13.458129,-37.162458,40.132875
7561.0000,11.074364,16.675067,-44.643764,48.926118
7562.0000,0.806042,7.260418,-39.803485,40.468269
7563.0000,-1.456643,2.148716,-36.436188,36.528545
7564.0000,16.163494,13.542635,-40.508094,45.668010
7565.0000,12.201557,5.283759,-26.804461,29.921150
7566.0000,9.760981,8.677677,-38.084435,40.261682
7567.0000,11.971035,5.839445,-30.385084,33.176168
7568.0000,1.709820,16.156590,-28.457614,32.768807
7569.0000,3.929766,14.885353,-27.317005,31.356587
7570.0000,12.683960,17.456647,-26.338603,34.049073
7571.0000,19.507479,4.407616,-22.916775,30.416236
7572.0000,22.131271,1.755419,-22.692880,31.746519
7573.0000,15.544851,3.326567,-26.577563,30.968941
7574.0000,27.595156,10.558484,-30.210332,42.256814
7575.0000,27.859217,11.622914,-38.339747,48.797175
7576.0000,31.075746,11.107526,-34.819334,47.973588
7577.0000,30.248081,11.842803,-24.213093,40.515087
7578.0000,31.584788,12.692776,-36.431879,49.859676
7579.0000,34.266999,10.684671,-35.112793,50.212525
7580.0000,35.697767,21.618801,-44.376392,60.917709
7581.0000,33.485471,15.754309,-44.593528,57.948752
7582.0000,23.437089,8.075141,-41.982669,48.754995
7583.0000,24.447540,15.430952,-52.644596,60.060386
7584.0000,19.664372,19.716080,-38.717093,47.690928
7585.0000,34.039267,9.327412,-47.704992,59.341710
7586.0000,21.410573,3.346203,-49.566743,54.096874
7587.0000,23.828069,11.549075,-42.119105,49.751151
7588.0000,13.660671,14.853702,-46.115784,50.337977
7589.0000,15.536515,13.433377,-57.874468,61.410854
7590.0000,16.229673,7.971613,-61.399287,64.006416
7591.0000,7.466860,15.439291,-39.525499,43.085853
7592.0000,9.021607,11.915622,-46.635295,48.971647
7593.0000,10.021529,20.670352,-49.392357,54.472924
7594.0000,19.607713,22.127903,-50.205664,58.264184
7595.0000,17.858447,27.069838,-37.936018,49.908334
7596.0000,5.544416,34.940995,-39.316258,52.890281
7597.0000,7.417647,32.629600,-42.125551,53.798461
7598.0000,6.097458,23.584769,-34.679963,42.380658
7599.0000,0.671726,18.382195,-38.121011,42.326916
7600.0000,3.946008,23.381563,-36.653515,43.654881
7601.0000,2.968738,13.345315,-25.309522,28.766000
7602.0000,-3.143887,13.203415,-14.746822,20.042030
7603.0000,4.714796,10.673624,-13.315792,17.704967
7604.0000,-2.107330,8.332110,-15.862461,18.041136
7605.0000,11.306634,8.836823,-15.298744,20.975724
7606.0000,2.930254,5.614055,-21.288793,22.210734
7607.0000,3.065312,10.262357,-19.655157,22.383863
7608.0000,4.302284,5.392793,-20.638882,21.761326
7609.0000,4.861846,3.679809,-23.172876,23.961651
7610.0000,-0.091210,-7.139097,-30.372842,31.200714
7611.0000,2.762765,-4.759726,-31.308011,31.788039
7612.0000,2.863331,-6.835093,-38.246246,38.957573
7613.0000,-0.598524,-4.372207,-23.295347,23.709653
7614.0000,-7.953125,-6.903514,-19.058935,21.775070
7615.0000,-12.730062,-13.346890,-27.976261,33.509180
7616.0000,-10.866639,5.056635,-3.914095,12.608471
7617.0000,-8.495090,-7.550423,-9.601074,14.878039
7618.0000,-10.825332,8.636019,-14.277809,19.890311
7619.0000,-14.264024,7.443849,0.508715,16.097579
7620.0000,-9.176461,5.916159,-12.147809,16.333329
7621.0000,2.957991,-4.410391,-12.259308,13.360086
7622.0000,3.850812,7.824876,-11.095659,14.112799
7623.0000,9.092282,10.174419,-13.287544,19.045924
7624.0000,14.290423,15.608046,-10.349379,23.557099
7625.0000,11.319361,6.906177,-2.741568,13.540288
7626.0000,18.869625,6.306169,3.977876,20.289259
7627.0000,19.355189,18.226390,3.860044,26.864932
7628.0000,-3.791362,15.299642,-0.609170,15.774174
7629.0000,6.525650,16.973716,5.747786,19.071659
7630.0000,2.325615,15.610408,11.383316,19.459527
7631.0000,10.660256,9.362155,5.670811,15.279042
7632.0000,5.154321,11.784154,-4.706869,13.696274
7633.0000,4.664546,14.685306,-12.609589,19.910247
7634.0000,5.698829,14.605468,1.052154,15.713159
7635.0000,8.327363,14.349706,0.586811,16.601307
7636.0000,25.482115,21.793899,0.873951,33.542153
7637.0000,16.230832,35.835114,-5.817864,39.767359
7638.0000,18.862775,24.118492,-2.104873,30.690983
7639.0000,13.462235,22.619293,-4.412805,26.689643
7640.0000,14.895139,20.701843,-5.133688,26.015115
7641.0000,21.263845,32.606172,-4.403234,39.175273
7642.0000,8.161995,22.573682,-1.063708,24.027500
7643.0000,2.468655,19.921314,-6.660143,21.149717
7644.0000,13.563444,10.422786,2.465417,17.282354
7645.0000,13.067186,15.408633,-0.392501,20.207211
7646.0000,13.349642,17.373185,12.615339,25.282154
7647.0000,13.305382,8.229257,2.092382,15.783913
7648.0000,20.802163,16.927103,-0.455818,26.822836
7649.0000,28.563503,8.747608,-0.545473,29.877950
7650.0000,29.979784,7.795556,-8.310561,32.072162
7651.0000,21.928207,4.738106,-13.309658,26.085301
7652.0000,41.387976,1.606817,-9.233247,42.435825
7653.0000,25.468757,-4.102566,-12.286725,28.573628
7654.0000,25.964172,-12.182542,-0.408354,28.683084
7655.0000,15.113563,2.925399,3.787435,15.853151
7656.0000,22.512905,-0.834647,-1.317806,22.566882
7657.0000,27.413151,-6.781482,1.778315,28.295437
7658.0000,10.187294,-3.793831,-0.963160,10.913377
7659.0000,7.819568,-3.618011,-3.027883,9.132564
7660.0000,9.475536,2.145828,0.072188,9.715738
7661.0000,6.914711,2.354778,-2.478234,7.713615
7662.0000,-4.635637,11.892895,-3.451117,13.222718
7663.0000,-3.560975,12.466963,-13.630961,18.812464
7664.0000,-8.002602,13.073089,-16.640551,22.624218
7665.0000,-0.787717,16.218321,-21.741794,27.135955
7666.0000,7.224375,12.891421,-17.367225,22.803527
7667.0000,15.582413,21.907306,-20.685808,33.921149
7668.0000,12.944439,26.263316,-23.544198,37.571925
7669.0000,17.172968,39.823017,-34.115346,55.178260
7670.0000,21.217828,24.198667,-15.433113,35.692473
7671.0000,24.959192,24.940652,-17.084057,39.202837
7672.0000,7.566104,35.032097,-11.962086,37.783399
7673.0000,8.552646,32.690482,-8.112113,34.750852
7674.0000,18.881602,34.284426,-8.284409,40.007102
7675.0000,18.547591,36.040361,-9.721651,41.682505
7676.0000,10.680427,23.883338,-21.215727,33.683711
7677.0000,22.089890,40.107861,-11.932829,47.318032
7678.0000,21.544848,49.633559,-3.442990,54.217385
7679.0000,26.016973,30.360589,-15.102903,42.740448
7680.0000,33.587044,29.989148,-0.999679,45.038182
7681.0000,32.570288,41.606745,-2.030366,52.877853
7682.0000,19.329165,30.023768,-10.723237,37.283120
7683.0000,20.098459,34.202539,-6.042769,40.128255
7684.0000,19.404137,31.911131,-0.976254,37.360325
7685.0000,16.451820,32.652680,-8.428711,37.522035
7686.0000,29.580168,41.651742,-11.833625,52.439380
7687.0000,31.474774,36.003830,-8.606372,48.590192
7688.0000,34.612480,45.666493,-10.137262,58.191206
7689.0000,41.844626,41.644437,-5.043739,59.250917
7690.0000,43.498901,48.989389,-14.264394,67.049143
7691.0000,46.070656,43.684938,-13.428744,64.893839
7692.0000,41.117481,35.333338,-7.550688,54.736687
7693.0000,33.960907,36.472928,-9.358576,50.707008
7694.0000,28.235829,40.689012,-17.280012,52.454329
7695.0000,38.329811,38.993663,-12.316486,56.047980
7696.0000,36.445891,37.583929,-7.060152,52.827081
7697.0000,41.666143,33.765976,-2.226211,53.676482
7698.0000,38.462202,31.601622,9.375274,50.654706
7699.0000,31.095767,28.250574,9.990607,43.183954
7700.0000,33.272856,36.938760,2.263314,49.766229
7701.0000,38.971454,23.589596,6.170141,45.970794
7702.0000,40.917506,31.901857,10.157925,52.869218
7703.0000,38.008237,29.820616,-4.641241,48.532838
7704.0000,26.877064,32.921771,6.297370,42.963664
7705.0000,27.563072,34.386867,2.819773,44.160284
7706.0000,36.357141,40.744110,5.980752,54.933538
7707.0000,34.277973,33.056803,18.618826,51.131129
7708.0000,30.114339,28.834607,16.726255,44.922996
7709.0000,40.368711,38.088620,9.710968,56.344287
7710.0000,37.561963,32.776970,19.793037,53.637628
7711.0000,38.031067,31.925033,14.005048,51.591774
7712.0000,46.527556,20.867268,8.449318,51.687980
7713.0000,39.751471,15.266677,9.046040,43.532537
7714.0000,25.860152,15.172794,8.690520,31.216763
7715.0000,29.389263,8.371245,17.930113,35.430149
7716.0000,28.707759,12.280507,15.546859,34.880526
7717.0000,16.129929,17.333986,12.917568,26.972305
7718.0000,29.184387,12.549991,12.942952,34.303800
7719.0000,26.694986,21.112607,7.726803,34.900830
7720.0000,33.214366,28.223437,3.222238,43.705141
7721.0000,41.052002,34.216669,9.891911,54.349767
7722.0000,46.923204,32.102790,4.186712,57.007936
7723.0000,32.273835,14.256789,4.972257,35.631163
7724.0000,29.761860,20.052949,8.146926,36.800292
7725.0000,37.613920,21.735035,11.142403,44.848321
7726.0000,33.031873,23.359086,29.181919,49.883223
7727.0000,32.640988,20.947385,19.625465,43.467067
7728.0000,37.842820,22.266621,11.126507,45.295481
7729.0000,40.596375,14.968465,0.881744,43.276992
7730.0000,34.117187,20.091538,2.300058,39.660340
7731.0000,42.551491,13.746610,14.266642,46.937573
7732.0000,35.283129,19.130732,1.569875,40.166510
7733.0000,35.084520,22.966632,7.128957,42.534830
7734.0000,41.764327,27.183499,-0.157203,49.831981
7735.0000,41.394466,22.077778,-2.483959,46.979784
7736.0000,38.857441,21.450396,-0.674983,44.390042
7737.0000,43.343346,28.960481,14.562982,54.124260
7738.0000,30.047341,10.304539,9.670609,33.204622
7739.0000,33.020079,18.363820,18.104116,41.896474
7740.0000,34.165618,14.610051,15.360699,40.208135
7741.0000,24.671674,-1.177465,14.107348,28.444598
7742.0000,27.415614,-7.646223,-2.253901,28.551019
7743.0000,26.793024,0.004947,-6.255076,27.513490
7744.0000,26.927498,-8.593562,3.670497,28.502842
7745.0000,32.391926,2.291590,1.039063,32.489505
7746.0000,32.751008,0.004908,3.383950,32.925365
7747.0000,17.983986,-3.261382,6.692108,19.463932
7748.0000,16.510100,-3.763241,20.084949,26.270716
7749.0000,24.777197,1.737306,10.375509,26.918004
7750.0000,32.079487,4.812142,19.553864,37.876164
7751.0000,26.728633,16.621126,14.392673,34.609691
7752.0000,34.000016,8.871755,17.296639,39.164816
7753.0000,35.732205,13.576573,31.872214,49.768984
7754.0000,39.345425,3.256785,21.989469,45.190772
7755.0000,34.095770,10.264537,10.864008,37.227797
7756.0000,40.400147,4.116064,9.426822,41.689073
7757.0000,32.270317,3.425782,13.065690,34.983162
7758.0000,34.189548,9.364601,8.375520,36.424858
7759.0000,44.660232,-7.213104,4.347795,45.447426
7760.0000,34.725479,-2.012993,9.358500,36.020724
7761.0000,35.713256,-5.021464,1.985499,36.119163
7762.0000,32.292801,-18.041444,1.499504,37.021173
7763.0000,25.756312,-21.450339,-7.381091,34.321788
7764.0000,25.933311,-13.698469,14.044206,32.518062
7765.0000,27.156063,-13.031813,28.211488,41.269456
7766.0000,27.903482,-20.275825,5.981789,35.007074
7767.0000,20.855514,-11.201464,9.251644,25.416888
7768.0000,34.555349,-23.966047,12.279285,43.808954
7769.0000,27.375615,-8.498701,13.925238,31.867922
7770.0000,22.006404,-1.313806,17.701019,28.272495
7771.0000,18.004868,-0.533426,9.191182,20.222206
7772.0000,14.537124,-8.099629,14.950030,22.370413
7773.0000,17.358989,-1.216871,13.174860,21.826411
7774.0000,17.878997,-19.032380,5.806858,26.750881
7775.0000,21.149095,0.237917,11.699427,24.170590
7776.0000,11.689836,-3.127146,21.883876,25.006706
7777.0000,12.071204,3.553167,11.047754,16.744904
7778.0000,-2.510029,1.043118,17.508571,17.718307
7779.0000,3.563026,-1.052621,0.915163,3.826315
7780.0000,-8.303221,-7.556019,11.927211,16.379721
7781.0000,15.945262,-6.412148,5.495218,18.043404
7782.0000,12.695085,-3.493123,5.999065,14.469135
7783.0000,10.198591,-11.565605,9.241102,17.976998
7784.0000,8.111867,-11.035403,-3.324255,14.093728
7785.0000,9.247325,-4.805923,0.673866,10.443371
7786.0000,1.221809,-17.749435,12.553264,21.774289
7787.0000,6.068533,-16.994405,10.149520,20.703856
7788.0000,2.866035,-2.235047,14.185221,14.643432
7789.0000,4.414162,5.261487,0.561902,6.890850
7790.0000,8.847619,11.069555,-0.048854,14.171019
7791.0000,12.261803,6.179925,1.261478,13.788931
7792.0000,10.591094,-5.294121,-3.331812,12.300405
7793.0000,9.648748,-0.438747,-3.572131,10.298104
7794.0000,4.603652,-1.594563,-5.698892,7.497574
7795.0000,4.390115,1.532419,10.294941,11.296337
7796.0000,15.864604,5.455052,1.901452,16.883683
7797.0000,17.952569,5.659567,-5.372075,19.575102
7798.0000,15.804797,0.850389,-2.748164,16.064470
7799.0000,10.082383,13.648284,9.346520,19.372339
7800.0000,18.153617,3.647766,14.831178,23.723909
7801.0000,10.812833,11.174248,11.778749,19.506924
7802.0000,8.412550,14.541687,12.151987,20.734089
7803.0000,-11.482225,11.693320,9.303640,18.844971
7804.0000,1.347868,24.095898,10.318977,26.247101
7805.0000,3.692141,23.328765,13.673936,27.291752
7806.0000,7.580204,24.292460,20.387142,32.607034
7807.0000,12.187845,20.278194,24.829918,34.296844
7808.0000,5.317784,22.735810,17.064845,28.920664
7809.0000,11.160508,29.091458,25.004841,39.951369
7810.0000,7.019449,20.250034,29.455843,36.427781
7811.0000,14.686466,17.193609,30.350207,37.847689
7812.0000,9.352599,24.103700,25.270363,36.153157
7813.0000,12.957287,23.433158,19.831284,33.320925
7814.0000,20.247818,15.459959,20.079428,32.437138
7815.0000,28.232227,14.814072,31.000726,44.469769
7816.0000,26.325255,17.567636,25.379506,40.567970
7817.0000,26.951171,24.501953,30.125592,47.267987
7818.0000,25.537491,23.951273,35.714173,50.013289
7819.0000,19.319444,14.387702,41.241794,47.761202
7820.0000,12.218217,7.714198,39.018094,41.607756
7821.0000,14.722628,-0.825532,29.533453,33.010030
7822.0000,12.414053,15.919166,36.347088,41.576909
7823.0000,12.730742,15.619498,23.903673,31.263814
7824.0000,28.127271,10.423203,32.787375,44.438705
7825.0000,30.889791,11.030947,19.676426,38.249480
7826.0000,34.302631,16.559214,33.692641,50.853438
7827.0000,32.622808,18.529970,32.484101,49.626850
7828.0000,36.605346,12.214283,33.830571,51.319077
7829.0000,29.518641,9.374277,38.728973,49.589924
7830.0000,38.668599,6.930639,17.959403,43.195306
7831.0000,29.696560,13.309499,23.995728,40.432949
7832.0000,26.872912,5.957051,23.097068,35.932081
7833.0000,33.427175,2.668037,23.504864,40.950862
7834.0000,27.879613,13.746774,14.162024,34.158594
7835.0000,35.218837,-1.829989,27.409533,44.665399
7836.0000,37.992688,4.496664,21.390685,43.831789
7837.0000,33.603148,8.145615,11.016337,36.288872
7838.0000,36.722985,7.149853,12.642748,39.490975
7839.0000,29.870622,5.642938,12.160374,32.740976
7840.0000,25.644043,21.293590,20.869371,39.326385
7841.0000,29.409023,11.444386,3.734946,31.777577
7842.0000,24.740808,19.690419,19.707646,37.258711
7843.0000,26.089057,2.950603,24.401204,35.843600
7844.0000,29.901169,-2.158599,8.409499,31.136139
7845.0000,21.718669,-2.859905,3.472806,22.179721
7846.0000,24.438150,10.659575,18.902711,32.682751
7847.0000,24.787217,15.649893,1.560654,29.355764
7848.0000,22.401830,11.175017,9.883728,26.914885
7849.0000,31.146690,3.341778,1.204750,31.348608
7850.0000,19.012426,-9.144531,10.471476,23.553060
7851.0000,32.052039,-10.121089,4.967944,33.977199
7852.0000,14.012109,-20.458528,3.761587,25.080672
7853.0000,15.275905,-16.259086,5.128802,22.891391
7854.0000,24.435374,-17.535657,8.308306,31.202800
7855.0000,18.550353,-13.724720,6.937789,24.095984
7856.0000,22.048967,-17.747232,13.003902,31.148397
7857.0000,12.710594,-8.104149,4.958853,15.869047
7858.0000,17.877353,-6.150635,3.724307,19.269160
7859.0000,26.453894,-7.976702,2.337389,27.729040
7860.0000,25.675249,-2.348083,-5.369677,26.335628
7861.0000,38.033430,2.931835,4.640456,38.427481
7862.0000,19.072511,7.448885,5.946996,21.321663
7863.0000,24.478745,16.581804,8.572477,30.783965
7864.0000,14.896141,16.247326,7.849514,23.398407
7865.0000,27.900270,14.621719,2.639300,31.609897
7866.0000,25.200308,2.292098,-1.333515,25.339446
7867.0000,28.501576,8.689258,8.825520,31.076243
7868.0000,20.417262,1.714283,26.453591,33.460362
7869.0000,20.094112,3.354920,21.163855,29.375800
7870.0000,15.858395,8.990965,18.901706,26.260248
7871.0000,11.464423,2.592295,17.044996,20.704707
7872.0000,5.709955,-7.902553,26.607199,28.337201
7873.0000,6.454121,-8.141384,23.090211,25.319867
7874.0000,14.083947,-11.557318,25.821776,31.602108
7875.0000,9.708818,-7.614263,22.019807,25.241039
7876.0000,6.638314,-9.973184,10.300527,15.799762
7877.0000,1.812465,-13.298972,18.976995,23.243795
7878.0000,-7.183983,-4.088963,15.217663,17.317809
7879.0000,-9.818731,-6.061464,24.702017,27.264234
7880.0000,5.590655,-12.379517,11.461533,17.772861
7881.0000,11.104649,-14.513909,8.987689,20.365297
7882.0000,4.156410,-11.357839,19.123933,22.627440
7883.0000,10.556160,-7.058955,12.012485,17.480308
7884.0000,1.800999,-16.355742,28.022685,32.496534
7885.0000,-6.320361,0.918124,32.620675,33.240011
7886.0000,12.418428,-13.249718,16.723406,24.686934
7887.0000,10.097681,-0.176816,7.765233,12.739437
7888.0000,1.743299,-5.037797,10.955047,12.183248
7889.0000,1.225749,-0.905925,19.653524,19.712539
7890.0000,-1.795610,3.010290,6.767478,7.621340
7891.0000,2.213973,12.508127,-8.289768,15.168229
7892.0000,15.972959,11.646151,6.059449,20.675715
7893.0000,10.890812,4.190913,8.080542,14.193967
7894.0000,-2.860340,8.773865,0.621007,9.249211
7895.0000,-8.802152,14.666720,-2.572988,17.297711
7896.0000,-11.851762,3.883381,0.287512,12.475078
7897.0000,-6.191556,-0.895548,-3.330897,7.087471
7898.0000,-14.828073,3.202551,-7.879165,17.094131
7899.0000,1.337622,6.041270,1.722230,6.422792
7900.0000,-10.800783,-0.679219,-1.543209,10.931594
7901.0000,-17.202482,-20.847689,0.957509,27.045671
7902.0000,-11.156883,-26.949127,-2.929869,29.314086
7903.0000,-27.203646,-36.195768,-0.683105,45.283977
7904.0000,-14.306854,-24.613926,7.634232,29.475633
7905.0000,-18.102111,-20.280320,-2.520958,27.300788
7906.0000,-25.472248,-20.459891,4.801634,33.022693
7907.0000,-15.322619,-30.009606,2.537849,33.790528
7908.0000,-20.505494,-18.948490,-9.225030,29.404451
7909.0000,-26.141124,-15.781721,-7.630630,31.474555
7910.0000,-17.788292,-14.028683,-17.562372,28.664686
7911.0000,-18.690262,-14.683868,-12.030397,26.639676
7912.0000,-13.088137,-12.135162,-11.783843,21.387389
7913.0000,-10.898335,-18.570688,-2.329987,21.658093
7914.0000,-10.752149,-25.125965,-4.075260,27.632056
7915.0000,5.977542,-27.772320,-9.053783,29.816166
7916.0000,-10.922074,-18.213688,-3.328976,21.496795
7917.0000,-11.321005,-16.078540,-0.508103,19.670861
7918.0000,-29.381237,-17.462601,0.453944,34.181948
7919.0000,-21.016450,-33.691158,6.856577,40.296377
7920.0000,-15.590095,-18.482855,15.673383,28.815308
7921.0000,-16.434683,-23.923807,14.673512,32.523212
7922.0000,-26.432908,-10.438702,17.172925,33.205037
7923.0000,-26.596937,-16.670514,14.945863,34.766103
7924.0000,-14.933073,-29.301518,12.560708,35.204361
7925.0000,-24.721667,-20.150502,25.443710,40.799337
7926.0000,-23.657551,-23.552784,30.773183,45.402667
7927.0000,-17.661179,-32.647133,22.682577,43.500020
7928.0000,-12.888855,-21.521338,26.639194,36.591491
7929.0000,-18.580968,-20.097880,18.789545,33.199761
7930.0000,-8.227322,-19.619570,16.638080,27.008185
7931.0000,-1.539849,-29.040408,5.485284,29.593999
7932.0000,-8.437558,-19.693035,7.019381,22.545060
7933.0000,-4.421896,-21.395668,5.339946,22.490949
7934.0000,-1.571080,-15.655311,5.108164,16.542381
7935.0000,-1.334972,-25.676060,14.395050,29.466247
7936.0000,7.671594,-26.950818,9.923560,29.726705
7937.0000,8.494653,-28.779079,3.738552,30.238572
7938.0000,4.827960,-36.783462,-5.925511,37.569189
7939.0000,3.418004,-27.070191,-1.606035,27.332350
7940.0000,2.853671,-27.836174,3.134227,28.157049
7941.0000,-8.174739,-33.214702,6.490133,34.816155
7942.0000,-4.514591,-33.285473,8.923201,34.755255
7943.0000,-6.470638,-26.048747,15.969716,31.232006
7944.0000,-9.672037,-29.911054,7.031055,32.212656
7945.0000,-8.774926,-29.622084,18.205742,35.859674
7946.0000,-11.214394,-38.015461,11.120493,41.165559
7947.0000,-8.100963,-38.672387,6.177904,39.991820
7948.0000,-11.053406,-36.922914,11.109091,40.110987
7949.0000,-14.000081,-43.333244,18.241483,49.056335
7950.0000,-10.928759,-46.614913,21.187685,52.357482
7951.0000,-16.523908,-32.668755,26.273594,45.062055
7952.0000,-5.305053,-44.446663,27.444842,52.505893
7953.0000,-18.606561,-44.425391,26.543802,54.994480
7954.0000,-23.869330,-45.567599,24.802149,57.107771
7955.0000,-12.985292,-44.584872,24.799580,52.644542
7956.0000,-18.111169,-32.357649,9.728014,38.336225
7957.0000,-5.308497,-35.071145,15.683404,38.783173
7958.0000,10.362444,-36.931239,23.131272,44.792325
7959.0000,0.796219,-38.175974,16.408181,41.560406
7960.0000,-0.819545,-48.289241,28.494352,56.075400
7961.0000,0.053963,-37.767714,20.672532,43.055275
7962.0000,-12.409430,-29.152575,14.687830,34.922757
7963.0000,-10.909149,-33.598636,14.321301,38.117943
7964.0000,-5.593713,-17.800687,29.567356,34.962589
7965.0000,2.178827,-41.203405,32.994576,52.830956
7966.0000,1.321376,-19.284924,38.256744,42.862953
7967.0000,12.594845,-30.235829,38.381388,50.457570
7968.0000,3.587696,-38.507376,38.168225,54.336939
7969.0000,5.860687,-34.577886,28.048140,44.907416
7970.0000,-12.315554,-24.698863,34.971899,44.550426
7971.0000,-11.112964,-33.862815,31.406000,47.502895
7972.0000,-5.555672,-28.643824,22.070623,36.584785
7973.0000,-9.433458,-23.732373,34.296598,42.760640
7974.0000,-8.272560,-29.382135,22.395149,37.858788
7975.0000,-3.138964,-29.478398,30.241165,42.348047
7976.0000,-12.023394,-19.733920,38.774745,45.138348
7977.0000,-17.356456,-27.343517,37.917748,49.866522
7978.0000,-13.808533,-24.636637,37.677587,47.087578
7979.0000,-1.288897,-21.144984,45.262827,49.974944
7980.0000,-4.324487,-21.956400,44.368434,49.692481
7981.0000,-4.572068,-17.937551,34.385368,39.051416
7982.0000,-2.387900,-28.198659,35.539150,45.430141
7983.0000,6.717051,-25.999796,45.221985,52.594070
7984.0000,-0.205039,-32.781382,53.859454,63.051581
7985.0000,0.496088,-29.393311,43.881713,52.818724
7986.0000,-5.300560,-34.743835,39.481982,52.858840
7987.0000,3.217971,-22.112285,32.086588,39.100609
7988.0000,-9.022956,-33.194538,37.452953,50.852873
7989.0000,2.027094,-35.764123,38.680562,52.719706
7990.0000,9.384819,-23.195521,33.740543,42.006324
7991.0000,-0.366872,-36.015066,31.479344,47.834806
7992.0000,11.075610,-44.785955,35.028288,57.926090
7993.0000,-12.228820,-44.376805,31.031482,55.513942
7994.0000,-8.341654,-46.068449,33.590254,57.621093
7995.0000,-2.677562,-40.670089,30.147158,50.695923
7996.0000,-3.823296,-37.189273,32.613018,49.611174
7997.0000,-4.288698,-34.563087,24.972635,42.855950
7998.0000,1.246788,-33.970848,29.694409,45.136802
7999.0000,-11.152805,-32.992990,29.575387,45.690546
8000.0000,-12.709729,-37.942982,31.733493,51.070751
8001.0000,-9.130376,-36.226267,25.401403,45.176736
8002.0000,-11.616578,-33.821603,16.788515,39.505695
8003.0000,-1.419625,-33.800521,8.937606,34.991018
8004.0000,0.149489,-31.072617,6.828880,31.814517
8005.0000,8.303380,-37.049296,10.674024,39.440223
8006.0000,-1.293560,-28.877685,8.357120,30.090454
8007.0000,-6.230300,-13.293350,6.160273,15.921016
8008.0000,-3.780307,-12.342324,1.312515,12.974837
8009.0000,-9.998222,-19.523785,8.846797,23.651817
8010.0000,-23.772363,-12.872653,5.939564,27.678671
8011.0000,-21.113202,-7.660264,-0.171079,22.460548
8012.0000,-26.564513,-17.480914,2.426779,31.892710
8013.0000,-22.909181,-9.771539,-13.112537,28.146974
8014.0000,-26.681334,-13.533378,-17.213795,34.516093
8015.0000,-7.928727,-7.417643,-21.555226,24.135325
8016.0000,-26.423741,-5.888257,-14.980079,30.940078
8017.0000,-21.730529,-11.444044,-5.825603,25.241230
8018.0000,-28.182523,-6.921831,-14.657389,32.511619
8019.0000,-36.323000,-13.119436,-12.044404,40.454265
8020.0000,-26.781239,-10.136968,-11.687375,30.928750
8021.0000,-20.563655,-8.002952,6.234032,22.929769
8022.0000,-28.366070,2.137962,6.002930,29.073011
8023.0000,-19.914694,-4.113836,5.408333,21.042071
8024.0000,-19.999737,-3.795049,-3.764255,20.701727
8025.0000,-26.375505,-6.065250,-1.899762,27.130493
8026.0000,-23.838282,-8.237148,-5.398532,25.792605
8027.0000,-6.970554,-4.022520,-4.130050,9.045806
8028.0000,-13.281313,-9.709463,4.455144,17.044508
8029.0000,-14.964935,0.584652,-8.122502,17.037199
8030.0000,-12.504162,-5.980990,-20.394243,24.658700
8031.0000,-5.614448,0.861239,-6.005115,8.265903
8032.0000,-8.951602,-3.291730,0.046579,9.537759
8033.0000,-11.028885,-10.047830,-0.457740,14.926644
8034.0000,-11.664869,-9.420689,-2.408482,15.186156
8035.0000,-8.256220,5.867325,-9.016755,13.560699
8036.0000,-8.046483,-9.507177,-6.624503,14.107315
8037.0000,3.820364,-11.754954,-0.389007,12.366303
8038.0000,6.901977,-3.824940,-5.765272,9.772708
8039.0000,-0.088101,-0.277060,-5.800138,5.807420
8040.0000,7.230913,-10.195990,-2.357846,12.720211
8041.0000,17.446412,-10.205338,-22.846339,30.503793
8042.0000,16.755376,-0.009350,-21.137672,26.973022
8043.0000,16.026795,-12.614992,-31.183033,37.260941
8044.0000,9.068141,-11.266482,-28.302604,31.783678
8045.0000,6.088189,-8.324660,-25.867825,27.847987
8046.0000,8.234622,-15.711413,-19.874404,26.639246
8047.0000,7.340905,-22.279857,-26.526384,35.410873
8048.0000,-4.408031,-19.040052,-23.094329,30.253964
8049.0000,5.928152,-13.262287,-18.069538,23.184897
8050.0000,6.359407,-3.656037,-24.139045,25.228995
8051.0000,14.955104,0.617428,-28.715794,32.382606
8052.0000,-3.648450,-8.871640,-26.831700,28.494864
8053.0000,-2.977716,-4.757681,-32.847519,33.323593
8054.0000,5.375796,-7.389635,-22.285175,24.085990
8055.0000,2.393944,-3.919402,-19.634148,20.164137
8056.0000,1.859763,-6.154266,-17.238096,18.397980
8057.0000,11.976055,-12.124668,-14.884453,22.626984
8058.0000,-4.230364,-4.526236,-27.688046,28.372711
8059.0000,12.346079,-16.768947,-28.805100,35.543734
8060.0000,15.323789,-7.325828,-30.392624,34.816631
8061.0000,17.021012,-17.562157,-34.705516,42.457238
8062.0000,6.822488,-2.859550,-37.250992,37.978412
8063.0000,11.367573,-13.903781,-32.337619,36.989978
8064.0000,8.589451,-9.106824,-41.372267,43.224731
8065.0000,4.803783,3.553657,-34.017643,34.538454
8066.0000,-13.359932,-7.893917,-49.983529,52.336936
8067.0000,-4.596247,-21.172501,-51.936976,56.274771
8068.0000,-5.153356,-11.516218,-43.359878,45.158159
8069.0000,0.897084,-8.915462,-48.884565,49.699003
8070.0000,-2.415094,-10.470054,-33.672270,35.345106
8071.0000,-13.233913,-12.169195,-35.634963,39.913360
8072.0000,-14.112406,-5.089034,-29.159791,32.792555
8073.0000,-2.816833,-13.586817,-27.930387,31.187220
8074.0000,3.148005,-9.847543,-21.800796,24.127966
8075.0000,-2.110907,-9.710041,-23.087134,25.134769
8076.0000,-3.033912,-3.109662,-20.736057,21.186285
8077.0000,-10.250645,-3.044172,-23.134511,25.486238
8078.0000,-7.414466,-8.618467,-17.383303,20.770929
8079.0000,-14.729225,5.656380,-16.765585,23.022371
8080.0000,-18.798518,-5.649083,-12.514199,23.278780
8081.0000,-27.336090,-4.398543,-5.437755,28.216630
8082.0000,-12.514054,-4.824208,-9.655277,16.525705
8083.0000,-24.179578,-7.370246,-11.383968,27.723046
8084.0000,-23.620112,-8.393496,-5.161700,25.593038
8085.0000,-10.730654,-10.022211,-1.325627,14.742759
8086.0000,-4.827453,0.280169,-10.758398,11.795165
8087.0000,-5.400580,-6.822624,-5.072268,10.071860
8088.0000,-3.300110,-10.158515,2.508579,10.971742
8089.0000,3.195629,3.069770,8.802255,9.854705
8090.0000,-5.814149,-17.524745,7.283928,19.848844
8091.0000,-2.741305,-17.329591,3.496040,17.889991
8092.0000,13.112908,-20.493023,7.865831,25.569193
8093.0000,13.246790,-20.393668,4.990092,24.824991
8094.0000,3.043715,-7.095394,5.379749,9.410128
8095.0000,7.725761,-14.659817,3.681752,16.975068
8096.0000,7.196566,-16.309656,-1.640662,17.902157
8097.0000,-2.240724,-18.057511,0.236608,18.197542
8098.0000,-7.995143,-11.834301,10.865388,17.945184
8099.0000,-9.524516,-20.000494,-2.160558,22.257676
8100.0000,-8.230496,-25.784709,-0.695009,27.075364
8101.0000,-6.849764,-12.737625,4.796451,15.237201
8102.0000,-17.343468,-22.315694,2.349549,28.360297
8103.0000,-9.628420,-16.353466,11.713027,22.301061
8104.0000,-10.682131,-17.703028,20.433517,29.069464
8105.0000,-7.428327,-20.217534,3.725197,21.858770
8106.0000,-12.777115,-20.379939,-14.074348,27.869048
8107.0000,-6.939563,-17.032799,-17.412641,25.327334
8108.0000,-7.143877,-14.167167,-5.824597,16.901762
8109.0000,-10.324117,-27.359998,-13.015640,32.008808
8110.0000,-7.861393,-16.943517,-1.738161,18.759144
8111.0000,-7.996971,-21.268472,-8.312941,24.195132
8112.0000,0.702618,-22.437502,-11.260468,25.114405
8113.0000,-2.902476,-28.256380,-18.712009,34.014507
8114.0000,-3.272798,-25.034019,-10.399990,27.305185
8115.0000,-14.623238,-13.947570,-7.775247,21.652442
8116.0000,-8.353397,-13.805170,6.258755,17.307050
8117.0000,-0.481567,-15.264202,6.590964,16.633357
8118.0000,-8.462134,-18.348085,8.066358,21.756059
8119.0000,-24.872972,-13.144715,7.715859,29.171608
8120.0000,-13.704995,-23.380776,16.998601,31.991249
8121.0000,-6.494172,-18.565168,11.747030,22.909222
8122.0000,-4.976000,-34.126974,18.588360,39.178285
8123.0000,-3.447065,-22.767488,12.960979,26.423999
8124.0000,-8.531561,-45.026973,18.007594,49.239103
8125.0000,-4.089936,-44.597521,11.742699,46.298568
8126.0000,0.611646,-41.442854,7.840574,42.182447
8127.0000,-0.494310,-36.041339,21.322263,41.879128
8128.0000,7.975811,-39.072066,19.463990,44.374394
8129.0000,6.213314,-30.635526,21.947365,38.194601
8130.0000,7.710905,-38.575191,20.858273,44.526070
8131.0000,10.357553,-42.094692,18.803170,47.252526
8132.0000,3.950199,-36.519794,21.254672,42.438903
8133.0000,15.331530,-36.783576,22.988914,46.006276
8134.0000,1.922010,-40.454418,20.716424,45.490926
8135.0000,2.410163,-37.377790,20.124192,42.519304
8136.0000,8.748034,-41.506789,7.330350,43.047366
8137.0000,2.796668,-35.205403,16.741370,39.083439
8138.0000,14.209307,-37.954336,12.411181,42.384825
8139.0000,14.728204,-38.808361,13.446561,43.632773
8140.0000,11.053816,-35.722949,11.021004,38.984336
8141.0000,3.522139,-42.246173,-4.149845,42.595373
8142.0000,1.294404,-31.239096,5.015784,31.665670
8143.0000,4.373958,-35.044917,-0.678809,35.323342
8144.0000,9.781758,-38.254881,4.380164,39.727881
8145.0000,6.529558,-31.938652,1.791769,32.648477
8146.0000,0.310205,-33.802169,9.258120,35.048475
8147.0000,-2.843006,-32.295312,0.775092,32.429471
8148.0000,2.375670,-30.867646,4.461107,31.278696
8149.0000,9.410675,-31.190663,-5.851383,33.100709
8150.0000,9.087269,-30.613541,9.548491,33.330783
8151.0000,13.237660,-23.593281,10.037591,28.855360
8152.0000,6.030724,-23.070954,5.472576,24.466050
8153.0000,6.496005,-22.093850,11.776400,25.865418
8154.0000,9.557749,-16.746958,9.728349,21.597499
8155.0000,8.199037,-17.680279,7.967224,21.054527
8156.0000,17.636807,-16.057585,14.094480,27.704826
8157.0000,15.396982,-17.580734,20.284767,30.945452
8158.0000,13.852760,-27.257171,4.205126,30.863173
8159.0000,20.638816,-19.820743,-3.571140,28.837053
8160.0000,10.719290,-16.817561,-9.027208,21.891185
8161.0000,15.493970,-15.293398,-5.990169,22.579488
8162.0000,3.443752,-15.328826,6.461852,16.987874
8163.0000,4.870044,-10.722601,2.973270,12.146269
8164.0000,11.882619,-19.664367,9.185899,24.743984
8165.0000,8.245892,-19.737756,15.504341,26.418901
8166.0000,9.215091,-31.074461,2.850518,32.537140
8167.0000,7.442965,-19.218506,0.949903,20.631311
8168.0000,15.065940,-29.158164,8.522335,33.908867
8169.0000,10.030851,-18.676712,16.740337,27.012523
8170.0000,11.732203,-19.664695,15.287658,27.532840
8171.0000,15.274768,-20.603051,18.615950,31.691605
8172.0000,10.247905,-12.753192,13.694894,21.335735
8173.0000,4.007479,-19.709301,10.708877,22.785884
8174.0000,0.103135,-12.621562,17.141201,21.286974
8175.0000,0.220790,-13.205644,11.358067,17.419629
8176.0000,0.326796,-13.219626,12.456741,18.166885
8177.0000,-17.026569,-20.051112,9.091122,27.831630
8178.0000,-11.884551,-21.194356,-2.699786,24.448561
8179.0000,-2.440378,-26.204955,-3.952366,26.613461
8180.0000,-1.527788,-14.916890,-4.699992,15.714251
8181.0000,9.434008,-27.391072,8.325733,30.142813
8182.0000,-0.855117,-25.643590,18.027805,31.358041
8183.0000,0.698740,-16.985550,8.288478,18.912853
8184.0000,3.592257,-23.042333,13.883904,27.140674
8185.0000,2.315374,-15.176385,20.772625,25.829935
8186.0000,0.719242,-21.436739,28.195798,35.426743
8187.0000,0.497825,-11.735806,12.678193,17.283332
8188.0000,-19.617385,-4.416545,9.571394,22.270142
8189.0000,-1.041816,2.499605,-1.144778,2.940054
8190.0000,-0.500132,3.994390,3.519115,5.346911
8191.0000,-6.023340,5.689958,1.610515,8.440972
8192.0000,-5.424087,-6.547876,-3.196877,9.083800
8193.0000,-3.869335,6.851159,2.721442,8.325646
8194.0000,-3.953799,12.468883,1.472286,13.163327
8195.0000,2.522711,16.593921,4.749904,17.443735
8196.0000,-10.323543,16.185109,-2.402481,19.346969
8197.0000,-4.548829,14.149772,8.361327,17.053436
8198.0000,-6.987677,9.219316,7.229562,13.641481
8199.0000,-1.059702,15.033902,16.600893,22.421660
8200.0000,2.167700,8.045335,13.895246,16.201982
8201.0000,0.003911,0.470664,18.993867,18.999698
8202.0000,7.175687,1.632985,7.321792,10.381029
8203.0000,6.271320,-0.003983,15.232387,16.472859
8204.0000,17.713989,-9.582726,29.747506,35.923921
8205.0000,14.027060,1.479665,18.682219,23.408826
8206.0000,7.677659,-6.784453,27.955350,29.773761
8207.0000,2.007270,-8.274653,24.865661,26.283077
8208.0000,8.513152,-13.689620,21.059370,26.521247
8209.0000,-4.922410,0.475399,21.091265,21.663277
8210.0000,-13.179517,1.306830,19.648447,23.695336
8211.0000,-9.262246,3.663872,29.468159,31.106038
8212.0000,-2.523719,-9.573711,34.674619,36.060426
8213.0000,-3.257755,-12.066301,27.590324,30.289183
8214.0000,-1.776170,-17.061008,29.071902,33.755122
8215.0000,-1.414857,-22.072030,25.812817,33.992321
8216.0000,-14.990795,-16.471916,33.825679,40.499685
8217.0000,-19.676288,-19.698564,32.294088,42.639159
8218.0000,-10.445731,-3.792243,33.276869,35.083392
8219.0000,-29.110994,0.445134,22.548787,36.825207
8220.0000,-29.666523,-6.379065,20.375894,36.550952
8221.0000,-22.337651,-3.797036,18.155471,29.034622
8222.0000,-36.695355,5.050415,28.709307,46.864486
8223.0000,-28.909637,-7.600616,30.966691,43.040358
8224.0000,-24.167910,-12.609219,23.292242,35.855388
8225.0000,-31.527812,-21.135938,25.952847,45.981313
8226.0000,-26.197044,-8.988070,26.527385,38.350654
8227.0000,-37.140663,-11.496946,11.520894,40.550458
8228.0000,-26.680097,-7.564057,17.676438,32.886152
8229.0000,-37.252799,-16.384315,12.005649,42.430560
8230.0000,-28.614147,-10.879316,19.360142,36.220768
8231.0000,-27.466883,-2.332435,9.690292,29.219371
8232.0000,-37.024489,0.122089,12.328063,39.023183
8233.0000,-31.849630,5.968289,16.127623,36.195574
8234.0000,-25.245396,2.038610,23.924878,34.840863
8235.0000,-35.893090,-6.088762,17.328503,40.319523
8236.0000,-42.775989,2.231230,19.080232,46.891565
8237.0000,-42.561803,1.106197,10.226130,43.787036
8238.0000,-46.873869,8.197464,6.255643,47.994699
8239.0000,-35.627854,2.891775,9.953738,37.105029
8240.0000,-45.825796,16.990795,7.673798,49.473002
8241.0000,-30.519414,15.343606,-6.603711,34.791808
8242.0000,-45.230729,10.287805,-7.059465,46.920079
8243.0000,-29.950748,11.924239,-2.510587,32.334778
8244.0000,-25.391338,16.034226,-9.863605,31.608656
8245.0000,-13.232043,3.346932,1.889807,13.778980
8246.0000,-22.578407,8.775147,-10.820487,26.530560
8247.0000,-29.063937,15.408481,-1.817704,32.945983
8248.0000,-18.987217,19.847366,-11.432597,29.751245
8249.0000,-25.424941,19.298255,-6.840800,32.644246
8250.0000,-21.210430,10.054559,-2.631897,23.619979
8251.0000,-26.829136,16.346207,-5.832226,31.953340
8252.0000,-20.980626,12.618127,5.782445,25.156321
8253.0000,-20.058100,13.528576,-3.980733,24.519298
8254.0000,-29.093807,13.234229,-4.860715,32.329878
8255.0000,-13.159717,2.793465,-8.526343,15.927339
8256.0000,-6.238952,8.424474,10.374590,14.748844
8257.0000,-3.531205,7.293250,8.051097,11.422831
8258.0000,-13.761861,-0.624192,1.623425,13.871336
8259.0000,-6.777245,5.216304,-3.323886,9.175462
8260.0000,-1.113205,3.752516,6.952627,7.978698
8261.0000,1.777417,-5.007513,-6.375457,8.299449
8262.0000,-6.530063,-4.237368,0.147772,7.785811
8263.0000,-10.856873,-13.455950,-8.126388,19.104252
8264.0000,-14.687270,-13.318268,0.982376,19.850875
8265.0000,-26.595907,-9.489477,-4.136615,28.539517
8266.0000,-27.288582,-6.852728,2.285923,28.228568
8267.0000,-19.496065,-7.683432,9.476767,22.998712
8268.0000,-18.549023,-6.365913,11.941803,22.960788
8269.0000,-25.440720,-16.809951,8.716449,31.714053
8270.0000,-13.643325,-6.100165,1.833451,15.057021
8271.0000,-8.425737,-14.900371,-4.685350,17.747298
8272.0000,-9.631023,-20.794959,6.624395,23.855178
8273.0000,-3.154968,-13.179222,4.167035,14.177796
8274.0000,-5.286287,-6.357542,-10.029396,12.998151
8275.0000,-3.798355,-3.446279,-10.833289,11.986012
8276.0000,-2.301003,-2.149403,-12.120746,12.523060
8277.0000,-1.037025,3.964254,-9.718480,10.547018
8278.0000,2.690732,6.324756,-12.204035,14.006464
8279.0000,1.328784,15.532998,-12.897168,20.233058
8280.0000,-3.611510,15.835901,-15.474192,22.433666
8281.0000,-0.913550,12.922402,-14.928048,19.765365
8282.0000,-5.240589,6.161712,-28.036197,29.179767
8283.0000,3.187817,2.392397,-12.216631,12.850363
8284.0000,5.397506,-1.556727,-14.484413,15.535594
8285.0000,7.642791,-8.044137,-15.192741,18.813287
8286.0000,3.605838,-4.280887,-20.626386,21.372315
8287.0000,8.100005,-2.052370,-14.931367,17.110465
8288.0000,3.773897,-5.889074,-20.973179,22.108770
8289.0000,-4.919951,-6.422801,-20.600962,22.132735
8290.0000,-14.629663,-0.406957,-12.060949,18.964681
8291.0000,-9.531449,1.774469,-11.548306,15.078482
8292.0000,-18.540436,11.394312,-15.367830,26.641102
8293.0000,-7.383873,6.604082,-10.177262,14.202540
8294.0000,-3.130184,-1.736103,-11.089305,11.652673
8295.0000,-1.647159,13.484206,-9.614068,16.642333
8296.0000,3.021051,12.636000,-17.805306,22.041420
8297.0000,12.834870,0.805353,-19.658565,23.491310
8298.0000,13.340294,4.670589,-30.584467,33.692543
8299.0000,8.064777,5.023282,-14.550337,17.377753
8300.0000,-1.580807,9.970512,-26.565879,28.419289
8301.0000,-3.401466,8.379998,-28.426894,29.830900
8302.0000,-0.703104,3.442148,-32.419446,32.609251
8303.0000,-9.615359,-0.078745,-32.558339,33.948590
8304.0000,-33.454829,-0.714167,-31.923008,46.247313
8305.0000,-30.917846,12.907495,-39.105223,51.495000
8306.0000,-16.296341,2.338633,-34.049845,37.821051
8307.0000,-20.362458,15.651845,-23.389411,34.737221
8308.0000,-33.751294,8.253184,-34.362517,48.867653
8309.0000,-44.722060,-0.257891,-34.960485,56.765876
8310.0000,-32.476600,9.802313,-27.635623,43.755486
8311.0000,-40.464196,9.337749,-39.556206,57.351880
8312.0000,-33.172517,12.207966,-31.858560,47.585904
8313.0000,-22.506198,16.258452,-27.641662,39.178153
8314.0000,-32.095144,24.626298,-21.802493,45.955430
8315.0000,-23.322907,24.796527,-16.111762,37.661845
8316.0000,-22.704153,23.114879,-23.128748,39.808481
8317.0000,-20.024177,12.545242,-21.890507,32.210946
8318.0000,-23.359005,14.639362,-26.503486,38.241193
8319.0000,-10.478109,19.677472,-18.862437,29.202486
8320.0000,-7.779744,22.630018,-25.280847,34.810392
8321.0000,-11.472402,5.079192,-21.545816,24.932637
8322.0000,-8.615868,13.311590,-20.911730,26.243705
8323.0000,-8.905833,18.233690,-13.121232,24.165017
8324.0000,-20.508755,21.036059,-4.202888,29.678091
8325.0000,-14.793876,26.807420,-7.255657,31.466507
8326.0000,-16.396374,18.831771,-11.509233,27.494347
8327.0000,-22.218514,12.707188,-13.030139,28.721412
8328.0000,-17.537804,9.674577,-12.138151,23.420220
8329.0000,-12.704983,17.643818,-4.789205,22.263364
8330.0000,-15.719912,7.658421,9.315078,19.812564
8331.0000,-10.028456,4.947516,-3.522163,11.724056
8332.0000,-14.937998,14.735760,-3.191810,21.224375
8333.0000,-30.860477,19.254171,-11.674851,38.202019
8334.0000,-14.963370,15.744271,-6.558672,22.689220
8335.0000,-9.268999,15.637420,-9.234747,20.389306
8336.0000,-16.078649,10.510151,-2.591090,19.382981
8337.0000,-1.888036,2.036934,-10.676769,11.032098
8338.0000,1.417851,6.196323,-13.296383,14.737656
8339.0000,-2.264931,12.286795,-11.610102,17.055489
8340.0000,7.784129,11.794124,-4.651492,14.877177
8341.0000,-1.649165,0.555711,-9.077384,9.242698
8342.0000,-2.631869,4.564879,-17.433804,18.212698
8343.0000,-2.289272,-3.581414,-13.027594,13.703485
8344.0000,7.011402,-7.523400,-4.956080,11.415955
8345.0000,5.193975,1.009905,-9.747947,11.091427
8346.0000,10.918948,-4.841037,-11.001534,16.238621
8347.0000,9.154872,-9.058794,-3.354715,13.308927
8348.0000,0.964108,-15.057462,10.476820,18.369007
8349.0000,-9.684629,-3.912695,6.739477,12.430679
8350.0000,-3.358921,-1.771991,14.942145,15.417198
8351.0000,11.980268,-6.996147,19.999613,24.340448
8352.0000,0.007340,-15.574751,17.908934,23.734002
8353.0000,13.938060,-4.215088,15.248874,21.084701
8354.0000,11.758113,6.870481,30.809224,33.684789
8355.0000,5.293666,1.553842,28.964645,29.485386
8356.0000,4.079936,4.431134,10.027793,11.697755
8357.0000,18.916465,-2.619967,12.558418,22.856306
8358.0000,10.179534,13.452150,8.349229,18.822669
8359.0000,13.639187,8.974373,11.413210,19.920546
8360.0000,10.558143,8.656467,9.277218,16.506835
8361.0000,-3.014841,10.796144,2.322661,11.447303
8362.0000,-2.274493,12.048848,16.344054,20.432233
8363.0000,-2.265186,14.928951,27.936431,31.756083
8364.0000,-3.357562,20.615211,21.636774,30.073413
8365.0000,14.202936,14.757833,14.144594,24.891496
8366.0000,-0.296757,2.792497,8.421826,8.877683
8367.0000,6.836733,5.464388,22.198111,23.861195
8368.0000,7.361840,5.045773,11.479079,14.540487
8369.0000,-8.713079,-14.534646,22.982950,28.555029
8370.0000,-3.885685,-4.345232,21.805713,22.571414
8371.0000,5.336404,8.197814,16.119009,18.854809
8372.0000,9.643661,15.558804,20.900647,27.783333
8373.0000,25.736591,10.150333,16.802146,32.368402
8374.0000,23.687771,20.644415,14.564067,34.632563
8375.0000,16.052165,21.637042,17.505965,32.129307
8376.0000,16.785793,1.698828,18.688310,25.177406
8377.0000,10.952654,8.781699,16.258932,21.480962
8378.0000,12.576546,18.008595,17.262767,27.937110
8379.0000,15.070650,-1.075205,21.827961,26.546947
8380.0000,7.128490,7.611643,12.920446,16.603927
8381.0000,9.741254,11.244876,20.932422,25.680840
8382.0000,14.624010,9.130185,16.115702,23.599530
8383.0000,7.146304,10.576532,18.697330,22.638967
8384.0000,10.965409,14.410369,16.024304,24.180100
8385.0000,13.826498,5.859936,14.364076,20.780702
8386.0000,12.981997,-1.242666,19.094314,23.122917
8387.0000,2.333953,5.830500,17.084078,18.201862
8388.0000,-9.472422,13.846154,2.155494,16.914164
8389.0000,-9.495924,2.321299,4.196559,10.638238
8390.0000,-4.224070,0.229484,2.517676,4.922817
8391.0000,-7.283246,-8.728068,-0.749658,11.392402
8392.0000,-10.336611,5.553892,4.458946,12.552826
8393.0000,-6.232077,5.047318,-4.958091,9.428513
8394.0000,-7.391610,4.859704,-5.858313,10.610017
8395.0000,-8.978896,-0.863792,-0.070667,9.020626
8396.0000,-12.812743,9.642513,2.222321,16.188982
8397.0000,-12.490974,-0.444962,1.102920,12.547464
8398.0000,-16.618570,-0.106540,-2.191796,16.762822
8399.0000,-10.252414,-8.832461,-4.251088,14.184361
8400.0000,-19.158727,11.294594,-12.089472,25.313633
8401.0000,-25.472824,2.601223,-8.392764,26.945679
8402.0000,-12.927456,3.274795,10.299162,16.849812
8403.0000,-16.118886,9.211781,13.089171,22.715673
8404.0000,-6.301422,-1.064786,11.250152,12.938609
8405.0000,-10.118317,-4.052348,9.962206,14.766429
8406.0000,-7.144685,0.686629,17.352561,18.778428
8407.0000,-14.298790,-3.361222,22.332600,26.730100
8408.0000,-5.943918,2.184838,27.973579,28.681437
8409.0000,-5.121835,-10.990336,25.789474,28.497678
8410.0000,-6.660977,-3.716064,25.787180,26.891568
8411.0000,3.695453,-6.876121,19.600031,21.097360
8412.0000,2.942247,1.652595,16.531365,16.872282
8413.0000,-6.134041,-9.887363,26.409268,28.858895
8414.0000,-10.012812,-6.688731,8.952777,15.004924
8415.0000,-13.925443,-1.271886,8.565220,16.398129
8416.0000,-3.952012,-17.477953,4.890601,18.574585
8417.0000,-6.147319,-7.149910,-2.687647,9.804804
8418.0000,-5.097496,1.138856,1.190002,5.357011
8419.0000,0.974811,-11.292383,2.846784,11.686418
8420.0000,-2.245063,-13.362169,-4.151950,14.171329
8421.0000,-6.728486,-2.383862,16.038950,17.555719
8422.0000,-4.815702,-10.191444,5.732596,12.645915
8423.0000,-18.010057,-8.084918,14.305553,24.379846
8424.0000,-17.824818,-7.199203,7.435550,20.611649
8425.0000,-16.708493,1.547454,10.394747,19.738772
8426.0000,-23.518902,-1.252439,10.270600,25.694213
8427.0000,-20.111712,-9.635316,9.720769,24.327220
8428.0000,-18.938617,-10.035030,8.523957,23.065795
8429.0000,-2.937640,-9.311421,13.630374,16.766615
8430.0000,-9.982990,0.147026,9.229255,13.596354
8431.0000,-23.724970,-16.983295,13.446474,32.126533
8432.0000,-9.703686,-16.424779,15.726239,24.723460
8433.0000,-0.356724,-20.125388,1.165892,20.162286
8434.0000,-7.363385,-10.487077,21.905622,25.378229
8435.0000,-2.920254,-16.306967,3.980298,17.037835
8436.0000,-9.352577,-13.952428,4.301112,17.338988
8437.0000,-0.963225,-17.440157,0.048570,17.466804
8438.0000,-15.997573,-6.188876,-2.073388,17.277832
8439.0000,-11.712529,-8.417950,-15.643220,21.278053
8440.0000,-10.407792,-25.539552,-11.780867,29.989659
8441.0000,-9.015079,-13.289524,-17.247975,23.566411
8442.0000,-6.807125,-20.761196,-0.193454,21.849522
8443.0000,-16.586019,-16.180299,-5.611631,23.840900
8444.0000,-14.460786,-11.334749,11.802728,21.837932
8445.0000,4.953175,-11.500458,4.683537,13.368993
8446.0000,14.920236,5.810351,2.954139,16.281909
8447.0000,13.960744,17.524086,-0.319222,22.407541
8448.0000,14.677609,5.529515,9.046978,18.106782
8449.0000,16.077835,-0.541907,-0.962340,16.115724
8450.0000,2.970758,6.841550,3.220909,8.124437
8451.0000,23.418190,10.258225,3.135149,25.757949
8452.0000,14.775683,2.251374,5.261086,15.845142
8453.0000,-0.653143,11.272833,7.907466,13.785187
8454.0000,7.879152,15.906240,16.999547,24.577919
8455.0000,8.552485,15.345936,3.975459,18.012413
8456.0000,14.834836,6.103621,9.906236,18.853649
8457.0000,-1.162390,26.433641,12.903996,29.438098
8458.0000,9.757034,16.341710,-6.497641,20.111453
8459.0000,12.305153,1.951641,-5.139671,13.477460
8460.0000,2.156484,12.601005,-10.847870,16.766396
8461.0000,2.725451,16.526312,-4.239064,17.277636
8462.0000,8.804211,13.176911,11.389629,19.515859
8463.0000,4.145614,7.077492,-1.890648,8.417337
8464.0000,-4.787932,13.437245,7.553678,16.141310
8465.0000,5.304243,13.768725,0.154546,14.755903
8466.0000,11.102893,23.852141,4.093223,26.626177
8467.0000,8.581082,23.287121,1.701166,24.876072
8468.0000,3.652144,22.845545,8.000199,24.479793
8469.0000,-1.723991,12.510615,9.945072,16.074579
8470.0000,-5.412447,15.937408,10.522110,19.849694
8471.0000,0.598430,17.644507,12.524843,21.646211
8472.0000,-7.393837,21.833952,2.054183,23.143249
8473.0000,-4.421102,26.845663,9.308818,28.755693
8474.0000,-1.024781,23.504870,6.986659,24.542667
8475.0000,-3.360941,20.306511,-5.636541,21.340593
8476.0000,-16.019074,19.299129,-6.951301,26.026673
8477.0000,-14.613101,24.181204,-14.363118,31.694992
8478.0000,-16.151054,22.964859,0.780600,28.086485
8479.0000,-18.713895,6.375979,-0.704887,19.782817
8480.0000,-23.526076,11.235180,-8.742130,27.497825
8481.0000,-8.600436,16.463314,-9.722187,20.964950
8482.0000,-22.060727,9.287644,7.279974,25.018674
8483.0000,-13.351049,16.538435,1.296911,21.294420
8484.0000,-7.928010,24.142889,3.485619,25.649210
8485.0000,-3.102845,9.250227,-8.364682,12.851547
8486.0000,0.207137,10.477227,11.355993,15.452307
8487.0000,2.259257,6.652381,-4.199692,8.185098
8488.0000,2.401508,4.328844,8.120507,9.510455
8489.0000,1.224165,6.531346,18.700985,19.846508
8490.0000,4.451925,4.452656,10.224207,12.007505
8491.0000,14.560011,16.278594,14.483936,26.206315
8492.0000,3.356502,13.312612,11.452929,17.879075
8493.0000,8.217235,20.548722,9.983609,24.278496
8494.0000,22.489798,17.079662,5.699090,28.809469
8495.0000,8.991835,21.322478,13.725668,26.905299
8496.0000,15.770657,25.446889,11.645168,32.122698
8497.0000,12.542060,23.884782,12.408717,29.694483
8498.0000,14.185376,19.717601,12.292998,27.223638
8499.0000,19.192738,22.337417,1.062840,29.469493
8500.0000,16.991253,16.648407,13.207401,27.208594
8501.0000,16.686016,29.995682,8.040480,35.253558
8502.0000,6.345297,30.973169,8.809372,32.820802
8503.0000,14.945534,28.854428,4.591944,32.818180
8504.0000,9.238632,25.356821,12.583603,29.776967
8505.0000,3.152856,22.661770,10.573101,25.204896
8506.0000,8.971742,24.585007,12.142761,28.850673
8507.0000,14.585915,13.143095,24.188792,31.154253
8508.0000,13.299530,25.220359,9.089928,29.926089
8509.0000,-2.821496,16.472082,6.750160,18.023734
8510.0000,3.990355,13.145934,10.031970,17.011142
8511.0000,13.945909,13.929054,11.125748,22.633806
8512.0000,8.567636,5.114278,3.181343,10.472878
8513.0000,7.166306,-2.201269,-3.244346,8.168679
8514.0000,18.518209,7.106871,-3.713953,20.179820
8515.0000,21.980485,15.783843,-1.814758,27.121297
8516.0000,17.659246,19.177095,-5.419772,26.626751
8517.0000,23.485151,21.915142,3.547061,32.317293
8518.0000,10.384637,28.508849,-1.983945,30.406105
8519.0000,7.823241,25.419428,-2.659820,26.728731
8520.0000,18.242783,25.125574,3.182096,31.212486
8521.0000,6.126466,25.377415,-3.434363,26.331381
8522.0000,14.839847,28.416972,-0.030609,32.058483
8523.0000,2.692281,21.962645,-0.048892,22.127100
8524.0000,9.906100,40.221699,-11.977286,43.120428
8525.0000,9.909729,25.610424,-10.914343,29.550287
8526.0000,0.767737,25.392677,-9.076254,26.976950
8527.0000,-3.471382,22.490929,-6.941398,23.792339
8528.0000,7.206827,19.504570,-10.300167,23.204742
8529.0000,8.423248,28.415658,-3.809550,29.881657
8530.0000,7.234484,19.362846,-1.625446,20.734021
8531.0000,8.566953,23.813743,-8.064170,26.561586
8532.0000,5.583752,28.938579,-6.479517,30.176212
8533.0000,6.713936,17.143777,-2.702261,18.608822
8534.0000,6.269173,12.346071,11.272811,17.855091
8535.0000,1.414702,-4.751716,1.703338,5.242284
8536.0000,-5.474153,11.656946,8.325364,15.335007
8537.0000,1.540869,8.126044,-2.888227,8.760635
8538.0000,8.630924,10.501041,2.918811,13.902668
8539.0000,11.458973,4.072225,-7.821600,14.459202
8540.0000,20.700674,2.475373,-7.633295,22.201635
8541.0000,16.402389,3.409482,-6.968557,18.144523
8542.0000,2.223950,0.837245,-4.254857,4.873473
8543.0000,8.467950,-1.194984,-2.792681,8.996290
8544.0000,10.398765,2.133410,2.083374,10.817865
8545.0000,8.546200,-3.763619,-2.579894,9.688045
8546.0000,11.356647,-14.280205,-14.233874,23.140892
8547.0000,4.159631,-5.928929,-4.018780,8.282833
8548.0000,-4.316477,-5.616906,-8.383394,10.975559
8549.0000,12.576550,-9.186185,3.087273,15.877244
8550.0000,8.481728,-10.251853,2.519575,13.542100
8551.0000,-1.623140,-19.310664,9.543548,21.601288
8552.0000,0.389541,-17.501527,-4.781568,18.147137
8553.0000,4.413182,-19.034932,-7.569364,20.954715
8554.0000,10.085391,-14.413612,-8.224263,19.419213
8555.0000,3.638379,1.881713,-11.433723,12.145315
8556.0000,14.734058,-8.945226,7.598398,18.837335
8557.0000,7.936182,-0.222409,15.321007,17.255889
8558.0000,10.322198,-4.722082,7.408444,13.554736
8559.0000,11.654155,-3.425562,20.343590,23.694208
8560.0000,22.606741,-6.424768,10.541006,25.757624
8561.0000,9.605797,-0.460877,25.316691,27.081702
8562.0000,8.617698,-9.261325,14.272631,19.072096
8563.0000,0.885696,-9.643986,20.314057,22.504485
8564.0000,8.560728,-5.360741,22.762646,24.903045
8565.0000,3.976441,-17.600868,20.524989,27.329065
8566.0000,4.660241,-20.172086,16.959536,26.762974
8567.0000,3.673470,-16.211616,22.015365,27.585996
8568.0000,2.724419,-21.608894,11.979663,24.857174
8569.0000,14.373006,-8.442087,15.963972,23.080307
8570.0000,9.817591,-11.639392,14.363701,20.932665
8571.0000,2.313595,-15.663931,17.342435,23.483430
8572.0000,2.005018,-9.208684,26.474226,28.101683
8573.0000,-2.233691,-10.832835,20.754639,23.517966
8574.0000,13.379104,-7.215724,20.958662,25.890783
8575.0000,8.918327,1.994146,21.191449,23.077927
8576.0000,6.839498,-3.078681,12.642012,14.699574
8577.0000,5.647970,2.240548,12.282089,13.702895
8578.0000,14.967512,10.752870,0.834829,18.448511
8579.0000,2.049776,11.738801,-0.857180,11.947208
8580.0000,5.801589,11.001436,0.646791,12.454251
8581.0000,18.967263,3.479840,-0.718697,19.297224
8582.0000,20.278445,7.299516,-9.006753,23.358507
8583.0000,5.771289,11.187745,6.017881,13.953075
8584.0000,6.141863,3.759657,3.887239,8.183405
8585.0000,12.615696,-9.590281,9.877945,18.673593
8586.0000,11.411503,-8.402014,-3.025623,14.490363
8587.0000,5.540126,-7.472773,-0.018693,9.302455
8588.0000,7.726231,-2.964227,2.397837,8.615736
8589.0000,-0.572165,-8.265684,5.673621,10.041857
8590.0000,5.034873,-6.656403,8.878275,12.185295
8591.0000,2.547328,-8.001405,9.082534,12.369470
8592.0000,3.826270,-12.661875,12.482978,18.187582
8593.0000,4.420458,-28.192973,10.872981,30.538597
8594.0000,7.444714,-18.661111,15.322935,25.267631
8595.0000,-5.398782,-27.975830,12.640254,31.170016
8596.0000,-6.451762,-9.632527,12.707733,17.201665
8597.0000,-4.045831,-6.265288,15.727956,17.406642
8598.0000,-0.646555,-5.830804,2.394365,6.336347
8599.0000,-8.150500,-14.032090,-3.324581,16.564511
8600.0000,1.498058,-18.495367,5.773902,19.433495
8601.0000,-3.660973,-2.323989,8.808393,9.817915
8602.0000,-3.461377,-15.829734,6.279973,17.378138
8603.0000,0.548833,-10.983091,2.554791,11.289662
8604.0000,-0.837955,-1.857747,10.577383,10.771927
8605.0000,8.394379,-4.134354,1.352026,9.454441
8606.0000,2.037310,0.436603,3.833163,4.362842
8607.0000,2.101276,-16.631676,6.538296,17.993813
8608.0000,3.257695,-9.554272,8.337889,13.092635
8609.0000,-16.763020,-17.184538,5.279739,24.580131
8610.0000,-3.080976,-11.694124,13.529660,18.146533
8611.0000,-4.973344,-14.523169,2.754823,15.596334
8612.0000,-8.705410,-10.976631,14.064426,19.851414
8613.0000,-9.569670,-13.845836,2.465474,17.010712
8614.0000,-3.397289,-4.660916,-2.877506,6.445600
8615.0000,-15.456459,-3.410347,5.977159,16.919191
8616.0000,-3.534449,-5.572035,12.026539,13.717782
8617.0000,-10.166797,-12.866498,14.779973,22.076189
8618.0000,-6.334426,0.059865,12.859440,14.335053
8619.0000,-12.490331,-0.086849,4.736589,13.358562
8620.0000,-16.655509,1.176918,12.017999,20.572395
8621.0000,-18.554967,-5.995076,5.196393,20.179946
8622.0000,-22.222707,-5.454849,9.206500,24.665030
8623.0000,-18.833406,-7.263688,9.368805,22.253828
8624.0000,-11.429433,-11.734783,13.671062,21.336237
8625.0000,-18.507832,-8.417113,-0.777862,20.346810
8626.0000,-17.086890,-20.667681,10.555428,28.818951
8627.0000,-18.057820,-13.920518,11.137683,25.375454
8628.0000,-12.356430,-7.243703,4.482520,15.008184
8629.0000,-19.322751,2.887574,4.302639,20.005486
8630.0000,-28.310026,0.948512,6.991371,29.175958
8631.0000,-19.415575,-5.277212,4.474633,20.611547
8632.0000,-32.047909,-19.862306,0.669097,37.709779
8633.0000,-32.569465,-9.443421,3.965317,34.141939
8634.0000,-27.486582,-9.039937,-5.024401,29.367963
8635.0000,-32.037028,-18.459107,7.561896,37.739794
8636.0000,-27.424261,0.210482,3.813406,27.688923
8637.0000,-39.815310,6.779906,9.911903,41.586920
8638.0000,-40.838139,-2.872464,17.138881,44.381819
8639.0000,-30.452997,16.352607,17.219279,38.617307
8640.0000,-31.833339,9.954908,28.816964,44.078102
8641.0000,-22.673371,5.330260,24.034888,33.468930
8642.0000,-21.456263,-1.003124,29.610153,36.580578
8643.0000,-21.528735,0.382764,16.713374,27.257472
8644.0000,-22.155140,5.666385,36.952613,43.456343
8645.0000,-17.678292,12.072880,30.463813,37.233323
8646.0000,-25.648671,2.339854,27.701417,37.824565
8647.0000,-15.372355,5.968938,29.929156,34.171507
8648.0000,-26.789121,11.908951,27.500064,40.196189
8649.0000,-14.807946,15.112975,34.126985,40.153809
8650.0000,-20.471489,15.342668,29.561688,39.094408
8651.0000,-4.518909,23.449584,43.050778,49.230814
8652.0000,-0.527038,10.504546,37.289345,38.744271
8653.0000,-3.547142,16.697445,38.047302,41.701128
8654.0000,-6.820043,12.631642,39.028493,41.584789
8655.0000,-18.157416,15.161325,43.451630,49.473242
8656.0000,-6.816650,-0.776081,40.405279,40.983601
8657.0000,-3.604906,5.074758,36.466511,36.993985
8658.0000,-7.959991,6.384963,43.522322,44.702592
8659.0000,-16.991474,-3.493205,38.824674,42.523734
8660.0000,-8.698014,-8.321161,33.349117,35.455052
8661.0000,-15.671505,-17.085376,24.641439,33.833513
8662.0000,-14.097665,-14.977172,31.083446,37.272516
8663.0000,-16.753546,-13.026864,17.872150,27.745166
8664.0000,-15.664418,-4.778606,23.727389,28.830506
8665.0000,-10.937700,-6.152528,16.789800,20.961494
8666.0000,-14.915640,0.152413,13.718602,20.265724
8667.0000,-15.541749,-7.484757,17.862253,24.831988
8668.0000,-8.335319,5.678384,14.111934,17.345554
8669.0000,-12.572034,6.836654,4.918203,15.132237
8670.0000,-8.625823,11.561711,-0.818152,14.448092
8671.0000,-11.510953,-1.471293,5.685939,12.922718
8672.0000,-11.792748,1.477818,-1.382024,11.965067
8673.0000,-22.500987,-8.516882,-2.023466,24.143863
8674.0000,-16.822526,0.224014,-7.363422,18.364845
8675.0000,-13.909597,3.388126,-5.189236,15.227753
8676.0000,-16.134787,9.041132,-5.130683,19.193680
8677.0000,-10.945322,11.682217,-13.146633,20.714928
8678.0000,-9.492566,10.321926,-13.807468,19.679867
8679.0000,-5.155407,16.035956,-16.621804,23.664625
8680.0000,9.288238,15.717465,1.316971,18.304220
8681.0000,3.844812,19.248383,-0.178380,19.629433
8682.0000,-1.475815,16.133233,2.053554,16.330228
8683.0000,-8.150904,20.549940,27.181479,35.036696
8684.0000,-4.501914,16.448170,20.284656,26.500505
8685.0000,-4.857543,19.318400,21.738334,29.484767
8686.0000,-18.644316,6.436363,18.597543,27.109148
8687.0000,-13.848819,-0.543194,16.937418,21.885177
8688.0000,-10.032285,-6.011228,26.224018,28.713772
8689.0000,8.684619,-9.780146,25.495266,28.654537
8690.0000,-5.098874,-7.546829,17.966150,20.142882
8691.0000,2.739994,-7.216579,17.120396,18.780163
8692.0000,19.565798,-7.766265,21.275781,29.929821
8693.0000,2.509295,-10.888257,28.115999,30.254919
8694.0000,0.271487,-6.311409,20.712854,21.654789
8695.0000,7.789622,-23.635787,15.053054,29.084757
8696.0000,0.093065,-8.762167,14.366591,16.828048
8697.0000,0.434895,-1.660976,4.776038,5.075284
8698.0000,-4.317224,-4.733395,19.894269,20.900368
8699.0000,-5.550842,3.584848,18.019692,19.193027
8700.0000,4.007351,8.265165,7.928661,12.134063
8701.0000,1.582684,10.562184,21.093346,23.643051
8702.0000,9.744520,1.377444,11.887492,15.432611
8703.0000,6.596778,-6.397771,7.680244,11.976440
8704.0000,7.052611,3.686749,23.096488,24.429065
8705.0000,17.245084,-11.421440,20.108515,28.847783
8706.0000,11.032720,-8.129243,19.781997,24.065180
8707.0000,9.761830,-8.746106,19.293845,23.324668
8708.0000,12.294758,2.147859,9.747614,15.836362
8709.0000,3.647875,-10.586277,-1.046489,11.245950
8710.0000,-0.471974,7.427455,17.768053,19.263789
8711.0000,6.818516,11.458605,22.509475,26.162345
8712.0000,1.807754,11.866507,16.273110,20.221179
8713.0000,1.807569,13.435056,18.679829,23.080382
8714.0000,7.557862,-3.648325,25.737256,27.070979
8715.0000,1.361878,8.132466,20.887071,22.455766
8716.0000,7.914342,4.687472,28.150225,29.614935
8717.0000,-0.898425,12.614734,15.044129,19.653613
8718.0000,-5.723256,12.633559,9.032001,16.551118
8719.0000,-5.329240,15.197333,14.593952,21.733457
8720.0000,-2.528610,7.437791,16.200617,18.004850
8721.0000,-2.985317,9.791382,22.106292,24.361268
8722.0000,-2.809002,-5.331451,11.984082,13.413914
8723.0000,-13.986846,-3.883487,4.893351,15.318558
8724.0000,-10.285163,-5.290551,9.567938,15.010661
8725.0000,-4.842207,0.496435,11.507166,12.494330
8726.0000,-2.750766,-11.140672,2.732442,11.796081
8727.0000,0.082880,-3.346975,14.103064,14.495017
8728.0000,15.580186,-5.188607,10.492644,19.487417
8729.0000,-0.400889,-11.204766,17.497194,20.781225
8730.0000,10.604489,-18.921763,21.101602,30.261625
8731.0000,17.076796,-13.177199,17.472341,27.758570
8732.0000,2.504256,-25.688179,12.967515,28.884430
8733.0000,5.492468,-21.963064,31.939310,39.149239
8734.0000,10.503145,-16.889074,26.031977,32.760047
8735.0000,10.198542,-23.434470,17.817275,31.155095
8736.0000,4.992860,-16.814329,20.603221,27.058141
8737.0000,0.869754,-20.332095,16.378605,26.122965
8738.0000,-9.513066,-18.249647,13.310803,24.509702
8739.0000,-2.461005,-37.656193,13.735692,40.158619
8740.0000,11.041775,-48.587119,4.291636,50.010469
8741.0000,-1.921494,-45.831087,2.787721,45.955979
8742.0000,-13.743853,-40.334951,7.786832,43.317854
8743.0000,-17.830746,-44.232928,0.987897,47.701817
8744.0000,-16.578372,-28.210373,0.259669,32.722087
8745.0000,-9.357912,-25.966191,7.692116,28.652787
8746.0000,-17.794490,-24.659203,-2.137625,30.484252
8747.0000,-11.576398,-32.863038,10.476486,36.383362
8748.0000,-6.589573,-23.499975,13.793108,28.034285
8749.0000,-2.829884,-20.251463,1.083778,20.476928
8750.0000,1.132332,-18.075110,3.695506,18.483737
8751.0000,-9.410887,-24.045258,4.131140,26.149676
8752.0000,-8.550814,-32.392499,-8.780513,34.633622
8753.0000,-15.381660,-27.209739,-14.442040,34.431641
8754.0000,-11.798398,-28.371029,-2.585071,30.835046
8755.0000,-4.825069,-27.068966,-4.371856,27.841037
8756.0000,-13.024502,-25.671843,0.755057,28.796723
8757.0000,-19.431262,-33.454754,-5.457847,39.071506
8758.0000,-13.809668,-30.662384,4.219017,33.892312
8759.0000,-14.893365,-34.337795,10.347645,38.832593
8760.0000,-12.365539,-37.747545,2.328770,39.789532
8761.0000,-15.763635,-34.323683,0.198966,37.770980
8762.0000,-21.177454,-30.157014,0.940760,36.862109
8763.0000,-16.507123,-29.464385,9.428601,35.064706
8764.0000,-13.361179,-15.490116,7.283996,21.714544
8765.0000,-15.781097,-20.617148,9.008735,27.482124
8766.0000,-18.540247,-28.457757,13.150418,36.421397
8767.0000,-13.791876,-22.153107,4.373648,26.459493
8768.0000,-18.812125,-15.390374,6.352108,25.121882
8769.0000,-1.945647,-9.735329,13.908152,17.087975
8770.0000,-10.680055,-3.358274,13.492738,17.532699
8771.0000,-9.283411,0.920497,13.100256,16.082467
8772.0000,-3.977558,-13.206782,2.682723,14.051230
8773.0000,-9.408465,-14.866110,-3.205317,17.882799
8774.0000,-5.427921,-7.961831,3.756811,10.342471
8775.0000,1.972389,-4.021460,19.728205,20.230287
8776.0000,7.029580,-14.009296,13.690466,20.811156
8777.0000,8.608982,-22.067697,27.010569,35.925877
8778.0000,-1.073471,-13.193314,12.266000,18.046347
8779.0000,7.365329,-27.628991,11.243455,30.724981
8780.0000,4.651253,-19.146382,8.519193,21.466130
8781.0000,-1.416092,-18.029844,11.840856,21.616810
8782.0000,5.742521,-13.536353,13.516054,19.972309
8783.0000,2.516710,-20.703301,17.692034,27.349014
8784.0000,-3.993475,-21.172308,15.350422,26.454677
8785.0000,-10.447118,-28.466826,21.127791,36.957895
8786.0000,-16.995138,-27.590991,21.333624,38.797179
8787.0000,-13.587394,-21.349119,25.859926,36.182011
8788.0000,4.138651,-23.792014,19.995333,31.352859
8789.0000,-3.969418,-26.696792,18.871035,32.933129
8790.0000,9.132778,-36.274833,27.995377,46.722717
8791.0000,11.000158,-19.921636,31.937771,39.216021
8792.0000,9.339834,-25.891984,30.232118,40.885307
8793.0000,-2.913587,-26.883947,34.648206,43.951493
8794.0000,-0.519412,-23.582017,38.611114,45.245988
8795.0000,-1.446790,-25.674286,31.913277,40.984380
8796.0000,0.961100,-12.613003,35.681234,37.857127
8797.0000,8.821684,-3.171942,37.520860,38.674259
8798.0000,1.578800,-5.589213,32.955388,33.463256
8799.0000,3.096298,-20.592568,35.081187,40.796208
8800.0000,5.814068,-21.945724,23.861759,32.936328
8801.0000,8.814913,-19.272287,31.430741,37.907983
8802.0000,4.224913,-28.264107,30.851307,42.053690
8803.0000,-12.656635,-21.849274,24.355195,35.082142
8804.0000,-8.237451,-27.654543,27.630761,39.951073
8805.0000,-3.895681,-22.026569,25.467280,33.895847
8806.0000,-5.702922,-7.404359,27.165017,28.727791
8807.0000,3.969593,-23.295997,18.358911,29.925086
8808.0000,-6.775831,-23.095348,13.701469,27.695437
8809.0000,-10.367149,-17.746647,16.683482,26.471869
8810.0000,-0.256432,-7.087832,21.818636,22.942450
8811.0000,-4.782088,-8.476648,13.623456,16.742774
8812.0000,-7.981702,-4.064438,18.046263,20.146831
8813.0000,-9.835434,-19.112815,20.408396,29.640143
8814.0000,-10.230990,-15.098779,23.758235,29.951628
8815.0000,-2.998663,-8.734288,24.906997,26.563852
8816.0000,-5.681920,-11.176270,15.335719,19.808521
8817.0000,-0.868210,-2.066433,10.157755,10.402111
8818.0000,-11.357860,4.114570,14.837238,19.133068
8819.0000,5.412013,3.349018,5.585981,8.468116
8820.0000,0.867607,7.235754,-1.425526,7.425698
8821.0000,-0.108171,-0.850407,-6.167121,6.226417
8822.0000,-0.726818,8.310237,0.698177,8.371126
8823.0000,2.280322,1.723557,-6.847807,7.420444
8824.0000,-4.918452,5.994323,1.588099,7.914868
8825.0000,8.296917,5.257767,-10.145465,14.121381
8826.0000,-3.441742,15.729272,-7.135070,17.611496
8827.0000,0.106705,6.764044,-9.026507,11.280138
8828.0000,9.173290,5.670195,-11.521644,15.781275
8829.0000,2.399169,-2.944174,-14.545903,15.033545
8830.0000,12.893231,10.918109,-24.238545,29.545687
8831.0000,10.098709,8.271430,-8.472735,15.562382
8832.0000,1.307046,4.707835,2.363233,5.427426
8833.0000,5.399537,11.809067,4.366200,13.699371
8834.0000,13.231480,16.724428,23.545477,31.767405
8835.0000,-1.203902,19.373006,18.031423,26.493301
8836.0000,5.226140,4.433327,9.127257,11.413753
8837.0000,7.071353,3.963934,12.183754,14.634229
8838.0000,21.471394,2.984297,11.351519,24.470059
8839.0000,26.826823,10.759416,18.951817,34.563200
8840.0000,23.263372,-2.933786,11.821253,26.258972
8841.0000,18.117371,-6.288952,21.198114,28.585837
8842.0000,18.396407,-3.042498,12.726938,22.575640
8843.0000,30.040550,-12.509107,14.557090,35.648581
8844.0000,21.724435,-2.380555,9.627082,23.880930
8845.0000,13.549772,-0.727921,13.111174,18.868733
8846.0000,15.551045,-6.815851,2.011392,17.097852
8847.0000,26.214832,-0.837557,3.358011,26.442298
8848.0000,24.673918,-4.038331,-5.390086,25.576618
8849.0000,30.615129,-6.717694,-1.457174,31.377331
8850.0000,38.510152,-8.474166,6.520907,39.967056
8851.0000,37.318400,3.605202,2.485153,37.574412
8852.0000,34.036392,6.095565,-1.646840,34.617105
8853.0000,24.552142,17.114725,-8.109436,31.007812
8854.0000,32.369439,3.878163,-11.091047,34.435912
8855.0000,18.636104,17.851628,-13.813611,29.271160
8856.0000,13.220804,9.509645,-25.862482,30.562902
8857.0000,15.942527,10.506109,-16.099890,24.974967
8858.0000,17.729827,12.549868,-22.904016,31.566436
8859.0000,12.332974,7.325011,-26.730059,30.335690
8860.0000,6.448155,6.162446,-12.520045,15.372247
8861.0000,5.262591,7.145848,-10.398404,13.670582
8862.0000,15.278680,19.368447,-8.971134,26.249877
8863.0000,15.184349,11.999868,-10.527225,22.031426
8864.0000,12.201635,14.058578,-18.355858,26.143088
8865.0000,20.030155,-0.174249,-16.862078,26.183337
8866.0000,16.985325,10.922892,-17.923550,27.001194
8867.0000,10.200843,18.941808,-7.654668,22.835132
8868.0000,11.976708,22.194319,-9.916635,27.099244
8869.0000,10.513321,22.634435,-0.434888,24.960703
8870.0000,-0.062229,14.178361,7.955360,16.257846
8871.0000,-6.334740,10.911529,12.643178,17.861700
8872.0000,5.173393,10.200743,3.919401,12.090528
8873.0000,7.812712,0.615856,11.910634,14.257663
8874.0000,-0.640191,-3.176480,9.067164,9.628776
8875.0000,14.565830,-1.927813,11.668613,18.762633
8876.0000,1.149880,0.912822,15.836328,15.904236
8877.0000,0.536261,0.441089,8.475165,8.503561
8878.0000,0.575845,1.428921,7.529027,7.685029
8879.0000,8.102763,4.776241,11.400633,14.779773
8880.0000,-2.200167,5.940837,14.153184,15.506350
8881.0000,6.192841,3.780599,18.473963,19.847708
8882.0000,-4.532107,-1.669521,17.748936,18.394348
8883.0000,2.778229,-2.885059,24.813818,25.134989
8884.0000,-1.207974,-10.811761,18.758796,21.685152
8885.0000,6.427828,-11.946493,22.385397,26.175211
8886.0000,2.325339,0.754472,17.877971,18.044342
8887.0000,-3.731380,1.569659,19.790297,20.200071
8888.0000,9.250918,-9.771708,26.255009,29.502394
8889.0000,20.191624,-11.463202,10.976167,25.682346
8890.0000,2.314738,-18.461370,11.598695,21.925098
8891.0000,4.421707,-10.660720,4.259732,12.302348
8892.0000,1.483671,-7.819649,10.743595,13.370603
8893.0000,2.467308,-8.754957,9.433170,13.104258
8894.0000,-13.307328,-4.244281,6.727021,15.503281
8895.0000,-7.350799,1.696100,3.233169,8.207581
8896.0000,2.103309,1.935042,5.571847,6.262090
8897.0000,2.416572,-12.212559,4.511729,13.241681
8898.0000,-5.580203,-16.344472,-0.830391,17.290749
8899.0000,-8.974520,-20.996404,-3.234145,23.061888
8900.0000,0.350972,-19.068780,-3.006318,19.307499
8901.0000,2.389366,-22.043072,-6.766165,23.181611
8902.0000,-2.888835,-20.613629,-3.936436,21.184017
8903.0000,-4.567668,-27.480118,-11.921811,30.300991
8904.0000,-7.576525,-27.843813,-0.821631,28.867919
8905.0000,-11.090429,-26.957487,-3.203377,29.325165
8906.0000,-15.036244,-19.178127,-2.451796,24.492866
8907.0000,-15.506541,-20.329355,9.466183,27.264337
8908.0000,-11.093801,-11.043454,12.992713,20.343079
8909.0000,-17.606268,-20.083753,5.861634,27.344040
8910.0000,-12.662648,-17.869176,8.209089,23.388870
8911.0000,-7.515750,-16.459744,4.531278,18.653208
8912.0000,-12.771027,-20.479035,6.460451,24.984543
8913.0000,-6.953789,-23.830090,10.167717,26.825563
8914.0000,-7.876146,-22.516404,3.390093,24.093876
8915.0000,-7.026449,-29.357962,1.723370,30.236252
8916.0000,-3.892156,-13.647108,2.827405,14.470199
8917.0000,-14.643738,-27.597358,3.264170,31.411909
8918.0000,-14.375026,-8.602454,0.066625,16.752553
8919.0000,-12.469744,-29.586978,10.082673,33.653292
8920.0000,-9.509949,-21.209840,1.168893,23.273650
8921.0000,-25.876865,-20.357899,10.917350,34.687818
8922.0000,-23.174403,-24.070118,7.512838,34.247136
8923.0000,-31.105694,-33.630161,7.349817,46.395816
8924.0000,-10.213872,-27.071556,-2.357237,29.030138
8925.0000,-15.171243,-25.849466,-9.287085,31.378519
8926.0000,-7.349545,-41.087045,5.077915,42.046954
8927.0000,-8.998339,-44.078757,3.067833,45.092333
8928.0000,-15.705541,-41.454959,-3.882285,44.499997
8929.0000,-19.968497,-44.493616,-9.607689,49.706443
8930.0000,-19.013914,-44.933985,2.305702,48.845760
8931.0000,-22.911916,-41.606452,-0.918906,47.506812
8932.0000,-34.525911,-43.132356,-8.368473,55.879066
8933.0000,-34.266874,-40.660234,-3.111500,53.264948
8934.0000,-27.862349,-36.899794,-5.982547,46.622914
8935.0000,-41.728399,-42.846487,-0.769826,59.813655
8936.0000,-42.804862,-33.408199,-6.962846,54.743449
8937.0000,-40.309751,-45.326923,-0.006317,60.658107
8938.0000,-36.146355,-40.160266,-8.096805,54.634826
8939.0000,-33.247725,-49.994587,-9.536266,60.793176
8940.0000,-39.860629,-46.464346,-8.018389,61.742204
8941.0000,-43.962736,-54.584661,-4.700590,70.244594
8942.0000,-47.185503,-34.778209,-2.820715,58.685194
8943.0000,-45.621609,-31.840632,-2.504603,55.690485
8944.0000,-42.254765,-27.212368,0.990552,50.268871
8945.0000,-44.891926,-22.915339,0.609803,50.406048
8946.0000,-44.176648,-27.946953,-7.904084,52.868544
8947.0000,-47.685701,-34.490552,-6.504537,59.210077
8948.0000,-42.274680,-11.822968,-11.126616,45.285017
8949.0000,-46.256599,-29.487169,-7.763872,55.402561
8950.0000,-47.318258,-18.043156,-4.593254,50.849494
8951.0000,-44.164067,0.939674,-5.907401,44.567310
8952.0000,-43.099815,-15.230918,-10.935182,47.001629
8953.0000,-38.427990,-12.818376,-13.208516,42.608521
8954.0000,-40.819539,-2.233444,-17.015733,44.280449
8955.0000,-36.818806,-12.846827,-9.970159,40.250087
8956.0000,-31.904537,-7.692212,-4.398942,33.112237
8957.0000,-25.984729,-1.077038,4.236589,26.349854
8958.0000,-27.100336,-8.640159,-5.551511,28.981025
8959.0000,-17.597031,-10.081537,-14.727131,25.063545
8960.0000,-14.185717,-7.428560,-12.767363,20.479835
8961.0000,-18.214418,-10.349373,-6.385526,21.900902
8962.0000,-13.227848,-0.750684,-9.219350,16.141124
8963.0000,-16.649407,-11.452647,-11.648611,23.325008
8964.0000,-12.043870,-20.880536,-14.432029,28.095108
8965.0000,-14.274809,-17.452426,-8.135584,23.969671
8966.0000,-16.392322,-16.991509,0.737213,23.621242
8967.0000,-3.740670,-14.011105,-0.067209,14.502007
8968.0000,-6.925541,-14.360871,1.383921,16.003530
8969.0000,-9.307352,-7.144933,3.753520,12.319325
8970.0000,-22.073796,-18.549195,12.569536,31.453431
8971.0000,-24.770111,-15.653320,14.402741,32.650020
8972.0000,-16.043229,-6.769680,14.671185,22.769660
8973.0000,-20.712258,-16.924680,10.882727,28.876915
8974.0000,-12.854446,-11.646636,8.807417,19.453830
8975.0000,-17.398082,-11.287038,11.604054,23.764355
8976.0000,-11.671166,-7.092104,18.134806,22.702097
8977.0000,-13.585981,-8.759859,17.249908,23.640502
8978.0000,-20.441871,-3.265685,26.338434,33.499969
8979.0000,-19.220272,-6.890236,14.850689,25.247518
8980.0000,-3.440225,-1.320036,9.059707,9.780385
8981.0000,10.779518,-6.795845,11.654691,17.268854
8982.0000,6.272444,1.073193,8.892647,10.935011
8983.0000,5.883783,-5.259876,7.494442,10.883559
8984.0000,9.852560,-0.613603,6.039806,11.572757
8985.0000,3.376016,-3.189096,9.603304,10.667299
8986.0000,-3.555996,-7.725577,-0.110000,8.505395
8987.0000,1.409577,-12.429752,-3.852714,13.089272
8988.0000,7.620276,3.716955,-5.931474,10.347306
8989.0000,7.517486,-5.347185,-4.319518,10.186423
8990.0000,5.654322,-2.832650,-7.621567,9.903714
8991.0000,19.736495,1.057300,-6.181757,20.708965
8992.0000,11.093889,-3.255219,7.904286,14.005304
8993.0000,2.967947,-2.382757,8.882103,9.663229
8994.0000,2.541858,-5.285164,16.815369,17.808724
8995.0000,-5.562687,-6.978959,8.142301,12.080828
8996.0000,-1.527040,-11.432829,5.189690,12.648095
8997.0000,10.695541,-12.899009,1.105644,16.792900
8998.0000,3.521015,-15.818724,0.277131,16.208220
8999.0000,-8.112330,-19.730688,2.529208,21.482710
9000.0000,-0.326825,-7.335804,8.709163,11.391679
9001.0000,-1.478533,-3.077375,17.477778,17.808117
9002.0000,3.932046,-14.443803,21.074552,25.849974
9003.0000,12.567943,-2.808943,18.195995,22.292097
9004.0000,0.598481,-3.879781,14.563782,15.083588
9005.0000,-10.425445,-9.074964,24.712069,28.314859
9006.0000,-12.526957,-0.589045,13.667141,18.548918
9007.0000,0.603115,-2.746101,18.863217,19.071596
9008.0000,-2.349047,0.209277,20.461381,20.596843
9009.0000,5.537026,4.027685,14.203293,15.767512
9010.0000,11.153714,-9.747525,11.726424,18.892553
9011.0000,11.719940,-10.616511,5.656987,16.794904
9012.0000,3.841412,-21.377892,9.618067,23.754534
9013.0000,-0.140789,-28.361617,17.483777,33.317917
9014.0000,13.442353,-22.353577,3.789004,26.357841
9015.0000,14.987628,-31.050228,14.119924,37.257454
9016.0000,0.341506,-32.713536,16.190099,36.502210
9017.0000,10.461607,-24.721687,25.616905,37.105698
9018.0000,18.763051,-18.888907,16.508205,31.326726
9019.0000,19.001044,-25.900903,32.407779,45.630698
9020.0000,16.810466,-26.908613,26.835365,41.554808
9021.0000,17.620898,-18.068399,20.877602,32.754196
9022.0000,25.214804,-14.651733,15.031659,32.808694
9023.0000,18.058114,-12.614816,17.295138,28.006265
9024.0000,20.892773,6.295134,15.230700,26.610353
9025.0000,22.526176,-10.401950,9.331859,26.508730
9026.0000,15.006275,-7.628046,15.730692,23.039749
9027.0000,22.319799,-15.696435,15.034829,31.154415
9028.0000,27.141740,-6.704063,11.658025,30.290726
9029.0000,22.435758,-14.025509,8.785046,27.879296
9030.0000,15.563741,-6.993180,15.572188,23.100382
9031.0000,18.065717,-1.348862,16.310516,24.376680
9032.0000,5.567757,3.569230,2.509410,7.073646
9033.0000,6.184313,-7.731679,8.700964,13.180720
9034.0000,5.820663,-8.467140,17.207915,20.042079
9035.0000,5.250446,-17.599359,-2.155947,18.491964
9036.0000,-1.804539,-17.590178,9.469287,20.058368
9037.0000,-4.927906,-26.291987,5.464606,27.302285
9038.0000,3.471299,-8.572655,9.088364,12.966831
9039.0000,1.553994,-0.656875,11.228703,11.354741
9040.0000,2.474909,0.853297,16.478327,16.684980
9041.0000,7.076988,10.001334,18.179043,21.922318
9042.0000,11.657093,7.242219,9.868366,16.903319
9043.0000,12.271503,12.889864,10.451698,20.639195
9044.0000,2.058819,-1.269158,-0.871315,2.570737
9045.0000,12.597330,-10.956952,8.106973,18.559917
9046.0000,0.223588,-12.156255,12.042336,17.112639
9047.0000,2.912842,0.908805,16.869910,17.143641
9048.0000,5.565786,8.799200,5.323629,11.693798
9049.0000,1.080341,5.662300,8.046224,9.898005
9050.0000,-4.306407,13.713419,3.571515,14.810764
9051.0000,2.843039,17.144499,13.106874,21.767105
9052.0000,3.023373,30.176387,14.241729,33.504954
9053.0000,-7.587052,21.846523,2.903734,23.308058
9054.0000,-1.391719,29.833248,-7.856641,30.881813
9055.0000,3.676918,32.971173,-11.924964,35.253691
9056.0000,-8.884712,22.606341,2.049388,24.375905
9057.0000,-7.920152,32.777490,-4.459222,34.014369
9058.0000,-10.454302,26.595466,-0.023664,28.576420
9059.0000,-5.629372,23.612080,-3.831954,24.574459
9060.0000,-4.364208,27.018833,-1.663107,27.419511
9061.0000,-3.787440,24.504195,-7.196443,25.818386
9062.0000,2.679696,21.405235,-14.862430,26.196501
9063.0000,1.813182,12.245132,-6.140476,13.817971
9064.0000,3.041912,10.914629,-9.738855,14.940805
9065.0000,-2.794044,9.470140,0.162511,9.875052
9066.0000,-5.039340,11.983005,-8.178196,15.358068
9067.0000,-1.865363,18.695330,-3.071363,19.037547
9068.0000,8.294961,20.250640,4.367246,22.315188
9069.0000,16.373488,10.529175,-7.868500,20.996855
9070.0000,22.993294,8.522977,-9.433474,26.274001
9071.0000,33.970772,16.375588,-1.317675,37.734725
9072.0000,42.442895,10.999774,7.541702,44.489005
9073.0000,27.292920,15.088243,1.040160,31.203213
9074.0000,29.795050,11.427950,-8.563434,33.040513
9075.0000,21.454253,11.968999,2.759404,24.721574
9076.0000,26.395086,8.045924,4.100552,27.897168
9077.0000,15.966892,2.213417,-3.599114,16.516491
9078.0000,26.831844,9.597750,-8.337416,29.691365
9079.0000,23.027412,-4.994457,4.686180,24.024291
9080.0000,23.615122,-0.474918,0.983927,23.640382
9081.0000,31.662008,-15.741976,2.622087,35.456564
9082.0000,18.654034,-26.415992,-5.310113,32.771556
9083.0000,19.008665,-12.793896,-6.328690,23.771105
9084.0000,11.368354,-22.203764,3.312679,25.163872
9085.0000,6.203133,-15.577010,-5.599489,17.677001
9086.0000,1.820844,-3.460050,-6.401844,7.501401
9087.0000,-9.394313,4.093553,-14.613052,17.848014
9088.0000,-4.152785,1.388162,-22.658140,23.077347
9089.0000,4.447831,-1.395511,-21.816946,22.309410
9090.0000,-10.153025,6.234696,-22.373107,25.347806
9091.0000,-15.352048,24.969989,-28.927176,41.182122
9092.0000,-10.890171,17.787919,-28.175502,35.055168
9093.0000,-6.513523,22.525391,-35.882978,42.864989
9094.0000,-1.531389,18.094766,-24.583445,30.563237
9095.0000,-8.925923,3.003673,-18.231973,20.520697
9096.0000,-10.140311,9.746518,-20.594857,24.939299
9097.0000,0.256244,5.906445,-24.602672,25.303028
9098.0000,-7.067068,1.053997,-17.542393,18.941751
9099.0000,-7.632771,-5.668493,-29.070763,30.585949
9100.0000,-3.942187,-2.846364,-27.256857,27.687161
9101.0000,-1.459293,-1.226312,-25.526276,25.597347
9102.0000,9.103468,-8.990421,-26.695082,29.602841
9103.0000,3.617201,4.115725,-25.680663,26.258709
9104.0000,9.498894,11.159565,-23.892929,28.029216
9105.0000,15.219909,8.909738,-19.349650,26.180871
9106.0000,8.836892,22.057864,-13.829859,27.493727
9107.0000,-1.106362,1.007483,-16.213860,16.282762
9108.0000,0.911969,19.862033,-11.545998,22.992219
9109.0000,6.556207,19.736903,-5.874977,21.611213
9110.0000,-12.375554,14.093627,-7.684901,20.269247
9111.0000,-6.490630,16.397017,-13.745417,22.359046
9112.0000,-6.551522,8.363737,-9.041797,13.950937
9113.0000,-3.404714,10.622457,-9.897785,14.912908
9114.0000,-0.872018,5.477214,-1.156438,5.665477
9115.0000,-6.276069,-22.559488,-10.486024,25.656895
9116.0000,1.289476,-22.042917,-7.643237,23.366044
9117.0000,-7.771546,-15.796700,-18.861440,25.800902
9118.0000,-6.718363,-22.181211,-18.146637,29.435403
9119.0000,-3.835155,-17.512574,-18.539236,25.789570
9120.0000,6.385673,-17.693541,-11.769621,22.189236
9121.0000,-12.956523,-24.536616,-17.648860,32.884636
9122.0000,-1.410811,-22.237429,-20.172328,30.056887
9123.0000,3.551082,-20.578220,-24.368542,32.092042
9124.0000,1.816096,-25.495649,-7.588146,26.662825
9125.0000,10.484554,-26.126064,-12.525266,30.812000
9126.0000,-8.490412,-20.123697,-15.653152,26.871387
9127.0000,-12.232295,-21.499695,-9.764926,26.593603
9128.0000,-16.553640,-12.826862,-16.921809,26.923948
9129.0000,-7.222725,-20.464358,-17.047605,27.596713
9130.0000,-3.764752,-30.674748,-7.812976,31.877204
9131.0000,-13.659621,-24.853957,0.054035,28.360313
9132.0000,-5.410222,-21.588646,6.327089,23.138111
9133.0000,-5.959969,-15.257478,-3.781965,16.811161
9134.0000,-5.075536,-17.977713,-3.600088,19.024192
9135.0000,-4.791022,-18.761832,-5.071646,20.017038
9136.0000,4.163693,-13.008979,-5.663252,14.786558
9137.0000,1.191063,-13.809918,-0.478651,13.869447
9138.0000,-0.848410,-6.247491,-6.937497,9.374423
9139.0000,-0.071587,-18.762663,-10.588420,21.544310
9140.0000,-0.014353,-19.981964,-9.446067,22.102201
9141.0000,3.267987,-25.487850,-12.261449,28.471975
9142.0000,-3.329641,-18.664456,-15.895280,24.740824
9143.0000,-15.759527,-20.638878,-6.554124,26.782130
9144.0000,-2.853559,-23.998472,1.982463,24.248703
9145.0000,0.930915,-16.083879,-5.029612,16.877641
9146.0000,-12.541600,-20.031745,-15.259255,28.131964
9147.0000,-12.906984,-8.992307,-8.194244,17.736895
9148.0000,-3.467194,-16.175581,-5.991870,17.594697
9149.0000,4.654564,-15.714077,-13.599688,21.296683
9150.0000,-0.646586,-5.512841,-17.570798,18.426677
9151.0000,-13.557802,-0.955562,-12.364281,18.373964
9152.0000,-0.937755,-2.129272,-7.981293,8.313496
9153.0000,-4.423809,6.744552,-22.284377,23.699210
9154.0000,-9.327824,0.677834,-18.964064,21.144822
9155.0000,2.058430,0.352309,-11.130602,11.324821
9156.0000,4.541178,9.953084,-18.294143,21.315765
9157.0000,-1.618503,3.993113,-5.880714,7.290220
9158.0000,15.976191,-0.480909,-12.300437,20.168557
9159.0000,19.247186,1.748927,-9.088338,21.356750
9160.0000,17.247340,-11.550611,-2.494462,20.907169
9161.0000,14.058290,-16.542413,-5.615327,22.423623
9162.0000,8.874473,-18.897720,-0.095707,20.877961
9163.0000,-3.798576,-18.945615,-5.787866,20.170892
9164.0000,18.044196,-13.051124,-9.637883,24.265482
9165.0000,13.541664,-23.837722,-4.408555,27.767769
9166.0000,13.636569,-19.682193,-5.513279,24.571141
9167.0000,12.577000,-11.987811,4.996312,18.079040
9168.0000,5.553499,-12.020142,-1.097027,13.286408
9169.0000,13.343142,-7.591405,2.913547,15.625544
9170.0000,21.178835,2.196100,-3.711615,21.613468
9171.0000,21.084794,-11.641947,9.603261,25.929252
9172.0000,20.576962,-4.944871,13.418309,25.058215
9173.0000,12.003002,-3.168153,10.905944,16.524190
9174.0000,10.259094,2.099347,3.398949,11.009501
9175.0000,10.305362,3.787417,11.219270,15.697676
9176.0000,24.110906,-4.956509,9.007981,26.211572
9177.0000,12.684086,-11.524659,13.866934,22.045309
9178.0000,8.702128,1.908087,11.316351,14.402348
9179.0000,3.755720,-5.189922,11.010885,12.738929
9180.0000,11.468255,-3.313390,-1.754906,12.065617
9181.0000,22.403288,-3.251925,3.062718,22.844311
9182.0000,4.493827,2.463443,6.661273,8.404498
9183.0000,9.196390,4.421114,1.752341,10.353287
9184.0000,4.959008,-7.115855,0.167626,8.674978
9185.0000,13.251291,-13.129899,-2.035748,18.765267
9186.0000,17.037833,6.461179,-8.442857,20.082739
9187.0000,20.895456,-6.298623,-2.309639,21.946006
9188.0000,10.552458,1.805119,-3.875672,11.385678
9189.0000,12.371748,4.170239,-18.387964,22.551458
9190.0000,5.307819,4.672974,-3.303408,7.805263
9191.0000,13.683214,9.847392,2.430293,17.032551
9192.0000,15.433117,19.461960,-3.169898,25.039913
9193.0000,12.995772,15.765084,-5.996474,21.292855
9194.0000,11.056949,4.917196,-0.637063,12.117788
9195.0000,0.364465,8.889823,-12.018585,14.953534
9196.0000,14.257296,-8.176133,-8.157503,18.348420
9197.0000,11.982325,-0.027299,-0.835201,12.011429
9198.0000,20.425343,3.838150,-3.803750,21.128051
9199.0000,10.757711,-10.242148,-3.410866,15.240208
9200.0000,-1.696455,-11.749313,-8.197380,14.426412
9201.0000,13.936037,-9.484640,-5.839811,17.840261
9202.0000,2.550722,-9.962746,-14.898791,18.103493
9203.0000,0.177345,8.507812,-11.364777,14.197622
9204.0000,0.734930,8.903514,-18.634802,20.665637
9205.0000,8.393145,13.683612,-14.588192,21.691046
9206.0000,1.548988,10.033479,-20.580935,22.948746
9207.0000,3.864357,6.239910,-10.161434,12.534930
9208.0000,13.850649,13.243928,-9.996817,21.614312
9209.0000,16.981451,1.662456,0.346129,17.066144
9210.0000,11.832891,-1.451846,-3.478415,12.418717
9211.0000,17.184835,-10.590654,-10.488285,22.748289
9212.0000,7.917929,0.750681,3.086916,8.531481
9213.0000,6.924167,10.608392,8.006708,14.986308
9214.0000,16.166481,-0.615851,1.049166,16.212191
9215.0000,5.082989,1.756587,-7.245458,9.023250
9216.0000,10.670920,-3.733114,-8.056213,13.881904
9217.0000,7.658856,-1.132625,-16.522332,18.246324
9218.0000,9.808423,-2.688900,-17.010409,19.818914
9219.0000,18.666777,-11.357473,-17.047151,27.713645
9220.0000,18.649774,-13.722065,-2.848750,23.328620
9221.0000,18.053669,-12.660714,-12.453267,25.324148
9222.0000,16.082589,-31.293421,-2.601736,35.280262
9223.0000,18.552186,-23.947631,-5.967750,30.875341
9224.0000,15.127330,-20.392314,-2.711222,25.534943
9225.0000,18.081928,-17.651761,-12.371335,28.135222
9226.0000,20.180986,-19.064696,-7.870168,28.856098
9227.0000,24.057818,-15.497566,-19.419605,34.584306
9228.0000,16.393201,-1.586460,-16.919690,23.612069
9229.0000,20.951483,-3.195635,-24.577842,32.453768
9230.0000,13.302752,-0.591712,-26.467997,29.628840
9231.0000,16.735662,10.319751,-17.500379,26.321909
9232.0000,6.996089,-0.773259,-22.235608,23.323067
9233.0000,12.878942,8.420139,-23.564723,28.143598
9234.0000,9.202364,6.271629,-28.198373,30.317735
9235.0000,13.164291,5.700117,-18.224607,23.193236
9236.0000,17.218543,0.686126,-26.729477,31.802735
9237.0000,21.968818,17.089854,-22.622335,35.867285
9238.0000,20.431413,9.377680,-26.123912,34.465088
9239.0000,30.864415,12.456975,-22.496416,40.173088
9240.0000,19.705508,7.964098,-24.169615,32.185466
9241.0000,11.517418,10.409995,-16.191329,22.431630
9242.0000,4.834673,13.453405,-10.142118,17.527999
9243.0000,26.892981,6.599964,-19.582161,33.915380
9244.0000,20.948471,3.584309,-11.172269,24.010525
9245.0000,21.189197,11.014524,-13.309359,27.339364
9246.0000,25.826725,12.173228,-9.258836,30.015550
9247.0000,17.719769,9.787938,-10.955411,23.017710
9248.0000,17.642049,17.474172,-5.529275,25.439369
9249.0000,12.289663,1.717938,-1.574312,12.508621
9250.0000,25.847546,7.483659,-4.976067,27.365344
9251.0000,22.455900,4.280998,6.448749,23.752489
9252.0000,23.743200,0.685641,-3.309283,23.982515
9253.0000,27.105538,9.367443,-3.169990,28.853215
9254.0000,28.045508,2.106852,3.929357,28.397697
9255.0000,22.636854,18.337493,-1.045316,29.151046
9256.0000,21.083432,13.667591,-7.919102,26.344380
9257.0000,22.226625,7.570425,-11.329908,26.071076
9258.0000,21.098059,21.436175,-15.969075,34.053620
9259.0000,18.378459,15.314309,-11.656399,26.611415
9260.0000,12.510687,6.996869,-23.714921,27.710484
9261.0000,20.151140,9.125816,6.142764,22.958278
9262.0000,26.345258,32.504927,-8.561615,42.707659
9263.0000,18.018964,19.294669,-14.985919,30.356961
9264.0000,17.841076,21.244004,-12.881956,30.586868
9265.0000,25.479109,21.528738,-21.898528,39.902595
9266.0000,38.958017,5.643217,-16.468325,42.670584
9267.0000,22.042984,14.064166,-16.998352,31.187142
9268.0000,24.987097,18.122885,-12.433505,33.277410
9269.0000,28.621083,13.727436,-21.888709,38.558066
9270.0000,24.659654,7.347501,-26.325730,36.812068
9271.0000,25.866072,7.371194,-20.929916,34.080046
9272.0000,31.040436,14.019409,-19.759239,39.376135
9273.0000,31.673567,5.111234,-7.841676,33.027738
9274.0000,38.944230,-2.193292,-9.784404,40.214403
9275.0000,46.070693,-1.782324,-21.284823,50.781188
9276.0000,41.760519,6.916587,-18.812670,46.321665
9277.0000,43.272240,8.393867,-9.836046,45.162944
9278.0000,53.567620,11.055292,-13.860140,56.425286
9279.0000,43.358367,8.430257,-11.617537,45.672578
9280.0000,51.426020,9.710856,-1.414735,52.353966
9281.0000,38.765919,6.714854,-9.176331,40.399144
9282.0000,48.501440,2.536410,-2.292313,48.621782
9283.0000,33.498307,-7.455571,-10.634414,35.927884
9284.0000,35.203357,2.850206,-4.389046,35.590220
9285.0000,46.202326,-10.741747,-19.035685,51.111617
9286.0000,36.529481,-9.995808,-14.665575,40.612784
9287.0000,26.486364,-11.431203,-11.686602,31.125175
9288.0000,26.229710,-8.855325,-12.437624,30.349777
9289.0000,16.493759,-15.751002,-16.402010,28.092065
9290.0000,27.673494,-1.376079,-17.992269,33.036913
9291.0000,19.916996,-6.829000,-9.188807,22.972944
9292.0000,7.519699,-14.615429,-13.678321,21.383477
9293.0000,18.706139,3.105615,-10.283415,21.571117
9294.0000,5.878388,-2.284992,-12.257585,13.784957
9295.0000,11.382307,1.351168,-8.214903,14.102028
9296.0000,24.884512,1.139452,-4.285784,25.276575
9297.0000,19.309581,0.001060,-1.726299,19.386594
9298.0000,13.150474,15.631978,-2.847547,20.625281
9299.0000,6.729154,2.486147,-5.505478,9.042828
9300.0000,22.890342,16.614531,-21.094015,35.284102
9301.0000,9.080440,30.126645,-23.271274,39.135934
9302.0000,16.912937,13.386714,-20.855991,30.003732
9303.0000,14.170483,3.273621,-21.347552,25.830934
9304.0000,12.131133,1.530519,-7.402775,14.293633
9305.0000,4.182085,9.684892,-17.853876,20.737595
9306.0000,-7.018431,8.143742,-19.691698,22.435282
9307.0000,-8.360088,0.113265,-13.005824,15.461415
9308.0000,5.368891,16.948017,-11.213293,21.018996
9309.0000,-3.766833,11.992566,-21.050295,24.517863
9310.0000,10.701009,-1.203721,-9.957891,14.666974
9311.0000,4.744141,8.232433,-20.066067,22.201956
9312.0000,4.005366,11.186370,-10.709590,15.996035
9313.0000,-5.892045,10.463523,-13.052273,17.735934
9314.0000,-3.497146,24.795754,-11.892356,27.721609
9315.0000,-7.587963,14.122782,-13.795006,21.150233
9316.0000,-10.373639,12.681859,-1.692972,16.471433
9317.0000,-13.348482,11.643997,-6.203286,18.768202
9318.0000,-18.252124,24.009433,-15.318828,33.826904
9319.0000,-5.065861,8.963535,-7.961471,13.015104
9320.0000,-5.664369,25.228386,-9.640770,27.595307
9321.0000,-7.223503,8.281181,-8.739530,14.040524
9322.0000,-3.884653,18.248818,-2.117339,18.777460
9323.0000,11.511629,11.623767,9.420109,18.877712
9324.0000,16.899010,10.274545,-8.046770,21.351659
9325.0000,24.763898,4.704606,0.186157,25.207511
9326.0000,19.700933,-2.050454,-2.393478,19.951437
9327.0000,25.880263,-1.021068,-2.206987,25.994257
9328.0000,19.623642,7.817170,-4.972505,21.700720
9329.0000,17.225323,4.943410,-6.173916,18.954321
9330.0000,9.463625,-7.842542,0.276546,12.293988
9331.0000,16.549187,-4.325451,-13.155115,21.578743
9332.0000,11.304916,-8.195404,-4.740918,14.745917
9333.0000,8.763297,-4.396755,-3.693713,10.477134
9334.0000,0.841216,-1.256053,6.090243,6.275060
9335.0000,-5.066744,-5.230809,-9.083093,11.641986
9336.0000,0.975064,-14.863881,-9.219083,17.517911
9337.0000,1.029789,-18.390554,-12.941420,22.511181
9338.0000,2.581103,-32.146986,-18.984031,37.423045
9339.0000,0.015232,-23.853491,-15.712660,28.563560
9340.0000,13.215486,-33.933236,-7.369989,37.154143
9341.0000,15.598602,-35.159547,-10.458057,39.860771
9342.0000,4.489996,-22.153868,-7.041985,23.675800
9343.0000,9.197278,-13.122287,-26.357633,30.846542
9344.0000,8.270867,-14.011715,-19.651519,25.513087
9345.0000,5.822354,-10.478907,-32.465268,34.607816
9346.0000,4.428373,-13.781081,-21.454595,25.881042
9347.0000,-2.658406,-11.157739,-5.528685,12.732973
9348.0000,-5.076059,-28.466299,-20.961787,35.714046
9349.0000,5.509669,-23.299247,-16.742428,29.215069
9350.0000,1.851489,-23.932734,-12.570239,27.096396
9351.0000,-5.126641,-20.948486,-2.881824,21.758364
9352.0000,-0.971126,-18.698863,-11.701647,22.079835
9353.0000,4.639771,-28.976120,-22.667036,37.080150
9354.0000,7.086152,-23.398842,-21.964708,32.865905
9355.0000,5.703296,-11.340174,-24.611312,27.691945
9356.0000,1.625896,-21.085611,-10.051151,23.415212
9357.0000,13.320408,-8.812229,-20.304913,25.833663
9358.0000,8.334627,-7.779683,-10.583177,15.556128
9359.0000,4.785124,-4.667196,-12.162263,13.878068
9360.0000,10.691715,-10.810804,-16.393586,22.359246
9361.0000,3.101385,3.816403,-18.038322,18.696647
9362.0000,-4.596943,0.404204,-16.197060,16.841616
9363.0000,-8.516696,5.181736,-19.029547,21.482741
9364.0000,-11.388530,7.111589,-23.196501,26.802070
9365.0000,-3.150244,17.891330,-18.056223,25.613491
9366.0000,-18.428151,22.954871,-13.698174,32.467873
9367.0000,-12.761045,16.730067,-9.089040,22.920516
9368.0000,-8.099785,14.053031,-10.338000,19.234564
9369.0000,3.405264,10.403056,-9.317784,14.374996
9370.0000,11.074235,17.352487,-5.058350,21.197509
9371.0000,-9.963606,13.882641,-5.643936,17.995976
9372.0000,-6.279081,25.366393,-4.368371,26.494592
9373.0000,-30.758845,2.710562,-16.296346,34.914532
9374.0000,-9.545164,10.956109,-19.354425,24.202071
9375.0000,-12.220923,12.282936,-24.882919,30.321298
9376.0000,-7.156358,12.814060,-10.077248,17.803497
9377.0000,-7.392913,13.654396,-21.407300,26.445608
9378.0000,-16.441061,9.876726,-17.176637,25.746749
9379.0000,-22.709943,8.350701,-21.885047,32.625619
9380.0000,-16.434815,7.510314,-27.219020,32.670828
9381.0000,-23.510304,9.012695,-18.748820,31.392377
9382.0000,-21.602597,26.822556,-8.816222,35.550633
9383.0000,-20.722561,25.916512,-13.744189,35.916471
9384.0000,-23.005054,14.860058,-11.640249,29.758179
9385.0000,-26.273499,10.511735,-13.104181,31.185138
9386.0000,-16.236798,7.250967,3.140813,18.057542
9387.0000,-19.300180,14.963408,-4.902613,24.908556
9388.0000,-27.820081,16.322959,-9.779050,33.704981
9389.0000,-29.033840,15.839532,-5.012019,33.451083
9390.0000,-22.275813,11.790223,-23.180941,34.242915
9391.0000,-25.421968,0.176310,-27.317140,37.316668
9392.0000,-29.249763,5.059727,-16.738900,34.078442
9393.0000,-30.761286,2.730292,-23.422326,38.759728
9394.0000,-39.548095,13.755332,-22.380051,47.477654
9395.0000,-35.895858,12.244793,-9.235301,39.035091
9396.0000,-34.882649,30.859145,-15.721450,49.155367
9397.0000,-34.361757,32.228964,-14.262810,49.222599
9398.0000,-40.466272,38.114911,-7.884567,56.146523
9399.0000,-41.319036,23.165064,-5.073017,47.640513
9400.0000,-28.501523,28.191777,-9.759563,41.259692
9401.0000,-25.781545,22.174031,-3.242943,34.159807
9402.0000,-35.132388,40.722505,-8.376470,54.431354
9403.0000,-33.148410,26.727630,-14.382061,44.944710
9404.0000,-27.296519,26.361267,-3.540619,38.112365
9405.0000,-19.164388,33.669356,-8.138292,39.587007
9406.0000,-23.796484,30.593022,-5.343644,39.124931
9407.0000,-11.047090,31.537727,-8.480452,34.475853
9408.0000,-15.550525,33.473418,2.326335,36.982433
9409.0000,-11.523552,22.535355,-6.103167,26.036189
9410.0000,-5.373085,27.949964,7.329650,29.390378
9411.0000,-14.129656,33.442339,2.900126,36.420433
9412.0000,-6.868894,22.862231,11.800817,26.629356
9413.0000,-2.511184,25.073189,15.212429,29.434484
9414.0000,-4.785854,22.299439,12.087819,25.812492
9415.0000,-2.483930,28.537647,7.059871,29.502695
9416.0000,-3.694451,19.622988,-3.167651,20.217434
9417.0000,-10.457452,21.655412,1.634345,24.103656
9418.0000,-5.258859,24.621807,0.325854,25.179261
9419.0000,-8.127400,32.571009,-3.821255,33.786496
9420.0000,-3.886214,28.944383,-4.943872,29.619619
9421.0000,5.159708,24.677655,-7.119909,26.197373
9422.0000,-1.885492,25.234741,-14.922243,29.377212
9423.0000,-9.160132,27.561050,-7.323712,29.952567
9424.0000,-1.621903,29.533731,-7.786615,30.585996
9425.0000,-4.193106,25.081270,-7.866612,26.618336
9426.0000,-5.088531,26.394922,-3.151765,27.065082
9427.0000,-7.580680,28.667239,-10.178703,31.350970
9428.0000,-12.440483,20.513778,-19.161938,30.704407
9429.0000,-13.031251,21.019317,-24.603624,34.885004
9430.0000,-5.189613,25.541320,-28.512746,38.629882
9431.0000,-2.206910,16.795659,-18.321401,24.952722
9432.0000,6.088547,7.252501,-19.110204,21.327660
9433.0000,-3.707944,3.287881,-22.169888,22.717019
9434.0000,-4.889970,13.476120,-12.478581,19.006120
9435.0000,-0.118037,22.199693,-22.251912,31.432274
9436.0000,1.535033,22.511928,-16.229462,27.794580
9437.0000,-5.825658,21.903587,-12.474187,25.871041
9438.0000,5.756715,18.885437,-5.339476,20.452616
9439.0000,7.067460,14.561668,-11.539579,19.878457
9440.0000,6.742212,24.937855,-15.888127,30.327984
9441.0000,13.531650,13.001344,-3.375762,19.066628
9442.0000,2.023412,21.475784,-0.378258,21.574211
9443.0000,-3.357231,27.683485,-1.391489,27.921007
9444.0000,-10.749673,37.665619,15.481664,42.118123
9445.0000,-20.353741,28.469693,2.651471,35.097414
9446.0000,2.378372,27.167416,3.290670,27.469140
9447.0000,-3.122068,20.472594,0.660051,20.719799
9448.0000,-15.270231,17.929774,-2.948722,23.735031
9449.0000,-15.557278,23.316570,11.204560,30.186644
9450.0000,-17.072837,32.414852,11.158438,38.297717
9451.0000,-11.030529,37.578061,6.732583,39.738029
9452.0000,-20.690857,39.928179,10.762492,46.240699
9453.0000,-19.546239,51.561258,7.297515,55.622590
9454.0000,-13.676250,40.634971,7.003973,43.443024
9455.0000,-6.245825,39.891976,7.529863,41.074066
9456.0000,-18.513235,29.703958,6.309309,35.565044
9457.0000,-18.541442,33.647188,0.286855,38.418754
9458.0000,-16.060456,30.630957,3.640475,34.777102
9459.0000,-25.888700,33.235801,16.531517,45.256317
9460.0000,-25.800383,26.798370,8.134860,38.078712
9461.0000,-31.831933,31.708477,-5.439197,45.257975
9462.0000,-31.912546,20.780721,0.048885,38.082166
9463.0000,-15.837657,21.338427,8.228592,27.818511
9464.0000,-14.775439,27.644709,1.040925,31.362829
9465.0000,-30.359295,15.131412,10.291861,35.448114
9466.0000,-27.653971,13.700186,16.537062,35.013021
9467.0000,-36.266105,16.408445,6.044917,40.261749
9468.0000,-24.340469,18.958413,-5.090537,31.269689
9469.0000,-28.606559,13.495450,9.308855,32.971459
9470.0000,-32.843097,7.683826,-4.814708,34.071860
9471.0000,-18.528729,16.931425,-4.877521,25.569067
9472.0000,-34.775318,22.159770,-1.000736,41.247783
9473.0000,-37.064815,7.948224,-14.443639,40.565915
9474.0000,-34.337004,21.232693,-5.842761,40.792094
9475.0000,-30.527550,8.471865,-0.857778,31.692895
9476.0000,-25.021942,21.223460,-0.431639,32.813398
9477.0000,-19.795573,23.492411,-3.917521,30.969422
9478.0000,-21.400046,21.793818,9.257553,31.916058
9479.0000,-27.097741,23.118124,-3.188157,35.761705
9480.0000,-12.074880,22.473476,-2.756446,25.660433
9481.0000,-1.804625,16.648237,6.843641,18.090215
9482.0000,-19.037324,16.591888,5.141319,25.770984
9483.0000,-19.749399,17.631185,14.654347,30.259665
9484.0000,-24.017546,22.266178,19.200112,37.964056
9485.0000,-25.387603,10.317469,6.056367,28.065283
9486.0000,-25.895829,7.256934,8.309286,28.147848
9487.0000,-29.565774,9.270497,3.593775,31.192824
9488.0000,-22.485160,1.918938,36.045284,42.526783
9489.0000,-25.300263,9.502057,29.424722,39.952555
9490.0000,-18.635254,6.358355,34.150053,39.419887
9491.0000,-21.335864,9.804746,33.081454,40.567657
9492.0000,-22.092061,10.532176,24.040491,34.306429
9493.0000,-25.349964,4.247198,13.486544,29.026647
9494.0000,-33.468301,6.147336,20.389836,39.669413
9495.0000,-26.704621,-5.179330,7.359689,28.180263
9496.0000,-23.667812,-3.124613,13.987524,27.669105
9497.0000,-25.990548,0.460111,3.051843,26.173155
9498.0000,-25.247898,-5.169333,13.879371,29.271407
9499.0000,-38.035563,11.308504,7.443108,40.373088
9500.0000,-36.640529,-0.385554,13.172997,38.938475
9501.0000,-51.256782,-2.047895,16.237346,53.806161
9502.0000,-34.898574,-0.550759,13.384139,37.381132
9503.0000,-33.642029,-11.832463,4.848589,35.990306
9504.0000,-35.516609,5.777911,17.287492,39.920811
9505.0000,-31.151750,7.498590,17.170349,36.352184
9506.0000,-26.313353,3.235673,14.466205,30.201543
9507.0000,-25.342131,8.300400,11.938172,29.217122
9508.0000,-34.903189,11.558866,3.010967,36.890458
9509.0000,-18.964944,8.826328,-0.481362,20.923787
9510.0000,-23.472633,14.579548,-6.627871,28.415778
9511.0000,-23.358343,13.903723,-7.715732,28.257003
9512.0000,-23.822407,16.799757,16.298833,33.397468
9513.0000,-28.485347,6.877112,8.156052,30.417607
9514.0000,-25.473412,9.628022,-1.114355,27.255006
9515.0000,-18.246819,18.118217,1.317238,25.747840
9516.0000,-13.918885,25.698816,-11.597809,31.443182
9517.0000,-16.535619,23.515120,-15.747793,32.777745
9518.0000,-15.871045,26.204694,-0.735334,30.645012
9519.0000,-29.824579,20.914885,-13.774968,38.944674
9520.0000,-14.603048,20.949332,-10.045443,27.441473
9521.0000,-2.579943,25.285370,-11.093360,27.732087
9522.0000,-5.315980,27.992396,-9.089440,29.907387
9523.0000,-11.245990,16.928336,-9.259137,22.333215
9524.0000,-11.744941,5.562296,-7.826412,15.170217
9525.0000,-19.317565,6.091039,-21.252288,29.358624
9526.0000,-6.749674,-1.135049,-27.006548,27.860367
9527.0000,-13.837383,-6.408751,-15.557821,21.785111
9528.0000,-9.794626,2.525023,-22.476748,24.647812
9529.0000,-18.065269,6.304437,-6.199392,20.112989
9530.0000,-4.590622,8.422465,-8.384551,12.740189
9531.0000,-11.525375,8.292935,-7.958225,16.276989
9532.0000,-15.277982,0.603660,2.055529,15.427454
9533.0000,-16.412284,7.482122,12.548642,21.973020
9534.0000,-16.922024,11.958647,8.141749,22.263248
9535.0000,-7.591045,20.301260,16.116877,27.009606
9536.0000,-9.346526,23.253701,-2.551669,25.191332
9537.0000,-15.300814,36.075722,-2.025319,39.238686
9538.0000,-16.834983,27.119816,-8.431836,33.015101
9539.0000,-18.744603,19.332157,-3.261395,27.124327
9540.0000,-11.680563,23.453759,-4.048294,26.512319
9541.0000,-15.470435,34.414506,-3.764304,37.919158
9542.0000,-25.062685,22.489687,-2.369859,33.757080
9543.0000,-21.932063,23.612631,-3.224890,32.387832
9544.0000,-27.066108,28.953310,-7.014288,40.250076
9545.0000,-19.467951,11.857041,-10.606201,25.141241
9546.0000,-16.199565,14.026270,-15.550423,26.475986
9547.0000,-13.560130,2.293586,2.956438,14.066919
9548.0000,-24.325987,3.378764,-0.121156,24.559812
9549.0000,-20.212163,5.470194,5.359443,21.614304
9550.0000,-19.725629,2.998052,-0.564965,19.960159
9551.0000,-26.530275,0.512297,5.477375,27.094641
9552.0000,-18.995080,4.091881,1.448877,19.484759
9553.0000,-22.182943,5.327797,-8.957026,24.509114
9554.0000,-5.408517,21.693922,-8.410809,23.887654
9555.0000,-4.348928,9.109511,-7.939627,12.842665
9556.0000,-10.845106,16.634992,-6.871197,21.013153
9557.0000,-18.100368,9.206855,-11.687787,23.430618
9558.0000,-23.807573,14.973169,-5.150256,28.592332
9559.0000,-27.544487,23.136460,-13.150102,38.300388
9560.0000,-15.841507,12.571301,-19.033108,27.771391
9561.0000,-15.884024,12.823713,-18.723168,27.700305
9562.0000,-10.972862,2.646388,-11.627922,16.205420
9563.0000,-9.010827,4.894015,-6.136175,11.949855
9564.0000,-18.102703,-1.682947,-11.698674,21.619416
9565.0000,-28.125719,10.268439,-8.081236,31.012953
9566.0000,-13.581271,8.101934,2.174236,15.963069
9567.0000,-5.721246,6.107582,-4.758330,9.626886
9568.0000,-6.947178,8.809300,-15.554235,19.178146
9569.0000,-10.782510,6.551114,-8.417324,15.166771
9570.0000,-21.970040,4.625996,-11.951223,25.434508
9571.0000,-17.900866,-0.853131,-4.444532,18.464092
9572.0000,-10.953656,2.507756,3.084884,11.652808
9573.0000,-11.449203,-7.646672,4.447714,14.468518
9574.0000,-1.430371,-17.736308,0.377229,17.797890
9575.0000,-10.501350,-5.460013,-1.198982,11.896539
9576.0000,-3.036695,-9.743630,9.051572,13.641510
9577.0000,-1.095685,-8.057070,18.184848,19.919980
9578.0000,4.962151,-1.980082,17.685898,18.475244
9579.0000,4.921090,-17.582613,11.123090,21.379629
9580.0000,9.267445,-22.035370,5.886967,24.619087
9581.0000,1.692632,-6.076907,-3.246598,7.094660
9582.0000,-3.002301,-1.020102,-1.459180,3.490505
9583.0000,-5.672744,-6.416633,-12.057895,14.790066
9584.0000,0.796870,-5.241109,-14.055306,15.021846
9585.0000,2.431807,-5.186845,-31.800537,32.312400
9586.0000,6.661045,-12.611555,-28.641161,31.995890
9587.0000,-3.550256,-15.016383,-20.422213,25.596149
9588.0000,-2.722348,0.075389,-23.085482,23.245566
9589.0000,3.488844,-6.635495,-21.942134,23.187477
9590.0000,-5.593904,-12.513838,-20.141461,24.363217
9591.0000,0.467940,-11.363893,-18.741233,21.922383
9592.0000,-0.237033,-11.281967,-19.126666,22.207393
9593.0000,1.360185,5.387909,-19.133803,19.924410
9594.0000,-2.681220,-4.389379,-23.654694,24.207440
9595.0000,1.453895,-5.659328,-15.703555,16.755401
9596.0000,1.467620,-6.196497,-9.521587,11.454742
9597.0000,-4.623458,-7.875290,-20.923479,22.829554
9598.0000,-9.959581,-4.647377,-18.835722,21.807700
9599.0000,-15.564378,-1.439769,-24.779261,29.297348
9600.0000,-15.087474,5.870255,-20.485207,26.110065
9601.0000,-8.780432,-5.574931,-18.999309,21.659861
9602.0000,-4.049823,5.873145,-16.784328,18.237559
9603.0000,-14.609983,-1.761993,-15.080139,21.070520
9604.0000,-13.850454,-6.248111,-16.586283,22.493971
9605.0000,-3.412039,-4.064805,-14.254161,15.210054
9606.0000,1.512875,-2.837199,-9.547383,10.074275
9607.0000,-8.334808,3.514065,-15.789264,18.196663
9608.0000,-0.086976,5.126518,-15.922811,16.727961
9609.0000,-4.983381,8.040877,-9.799920,13.620875
9610.0000,-1.505296,5.352641,-9.803921,11.270916
9611.0000,9.431749,5.430596,-13.669642,17.473076
9612.0000,9.064099,11.421704,-11.604754,18.635544
9613.0000,8.248966,0.889334,-14.099634,16.359585
9614.0000,10.817667,-4.696216,-9.698422,15.268784
9615.0000,10.366716,6.779411,-5.204096,13.435469
9616.0000,13.499238,0.539145,-9.355992,16.433341
9617.0000,-1.224913,-15.569539,-18.854149,24.482441
9618.0000,-3.246854,-13.660032,2.920183,14.341060
9619.0000,-8.278026,-7.152997,-9.277566,14.344487
9620.0000,5.863457,1.916140,-10.818234,12.453350
9621.0000,4.593437,9.529224,-8.482036,13.559156
9622.0000,6.345750,9.077106,-10.857006,15.509254
9623.0000,5.762924,-0.496528,0.755046,5.833346
9624.0000,6.905510,-1.655032,4.942882,8.652010
9625.0000,6.080976,12.840746,10.530563,17.684902
9626.0000,15.304297,-0.130168,-13.125471,20.162253
9627.0000,4.327088,6.064559,-2.413110,7.831070
9628.0000,16.400536,-0.801289,-13.399783,21.193722
9629.0000,8.881118,-8.313078,-9.924670,15.699700
9630.0000,12.749585,-4.677689,-11.370660,17.712272
9631.0000,-5.543830,-14.354868,-9.155764,17.905985
9632.0000,-0.910895,-16.460193,-14.390214,21.882549
9633.0000,2.195837,-10.627555,2.731173,11.190439
9634.0000,4.889806,-15.102335,-15.293104,22.042453
9635.0000,7.523902,-12.415170,-3.180613,14.861421
9636.0000,-8.938397,-14.723468,-0.643256,17.236277
9637.0000,-8.467958,-23.661893,1.838799,25.198664
9638.0000,-9.969501,-18.818364,0.405725,21.299915
9639.0000,-6.539748,-10.022920,5.965650,13.372218
9640.0000,-4.300691,-13.617279,-1.846980,14.399221
9641.0000,-11.844605,6.245952,5.322086,14.409413
9642.0000,-6.294012,-3.442773,6.762892,9.859208
9643.0000,-4.133408,1.729275,3.623310,5.762277
9644.0000,-10.819324,8.896665,2.926628,14.309912
9645.0000,-9.951015,6.913623,1.536733,12.214026
9646.0000,-22.499143,14.770864,-2.217522,27.005690
9647.0000,-19.650021,21.076251,-1.344723,28.846836
9648.0000,-8.293976,4.271978,-6.640178,11.451279
9649.0000,-7.867488,7.473581,-11.007371,15.456843
9650.0000,-17.029536,6.255080,5.604763,18.988009
9651.0000,-18.904910,3.280099,13.327389,23.361806
9652.0000,-10.591338,-3.425165,-4.188520,11.893355
9653.0000,-12.555757,0.108675,-8.096601,14.940341
9654.0000,-15.605703,-3.802090,-0.850643,16.084696
9655.0000,-13.091447,-5.474547,6.335268,15.540022
9656.0000,-19.615502,0.060677,9.209870,21.670102
9657.0000,-18.775584,-4.400911,13.759516,23.689974
9658.0000,-20.081529,-5.194775,7.613577,22.095702
9659.0000,-11.526821,-4.836044,3.082179,12.874578
9660.0000,-6.472097,-9.155012,8.121948,13.844433
9661.0000,-9.055458,-14.214144,8.249379,18.764207
9662.0000,4.714266,-5.122567,4.649645,8.371631
9663.0000,2.579235,-6.711545,6.681118,9.815021
9664.0000,0.633708,-7.092126,11.368287,13.414090
9665.0000,-7.725628,-4.304353,10.057435,13.392714
9666.0000,-9.363407,-2.518401,11.993670,15.422836
9667.0000,-8.329607,-13.868557,4.704493,16.847892
9668.0000,-5.790458,-9.598081,6.403338,12.909505
9669.0000,-3.190226,-13.421392,7.139557,15.533338
9670.0000,1.510974,-12.165858,4.606412,13.096190
9671.0000,-0.966339,-20.815555,6.908847,21.953435
9672.0000,4.159109,-18.320658,10.041010,21.301797
9673.0000,-1.308326,-7.778896,9.902966,12.660635
9674.0000,0.329447,-17.221683,5.240719,18.004445
9675.0000,0.582951,-8.310601,19.677616,21.368540
9676.0000,6.943702,-7.927684,16.976091,19.981262
9677.0000,11.909866,-14.268035,14.472546,23.555813
9678.0000,16.562896,-12.847164,24.703986,32.398550
9679.0000,10.534435,-6.511340,16.708377,20.797638
9680.0000,15.407615,-6.227169,20.761606,26.593543
9681.0000,13.083311,-1.601448,11.460631,17.466646
9682.0000,17.946913,-6.610141,8.522443,20.938427
9683.0000,10.608449,-1.563021,6.215569,12.394173
9684.0000,18.089923,-11.087514,7.394485,22.469016
9685.0000,11.674616,-10.542203,10.793498,19.077062
9686.0000,8.174191,-11.228581,0.334219,13.892809
9687.0000,1.842051,-6.211590,0.934428,6.546003
9688.0000,2.708979,-2.624466,-4.656476,5.992425
9689.0000,-4.908420,-8.371338,-0.399967,9.712459
9690.0000,3.583408,-5.209825,-5.526432,8.397889
9691.0000,2.032216,6.154274,-3.284051,7.265671
9692.0000,3.205146,9.295678,-8.229304,12.822013
9693.0000,2.163242,17.472576,-4.281693,18.119146
9694.0000,5.678237,17.791310,-0.187450,18.676409
9695.0000,2.224067,15.287699,4.748733,16.162014
9696.0000,0.327758,30.040562,-1.184592,30.065696
9697.0000,1.198606,25.269880,1.497228,25.342557
9698.0000,-3.305069,25.552516,2.304273,25.868209
9699.0000,9.999194,17.062990,7.213003,21.051292
9700.0000,2.171725,23.936322,0.592772,24.041949
9701.0000,13.057327,17.551752,-0.375794,21.879191
9702.0000,15.187763,23.506063,2.097005,28.064222
9703.0000,2.814185,30.289644,2.234022,30.502017
9704.0000,7.847915,28.676027,4.210042,30.027133
9705.0000,8.057282,32.528166,2.037172,33.573076
9706.0000,9.384408,28.364852,-3.912308,30.132011
9707.0000,0.900241,27.015615,-7.156950,27.962042
9708.0000,1.100205,34.843721,-4.960393,35.212226
9709.0000,13.141160,42.001152,4.451724,44.233525
9710.0000,1.988682,36.454658,0.507765,36.512392
9711.0000,12.565269,33.834321,-3.323161,36.244871
9712.0000,15.817992,28.510506,-1.138678,32.624445
9713.0000,11.641679,30.676724,7.976813,33.767138
9714.0000,-6.141567,39.382222,-1.656784,39.892646
9715.0000,15.516553,33.249686,10.969257,38.296601
9716.0000,21.934316,42.286479,7.819255,48.274230
9717.0000,28.026808,35.097451,19.125109,48.817034
9718.0000,12.086205,22.599781,14.822601,29.606350
9719.0000,16.138554,26.049054,15.258080,34.231785
9720.0000,18.559121,17.749851,21.231589,33.320843
9721.0000,24.555897,21.934514,18.592421,37.812605
9722.0000,29.081029,10.457103,10.946524,32.785418
9723.0000,18.221723,11.256417,23.631621,31.893442
9724.0000,23.761542,8.590956,34.625352,42.864092
9725.0000,20.506622,6.628487,38.004851,43.690126
9726.0000,30.771529,9.724528,52.436191,61.571159
9727.0000,22.091641,17.206816,56.165218,62.758639
9728.0000,22.357350,15.383889,38.995316,47.509471
9729.0000,25.818146,10.690978,28.944202,40.232332
9730.0000,22.630165,15.558865,39.393846,48.021639
9731.0000,22.309715,16.891496,31.287025,41.975278
9732.0000,21.492732,4.800032,41.406427,46.898508
9733.0000,20.060730,9.425284,36.774867,42.937859
9734.0000,20.651845,9.675583,33.524779,40.546596
9735.0000,25.471621,20.036477,33.037180,46.278712
9736.0000,22.165947,27.000948,22.194318,41.388020
9737.0000,4.349706,27.514744,27.645683,39.246208
9738.0000,3.477253,15.481903,29.467994,33.468542
9739.0000,6.960271,20.600056,24.852682,33.022166
9740.0000,9.761108,17.540273,33.065438,38.681567
9741.0000,15.381387,18.165800,36.556732,43.623136
9742.0000,13.241956,21.074094,22.241737,33.379061
9743.0000,11.675819,11.475852,25.641452,30.422097
9744.0000,12.794062,13.651515,35.639713,40.252217
9745.0000,12.170122,18.731368,29.434591,36.950929
9746.0000,18.193290,33.362020,30.962222,49.017134
9747.0000,27.451141,27.009989,19.115880,42.994436
9748.0000,33.421436,17.121003,16.743921,41.115447
9749.0000,24.967260,27.359222,5.583930,37.457594
9750.0000,19.039384,12.269274,7.488730,23.856117
9751.0000,23.625307,7.221385,20.360125,32.013095
9752.0000,24.380457,17.993912,13.635068,33.228039
9753.0000,22.522610,13.682234,13.714448,29.707871
9754.0000,17.146128,6.156810,14.799132,23.471479
9755.0000,22.965034,23.043479,14.689249,35.695500
9756.0000,21.509064,21.331642,5.046967,30.710758
9757.0000,17.748285,23.747298,2.138739,29.723896
9758.0000,17.617048,40.293942,1.786703,44.013117
9759.0000,4.146578,42.247685,-3.612905,42.604155
9760.0000,-1.805201,38.312720,5.432455,38.738028
9761.0000,-8.462435,39.130954,-6.483360,40.557100
9762.0000,4.044599,25.704927,2.830618,26.174691
9763.0000,-14.285441,33.903372,-1.817986,36.835004
9764.0000,-18.294905,33.839070,-5.532074,38.863737
9765.0000,-4.047122,36.323791,-6.337418,37.093933
9766.0000,1.142658,33.622174,3.666323,33.840777
9767.0000,-17.299845,35.037216,11.654245,40.776372
9768.0000,-5.215064,37.951201,6.952987,38.933720
9769.0000,-19.496836,23.273181,21.834634,37.396775
9770.0000,-17.771103,16.009017,7.958899,25.208031
9771.0000,-28.340006,13.368339,16.936818,35.619156
9772.0000,-20.246750,24.107826,13.954688,34.436194
9773.0000,-11.222846,25.590245,16.285521,32.342405
9774.0000,-2.953381,24.648330,11.850308,27.508043
9775.0000,-2.275736,21.939884,5.301783,22.685819
9776.0000,-3.578710,27.430920,4.877105,28.090010
9777.0000,-6.818149,34.054231,1.390129,34.757880
9778.0000,-5.682502,39.493582,13.015026,41.969331
9779.0000,8.839040,38.843381,9.236014,40.893041
9780.0000,6.006141,34.005104,8.993807,35.683461
9781.0000,6.823440,26.262440,-4.156151,27.450841
9782.0000,-3.533258,22.980489,11.625114,25.994808
9783.0000,-1.091023,20.489210,4.005603,20.905572
9784.0000,5.833160,18.651426,2.762253,19.736552
9785.0000,1.959517,11.619011,-0.595680,11.798134
9786.0000,7.218662,22.126092,3.455597,23.529008
9787.0000,6.342509,17.270890,4.568866,18.957468
9788.0000,9.996160,10.057029,5.859826,15.342900
9789.0000,-8.340396,13.183814,-5.594459,16.573265
9790.0000,-11.835717,11.813191,-4.121502,17.222731
9791.0000,-14.450890,9.884796,-11.734941,21.077150
9792.0000,3.880293,13.036462,3.901536,14.150195
9793.0000,-2.411172,19.407082,2.266104,19.687148
9794.0000,-3.246301,20.924965,-10.175524,23.493273
9795.0000,-7.194644,23.028851,-9.108419,25.788644
9796.0000,-0.128183,11.266625,-2.233344,11.486561
9797.0000,-8.623015,17.758205,-4.874095,20.333889
9798.0000,-11.831353,9.198891,-19.895253,24.908263
9799.0000,0.995231,17.712304,-25.384691,30.969319
9800.0000,-0.418417,10.721015,-19.122168,21.926526
9801.0000,10.002398,15.615680,-8.662329,20.467862
9802.0000,-1.544468,14.518644,-2.577762,14.826370
9803.0000,1.915875,20.690748,-2.200393,20.895439
9804.0000,7.302319,25.644058,-0.108742,26.663709
9805.0000,-4.712825,21.386917,-7.697336,23.213357
9806.0000,3.523003,7.679549,2.493072,8.809224
9807.0000,-0.560592,16.001503,2.750301,16.245815
9808.0000,-3.654322,15.237228,12.644944,20.135089
9809.0000,-5.610460,9.994198,-3.880344,12.100344
9810.0000,5.785222,8.274769,0.138008,10.097507
9811.0000,1.240815,10.883027,-6.018283,12.497985
9812.0000,-17.579279,5.551708,0.315268,18.437785
9813.0000,2.616538,23.525981,-9.248997,25.413815
9814.0000,7.442701,10.667417,-10.430303,16.672696
9815.0000,10.539523,17.032033,-0.808545,20.045585
9816.0000,5.994250,28.879284,4.671369,29.862448
9817.0000,19.474532,25.419311,-12.823133,34.493934
9818.0000,14.670039,21.630706,-5.261967,26.660566
9819.0000,5.412021,21.480334,-5.105064,22.732276
9820.0000,-6.991591,19.365656,-1.321362,20.631456
9821.0000,-8.350569,10.064403,8.153361,15.411084
9822.0000,-6.928017,17.922532,-5.572090,20.006568
9823.0000,-3.676266,21.458254,-16.462514,27.294431
9824.0000,-8.380751,17.785851,-21.388671,29.052516
9825.0000,-5.080513,15.859607,-21.207775,26.964949
9826.0000,-9.346115,15.993005,-20.569821,27.681106
9827.0000,-8.675997,20.904922,-13.108414,26.155672
9828.0000,-7.792132,6.397523,-13.129095,16.553512
9829.0000,-22.930550,7.882295,-5.791779,24.929608
9830.0000,-16.051552,4.118550,-8.313339,18.539859
9831.0000,-4.863173,0.306980,-11.036164,12.064062
9832.0000,-17.775572,-1.228351,-16.632636,24.374667
9833.0000,-9.863169,-6.001484,-16.371075,20.032774
9834.0000,-19.496152,-5.564146,-8.850463,22.122169
9835.0000,-6.181538,-7.787510,-9.712906,13.899542
9836.0000,-9.025728,-11.763905,-7.928634,16.814174
9837.0000,-5.784350,-6.317303,-7.340824,11.280723
9838.0000,-7.716082,-7.012891,-13.014335,16.676075
9839.0000,-21.500147,-21.773030,-13.959694,33.633231
9840.0000,-17.065776,-7.278950,-4.158265,19.013548
9841.0000,-13.691410,-16.631545,0.279764,21.543938
9842.0000,-16.206471,-6.970120,-14.576948,22.884922
9843.0000,-8.853185,-11.527686,-4.969818,15.361169
9844.0000,-3.619505,-15.950303,-12.024114,20.300057
9845.0000,3.211990,-9.716518,-18.675784,21.295833
9846.0000,-1.745114,-10.248843,-33.553116,35.126853
9847.0000,-5.302273,-4.012617,-15.121161,16.518617
9848.0000,-6.236578,-11.094152,-16.112604,20.532684
9849.0000,-14.674717,-5.982740,-22.368382,27.413227
9850.0000,-5.686890,1.528872,-28.819767,29.415254
9851.0000,-14.080671,9.737894,-32.129079,36.405626
9852.0000,-6.401227,13.496186,-21.787768,26.416465
9853.0000,-15.238336,22.420191,-14.535268,30.759484
9854.0000,-11.454215,18.206596,-9.402158,23.475088
9855.0000,-13.387728,19.497291,-8.267983,25.054643
9856.0000,-13.834382,22.001151,-4.685765,26.408278
9857.0000,-12.807767,18.706842,-3.800469,22.987570
9858.0000,-9.590589,26.524633,-10.689864,30.163036
9859.0000,-12.480606,24.140493,-9.611428,28.825483
9860.0000,-13.681424,19.664143,-4.946484,24.460736
9861.0000,-25.011805,6.973249,4.863211,26.417181
9862.0000,-15.556079,2.174306,6.436955,16.975087
9863.0000,-6.816394,-2.378834,7.082789,10.113752
9864.0000,-11.928156,10.020954,1.146372,15.620967
9865.0000,-18.181457,1.349513,9.716735,20.659175
9866.0000,-3.270715,5.821382,10.776090,12.677152
9867.0000,-2.499194,9.268906,5.987903,11.314308
9868.0000,-11.403920,8.510029,-0.159882,14.230094
9869.0000,-16.912743,5.690079,2.188716,17.977997
9870.0000,-6.301437,13.161951,-2.934268,14.884724
9871.0000,-12.989949,26.297781,-6.751355,30.098054
9872.0000,-6.386923,22.543115,-10.186642,25.549021
9873.0000,-18.681643,27.408744,-5.820260,33.676675
9874.0000,-15.641713,24.545211,0.888353,29.119062
9875.0000,-17.758335,29.489356,0.952694,34.436728
9876.0000,-20.566868,27.100584,0.987477,34.035464
9877.0000,-10.253670,25.062869,4.209952,27.404541
9878.0000,-18.251551,23.279399,15.072819,33.199991
9879.0000,-12.588773,19.589043,10.781337,25.660184
9880.0000,-15.730090,17.110706,14.146854,27.209290
9881.0000,-13.582508,10.217177,17.261696,24.224809
9882.0000,-16.166051,6.313010,-3.883755,17.784231
9883.0000,-26.396403,9.831565,4.968783,28.602772
9884.0000,-19.077402,4.998413,10.595264,22.387296
9885.0000,-27.877169,13.901180,6.462615,31.814223
9886.0000,-18.174512,12.977259,11.576366,25.154212
9887.0000,-13.748494,20.739493,10.989135,27.201264
9888.0000,-18.803097,17.202881,22.684205,34.118451
9889.0000,-7.358578,18.587171,11.711888,23.168943
9890.0000,-3.384191,-0.334904,1.820521,3.857357
9891.0000,-11.918245,8.668695,11.399489,18.631672
9892.0000,-13.457842,7.210467,6.779872,16.705419
9893.0000,-10.586152,2.984884,2.798769,11.349416
9894.0000,1.118651,3.212881,3.829768,5.122607
9895.0000,-2.989418,19.044171,7.207190,20.580589
9896.0000,-4.676546,19.141593,7.542477,21.098806
9897.0000,-5.409960,12.281181,0.569752,13.432040
9898.0000,6.855161,18.606676,0.939855,19.851573
9899.0000,10.784947,15.022906,-1.337698,18.541635
9900.0000,3.387411,19.177505,-6.508957,20.533333
9901.0000,-7.732263,15.775755,-17.040722,24.475468
9902.0000,-11.947497,4.561869,-15.752337,20.290132
9903.0000,-2.562608,5.018692,-12.996043,14.165146
9904.0000,-13.550176,23.502014,4.990499,27.583637
9905.0000,-4.907538,7.205188,1.953703,8.933959
9906.0000,-6.732592,7.717004,-1.975068,10.429805
9907.0000,-5.936692,18.258099,-5.269798,19.909125
9908.0000,-19.673926,22.041818,-16.411125,33.796895
9909.0000,-12.072442,18.808179,-20.202371,30.126853
9910.0000,-18.016473,14.924423,-21.291385,31.633127
9911.0000,-16.466225,12.136261,-8.630378,22.201549
9912.0000,-16.007637,1.392583,0.979219,16.097907
9913.0000,-18.836539,13.558347,-17.997286,29.369138
9914.0000,-12.150565,-3.144432,-6.169795,13.985352
9915.0000,-6.744136,7.858410,-13.089962,16.690868
9916.0000,-2.075666,3.912109,-21.871296,22.315165
9917.0000,-4.164867,3.023884,-29.254747,29.704044
9918.0000,-5.124790,2.076466,-22.874723,23.533553
9919.0000,-13.807462,14.319997,-25.342984,32.217622
9920.0000,-2.255986,14.789586,-18.443984,23.748723
9921.0000,-7.687224,16.287094,-14.564849,23.162420
9922.0000,-14.686999,22.906908,-2.956254,27.371040
9923.0000,-12.636213,30.675160,5.253338,33.589237
9924.0000,-19.605310,29.312147,-4.309792,35.526672
9925.0000,-14.184622,29.466259,-8.223058,33.720655
9926.0000,-3.461060,40.013201,-20.212240,44.961871
9927.0000,-6.275465,30.172110,-15.899746,34.677653
9928.0000,-4.246806,39.601383,-29.252779,49.416900
9929.0000,-1.643323,30.694404,-26.089193,40.317402
9930.0000,-12.964093,27.061813,-14.688224,33.408882
9931.0000,-11.714988,33.040929,-23.458407,42.181047
9932.0000,-2.187225,25.725216,-38.623444,46.457949
9933.0000,-7.255293,16.815286,-20.447496,27.449830
9934.0000,-15.605616,20.607613,-24.476336,35.599157
9935.0000,-7.229846,12.277965,-17.771948,22.778526
9936.0000,-18.806882,11.732081,-12.169709,25.287197
9937.0000,-12.547316,15.223715,-15.257892,24.939926
9938.0000,-15.950655,19.862257,-19.323240,31.973743
9939.0000,-15.636613,20.655638,-7.951509,27.099549
9940.0000,-4.164512,22.425959,-10.617090,25.159281
9941.0000,-11.277548,27.980547,-14.139770,33.317071
9942.0000,-6.601998,30.037713,-10.797210,32.594943
9943.0000,-8.356540,35.911939,4.699096,37.169620
9944.0000,-7.958077,41.289037,-3.169530,42.168252
9945.0000,-8.108006,42.871349,-0.167488,43.631645
9946.0000,-4.295630,44.376218,9.516800,45.588054
9947.0000,-9.494321,32.042152,3.490392,33.600960
9948.0000,-19.380791,33.617374,5.982426,39.262352
9949.0000,-21.756855,23.600642,-5.435537,32.556046
9950.0000,-24.738735,24.618879,-4.481330,35.187733
9951.0000,-20.973343,37.214301,-1.143744,42.732815
9952.0000,-17.900626,29.539442,0.082846,34.540092
9953.0000,-21.779109,32.580528,-8.575110,40.116741
9954.0000,-13.577806,30.754148,-5.839839,34.121520
9955.0000,-12.532170,36.681598,-5.936587,39.215277
9956.0000,-14.502825,31.497240,-2.912693,34.797872
9957.0000,-10.844444,13.760863,3.524865,17.871429
9958.0000,-24.041075,12.488704,4.992176,27.547465
9959.0000,-13.791218,12.507529,15.788006,24.411004
9960.0000,-25.964377,4.827317,11.825338,28.935972
9961.0000,-18.029877,4.346642,3.769214,18.925558
9962.0000,-14.404669,2.698600,12.165903,19.046946
9963.0000,-17.336251,7.172182,12.122957,22.337231
9964.0000,-2.188309,14.596851,0.273891,14.762513
9965.0000,0.152738,12.194565,-4.281693,12.925310
9966.0000,-16.270913,13.100594,-7.371001,22.151746
9967.0000,-23.663244,2.614905,-5.068218,24.340782
9968.0000,-20.693085,-1.402870,-2.888059,20.940694
9969.0000,-24.683716,-2.768736,5.691465,25.482239
9970.0000,-21.528063,3.963746,4.246746,22.298064
9971.0000,-26.153001,-13.072596,-9.201597,30.651943
9972.0000,-12.774612,-4.361433,-9.627237,16.580003
9973.0000,-12.599895,1.042189,-12.497017,17.776921
9974.0000,-18.935334,-4.209133,-12.056262,22.838939
9975.0000,-17.565400,2.638056,-20.099982,26.823719
9976.0000,-22.472924,-0.735986,-15.382100,27.243036
9977.0000,-29.146793,-0.459093,-21.827245,36.416684
9978.0000,-27.463217,-10.365208,-24.877124,38.477748
9979.0000,-26.143913,-5.904072,-23.932505,35.932256
9980.0000,-26.207841,-7.102116,-39.056825,47.568126
9981.0000,-23.013473,5.070079,-31.974842,39.720476
9982.0000,-29.938113,-2.546176,-24.009358,38.460667
9983.0000,-27.786083,-10.169576,-28.712954,41.230091
9984.0000,-24.413250,-16.911406,-18.291285,34.879414
9985.0000,-11.247483,-7.504432,-22.249926,26.036159
9986.0000,-28.137920,-6.783618,-24.131627,37.684154
9987.0000,-34.280207,-14.359378,-3.667786,37.346713
9988.0000,-19.170156,-21.990615,-19.172430,34.909370
9989.0000,-20.662853,-18.395466,-14.964021,31.452640
9990.0000,-19.752964,-20.622077,-10.755422,30.514402
9991.0000,-22.573901,-25.470870,-23.951126,41.617336
9992.0000,-29.926250,-26.651955,-17.425102,43.698299
9993.0000,-25.586621,-37.674376,-21.207347,50.237290
9994.0000,-37.051597,-38.717392,-23.005712,58.319123
9995.0000,-41.660082,-45.966413,-9.996729,62.836360
9996.0000,-44.730207,-40.503879,-10.944256,61.328072
9997.0000,-25.906760,-43.641525,-1.590782,50.776702
9998.0000,-30.988235,-46.960767,1.738632,56.290383
9999.0000,-32.409058,-35.372721,-3.148985,48.077984
10000.0000,-17.705285,-31.818255,3.559201,36.586150
10001.0000,-21.489123,-34.651808,-2.352931,40.841970
10002.0000,-17.239371,-34.411994,0.109063,38.488871
10003.0000,-12.424749,-29.470966,2.013778,32.046334
10004.0000,-11.777368,-20.315744,8.617020,25.013774
10005.0000,-8.198019,-20.768075,-2.033280,22.419961
10006.0000,-3.719299,-26.690139,-4.516681,27.323929
10007.0000,4.086291,-28.728393,6.956358,29.839726
10008.0000,0.613407,-26.702235,-6.702443,27.537399
10009.0000,-0.606120,-25.609370,0.164306,25.617069
10010.0000,-21.731106,-24.137599,-12.423363,34.773620
10011.0000,-14.874529,-21.940030,0.225457,26.507873
10012.0000,-14.829660,-19.186189,-0.061573,24.249380
10013.0000,-14.581753,-22.888649,-7.087494,28.049071
10014.0000,-12.462184,-22.850389,0.378365,26.030549
10015.0000,-28.900204,-25.275425,2.439741,38.471045
10016.0000,-19.109143,-26.062317,7.091609,33.086170
10017.0000,-15.358632,-32.572726,3.419234,36.174041
10018.0000,-19.261704,-26.573011,-10.926447,34.590828
10019.0000,-16.242758,-25.037091,5.695014,30.382829
10020.0000,-23.723791,-24.010282,-0.679752,33.760538
10021.0000,-16.392253,-16.752099,-0.888310,23.454805
10022.0000,-16.087499,-7.604428,-6.368466,18.899532
10023.0000,-12.000430,-19.954807,-1.396653,23.327136
10024.0000,-14.029972,-31.154817,-12.509015,36.385961
10025.0000,-15.923994,-20.927897,-20.955068,33.625367
10026.0000,-23.716986,-24.346547,-20.576950,39.732362
10027.0000,-28.768111,-18.664713,-25.527055,42.750512
10028.0000,-16.860034,-16.484087,-8.299388,24.997314
10029.0000,-18.637463,-23.258689,-11.848743,32.073577
10030.0000,-23.948442,-12.177186,-6.364240,27.610058
10031.0000,-29.993097,-18.465369,-10.061556,36.630461
10032.0000,-35.293672,-27.295438,-15.959023,47.385384
10033.0000,-20.208571,-22.484961,-2.793051,30.360516
10034.0000,-15.571963,-31.312197,7.067479,35.677569
10035.0000,-10.307706,-27.720726,8.241894,30.702057
10036.0000,-21.586343,-31.204640,10.380519,39.337704
10037.0000,-11.498812,-40.429991,-2.570134,42.111904
10038.0000,-14.666287,-23.752563,-4.634599,28.297769
10039.0000,-3.338104,-36.133886,-0.948149,36.300133
10040.0000,-13.487105,-27.704460,4.537793,31.145315
10041.0000,-17.690258,-36.258314,-13.429963,42.520283
10042.0000,-15.725670,-44.198746,-19.418065,50.772897
10043.0000,-20.755130,-41.574443,-5.867030,46.836223
10044.0000,-19.323003,-51.944718,-2.027324,55.459375
10045.0000,-25.890023,-39.636494,-15.191733,49.720556
10046.0000,-25.714643,-36.661920,6.358954,45.230250
10047.0000,-26.129477,-33.874188,1.365305,42.802736
10048.0000,-26.778962,-38.303549,7.205774,47.288454
10049.0000,-22.250738,-40.305551,1.627084,46.068212
10050.0000,-20.715007,-44.033499,1.954660,48.701964
10051.0000,-19.628461,-28.080250,8.730525,35.355325
10052.0000,-6.281128,-28.118062,5.720136,29.373422
10053.0000,-15.894445,-38.311277,2.658767,41.562680
10054.0000,-1.656091,-48.454540,-1.111493,48.495572
10055.0000,10.499215,-50.915904,-6.035774,52.336348
10056.0000,6.251170,-46.207964,-3.260186,46.742720
10057.0000,1.987810,-59.691448,-11.540969,60.829387
10058.0000,8.114389,-52.886148,-1.230275,53.519170
10059.0000,6.471750,-42.542610,5.313396,43.358844
10060.0000,14.235596,-40.726517,8.347503,43.942942
10061.0000,17.042389,-39.291018,12.107658,44.506433
10062.0000,9.998504,-35.670262,10.958639,38.631974
10063.0000,10.309194,-46.647560,1.856293,47.809206
10064.0000,9.101820,-51.536928,8.212783,52.974974
10065.0000,9.538510,-42.651589,2.886373,43.800370
10066.0000,20.613376,-41.259656,14.322587,48.295000
10067.0000,15.863558,-34.902679,1.811759,38.381401
10068.0000,15.695423,-25.237255,5.044436,30.144845
10069.0000,4.526527,-24.448175,-0.532565,24.869385
10070.0000,1.684284,-28.228419,11.486871,30.522593
10071.0000,12.762793,-35.042770,6.106144,37.791131
10072.0000,16.424003,-45.227673,-7.324205,48.671699
10073.0000,11.251392,-44.252439,-1.387852,45.681487
10074.0000,12.172172,-46.293434,1.623719,47.894470
10075.0000,13.752339,-41.380840,16.036650,46.461542
10076.0000,16.357795,-41.935302,3.608219,45.157129
10077.0000,17.035539,-29.887401,-3.596126,34.588993
10078.0000,11.016818,-26.806242,-8.725089,30.266683
10079.0000,14.276975,-24.494834,-11.657970,30.655133
10080.0000,23.065965,-36.038373,-10.483240,44.053393
10081.0000,23.875144,-33.688096,-22.074647,46.820939
10082.0000,27.500674,-36.766344,-3.839331,46.073763
10083.0000,8.972859,-34.376318,-1.942778,35.581145
10084.0000,12.312807,-32.880583,5.076410,35.475455
10085.0000,22.844968,-24.828206,21.565116,40.042311
10086.0000,22.609283,-23.826979,14.586974,35.940011
10087.0000,19.082691,-34.319608,5.562640,39.660151
10088.0000,17.171726,-21.719000,16.881619,32.427954
10089.0000,20.815069,-26.163491,17.312359,37.649876
10090.0000,21.296818,-10.875897,7.397944,25.031364
10091.0000,16.080871,-13.151163,6.299924,21.707984
10092.0000,14.013869,-10.475178,6.092119,18.526516
10093.0000,10.368995,-9.339207,11.391317,18.013854
10094.0000,5.259623,-17.541969,9.935729,20.835139
10095.0000,-2.159920,-12.823882,9.032232,15.833459
10096.0000,23.007480,-23.332303,1.080873,32.785802
10097.0000,10.111644,-16.204002,-3.524709,19.422631
10098.0000,20.583399,-16.707445,0.341094,26.512852
10099.0000,21.151810,-17.225478,-8.857090,28.680380
10100.0000,12.041851,-7.045683,-0.488539,13.960175
10101.0000,20.836757,5.422361,-14.193879,25.788343
10102.0000,19.017835,4.364568,-7.757135,20.997634
10103.0000,24.470756,1.643756,-12.407241,27.485623
10104.0000,16.034695,9.580303,-9.173359,20.809713
10105.0000,22.907141,17.224635,-12.297145,31.187256
10106.0000,18.000378,14.802437,-11.755314,26.101976
10107.0000,29.108932,12.039396,-15.287118,35.013897
10108.0000,27.305552,3.503324,-25.527253,37.543403
10109.0000,30.500398,0.416538,-29.599484,42.503849
10110.0000,28.321273,2.079255,-28.347195,40.124572
10111.0000,30.928292,-2.445000,-27.052327,41.162673
10112.0000,22.981468,3.187863,-20.595412,31.023883
10113.0000,20.431043,11.183717,-19.114621,30.130911
10114.0000,21.536120,2.563778,-26.807424,34.482103
10115.0000,35.473149,-1.125744,-21.051624,41.264784
10116.0000,39.326941,-4.458619,-25.097310,46.865366
10117.0000,29.148009,-3.998665,-30.891851,42.660312
10118.0000,34.401320,-0.984999,-16.332776,38.094365
10119.0000,33.084705,-4.686698,-4.171530,33.674389
10120.0000,23.791439,-6.425339,-15.093067,28.898412
10121.0000,36.619974,10.201447,-10.987263,39.570342
10122.0000,15.473927,-4.753241,-11.227159,19.699869
10123.0000,19.035094,7.262289,-8.399325,22.036885
10124.0000,22.567426,5.369919,-13.470086,26.824764
10125.0000,12.645568,10.305962,2.142025,16.453313
10126.0000,15.474703,11.397374,-2.797863,19.421499
10127.0000,16.695119,1.073393,-11.938540,20.552564
10128.0000,28.120082,-5.575164,-10.963816,30.692454
10129.0000,27.421440,0.065608,0.737654,27.431439
10130.0000,22.323699,3.569038,9.671421,24.589062
10131.0000,16.455643,11.999967,6.388887,21.344912
10132.0000,14.832976,1.254417,-1.065980,14.924043
10133.0000,15.975663,-1.454585,17.848476,23.998035
10134.0000,19.701524,-5.687578,9.821556,22.736788
10135.0000,19.428874,-4.375204,8.130488,21.511123
10136.0000,18.664642,-4.542448,7.288615,20.545720
10137.0000,19.854471,1.531083,12.455285,23.487834
10138.0000,11.422942,12.223232,9.592835,19.285059
10139.0000,2.226460,0.155800,15.148602,15.312137
10140.0000,18.017944,0.609821,22.723763,29.006682
10141.0000,16.344142,-0.765971,29.769661,33.969846
10142.0000,26.311211,-2.334614,19.787561,33.004209
10143.0000,31.477581,-12.941598,32.825088,47.284347
10144.0000,15.685039,-17.253039,30.819792,38.646441
10145.0000,13.514706,-11.267999,32.890062,37.301089
10146.0000,23.254663,-2.379155,33.480116,40.833294
10147.0000,14.742346,-3.355177,34.335145,37.516611
10148.0000,13.563677,-0.327874,36.911722,39.326277
10149.0000,21.399081,-0.864282,34.823438,40.882019
10150.0000,-0.936120,0.225527,16.031096,16.059989
10151.0000,3.570033,-3.132899,24.202051,24.663728
10152.0000,-2.160082,4.167992,32.470281,32.807884
10153.0000,4.734443,11.566755,22.743786,25.951582
10154.0000,-3.758774,10.357351,12.018747,16.305011
10155.0000,6.113765,5.941182,8.326991,11.916985
10156.0000,3.729944,8.165904,5.420891,10.487161
10157.0000,11.817195,-6.275573,14.369852,19.634703
10158.0000,3.586010,5.575486,16.556943,17.834738
10159.0000,-1.841364,-1.594623,20.926238,21.067531
10160.0000,3.835911,6.546701,23.898396,25.074028
10161.0000,3.232539,11.547034,19.211060,22.646150
10162.0000,4.577269,12.034836,18.803790,22.789717
10163.0000,3.216020,6.981032,19.311447,20.784840
10164.0000,4.765922,15.889442,19.943656,25.941045
10165.0000,1.629041,10.519648,34.860926,36.449979
10166.0000,7.603107,13.537623,22.229525,27.115056
10167.0000,-8.529634,17.076932,26.161552,32.385229
10168.0000,-1.039394,12.227192,13.365076,18.144140
10169.0000,-8.126687,22.802154,24.144517,34.189749
10170.0000,1.029129,22.903288,27.585963,35.869277
10171.0000,1.755396,26.863756,23.200428,35.538748
10172.0000,-19.424911,22.363054,33.240734,44.523923
10173.0000,-15.011515,20.964071,34.410976,42.999454
10174.0000,-5.467648,8.410865,34.014536,35.463030
10175.0000,-12.840153,5.251356,22.677243,26.583898
10176.0000,-4.200670,4.705153,32.580473,33.185409
10177.0000,-3.659224,8.582954,23.420489,25.210639
10178.0000,16.129052,9.727419,25.301265,31.542400
10179.0000,8.437443,8.793178,22.911676,25.951018
10180.0000,9.520415,12.483523,26.775427,31.038687
10181.0000,18.447143,24.042977,27.930583,41.212611
10182.0000,13.235578,36.418808,31.788324,50.119932
10183.0000,13.622043,30.236619,32.973545,46.766097
10184.0000,5.669060,28.334181,14.770911,32.452178
10185.0000,10.189257,34.771203,13.928007,38.818126
10186.0000,11.425517,32.251583,28.416586,44.477066
10187.0000,10.369815,25.628028,24.223206,36.757211
10188.0000,12.639794,24.194633,20.462515,34.115380
10189.0000,5.957215,30.503393,16.810198,35.334518
10190.0000,-1.279690,26.858341,23.946234,36.005975
10191.0000,5.835637,27.647723,13.721966,31.412475
10192.0000,1.934376,31.107777,11.436442,33.199817
10193.0000,0.695923,26.884624,21.132632,34.203150
10194.0000,-0.842937,23.877606,13.831220,27.607123
10195.0000,-7.629267,25.118669,1.207856,26.279501
10196.0000,6.089485,24.956655,10.474170,27.742110
10197.0000,1.664701,21.843191,8.129621,23.366364
10198.0000,-3.504022,14.902635,13.810047,20.617568
10199.0000,-10.407593,19.030795,18.305719,28.382891
10200.0000,-6.499951,16.607821,12.434591,21.741392
10201.0000,-9.668018,29.156943,9.498549,32.153076
10202.0000,-4.733310,28.963987,22.470767,36.962848
10203.0000,-2.979627,27.614907,19.646925,34.021507
10204.0000,-18.159521,24.508541,15.119246,34.044506
10205.0000,-25.927031,11.136600,21.086454,35.226032
10206.0000,-26.327832,18.794344,18.612239,37.320203
10207.0000,-24.195293,20.784501,21.222720,38.312029
10208.0000,-17.227139,18.050302,19.098731,31.422114
10209.0000,-22.013180,13.063950,22.795338,34.276440
10210.0000,-15.664344,23.548343,21.393345,35.462252
10211.0000,-20.621329,24.198253,22.187684,38.769678
10212.0000,-34.755844,30.983142,11.608794,47.986330
10213.0000,-26.396159,32.276637,5.401751,42.044232
10214.0000,-28.444626,25.604934,9.604198,39.458206
10215.0000,-23.124204,15.823713,11.414640,30.255788
10216.0000,-32.486955,26.777815,2.425810,42.170347
10217.0000,-28.218985,29.226827,4.570525,40.882860
10218.0000,-30.445694,11.842156,11.736475,34.711984
10219.0000,-30.873165,13.504483,11.994739,35.768662
10220.0000,-27.597753,8.999684,15.750105,33.025688
10221.0000,-24.507105,9.650683,22.672978,34.753385
10222.0000,-15.024259,8.188804,19.489693,25.935169
10223.0000,-23.862632,9.495950,31.056582,40.300243
10224.0000,-6.901261,14.347593,29.229250,33.284078
10225.0000,-29.225829,8.890496,15.376791,34.199938
10226.0000,-23.231328,9.521360,17.176781,30.420268
10227.0000,-10.551242,13.524044,16.565995,23.846607
10228.0000,-11.855272,2.234677,20.265583,23.584637
10229.0000,-11.443521,1.619929,14.302806,18.388817
10230.0000,0.400060,0.189759,10.131290,10.140961
10231.0000,-3.613396,-7.475068,19.393134,21.095661
10232.0000,-12.405350,-11.124052,7.164207,18.137340
10233.0000,-7.200966,-14.758497,6.702582,17.736734
10234.0000,-26.358969,-17.578243,5.715356,32.194024
10235.0000,-34.086498,-15.208125,14.121321,39.907244
10236.0000,-31.475014,-19.533275,4.945317,37.372203
10237.0000,-22.867475,-11.845856,8.584142,27.146514
10238.0000,-13.758422,-6.151735,0.826414,15.093740
10239.0000,-14.367496,-14.774740,4.239487,21.040226
10240.0000,-16.540002,-10.145951,11.110351,22.359604
10241.0000,-16.326237,-5.098538,-1.178696,17.144399
10242.0000,-12.645036,1.913474,13.534283,18.620825
10243.0000,-13.073377,-8.772722,9.137617,18.203568
10244.0000,-7.504883,-6.161440,12.861833,16.115624
10245.0000,-17.414720,-13.719633,16.457839,27.610890
10246.0000,-3.328992,0.640211,17.375607,17.703214
10247.0000,-16.722899,3.141521,14.233793,22.183898
10248.0000,-3.640566,13.604267,21.200808,25.451995
10249.0000,0.460340,0.736211,19.837914,19.856907
10250.0000,-1.496408,4.246003,17.672044,18.236473
10251.0000,8.744549,0.071155,-0.926972,8.793832
10252.0000,9.228005,11.539447,8.716932,17.155169
10253.0000,1.856287,-3.627060,8.423864,9.357502
10254.0000,3.998493,-5.782686,15.113280,16.668492
10255.0000,0.166753,3.536550,9.546386,10.181772
10256.0000,9.239031,6.088529,11.843765,16.208166
10257.0000,2.351713,7.013414,5.378561,9.145898
10258.0000,-2.782607,9.749670,-1.014553,10.189617
10259.0000,2.093758,6.888966,0.641421,7.228630
10260.0000,1.911606,0.783253,-4.789138,5.215704
10261.0000,9.230949,10.872783,9.459090,17.114386
10262.0000,0.803185,15.267248,12.924730,20.019556
10263.0000,-0.867090,26.932898,-4.883696,27.385824
10264.0000,-10.377491,22.317818,-0.043618,24.612583
10265.0000,-13.879935,31.635350,-0.192437,34.546852
10266.0000,-6.816126,31.667680,1.531517,32.429109
10267.0000,-11.226626,29.637959,2.754633,31.812478
10268.0000,-9.357929,22.457661,5.860195,25.025172
10269.0000,-18.295707,15.644408,0.340715,24.074810
10270.0000,-17.222588,11.779358,10.694925,23.446796
10271.0000,-24.135806,15.099751,-0.875638,28.483440
10272.0000,-23.305803,9.563127,-1.996571,25.270539
10273.0000,-21.495346,10.842403,-6.628715,24.970933
10274.0000,-19.937558,11.350467,-1.616352,22.998954
10275.0000,-35.276457,17.672994,-5.614144,39.853252
10276.0000,-19.829437,3.892312,-14.222460,24.711030
10277.0000,-31.863992,9.535534,-20.852908,39.256645
10278.0000,-29.282937,-2.651511,-20.878674,36.061613
10279.0000,-42.019676,0.192260,-20.726426,46.853760
10280.0000,-34.416124,-5.612012,-21.844166,41.147684
10281.0000,-34.589481,3.666588,-18.828927,39.552555
10282.0000,-21.685726,-6.653856,-8.938293,24.381091
10283.0000,-19.409991,-7.446806,-19.246328,28.330616
10284.0000,-20.129375,-15.112443,-10.916332,27.436180
10285.0000,-14.024302,-15.566878,-8.305125,22.538497
10286.0000,-7.230677,-14.064587,-6.500525,17.098307
10287.0000,-3.346596,-11.062409,-10.405660,15.551667
10288.0000,6.763829,-15.903364,-8.924023,19.450053
10289.0000,-0.995192,-0.931204,-4.743877,4.935779
10290.0000,-5.167563,-10.949334,-12.323571,17.276053
10291.0000,-13.318684,-6.318689,-13.692121,20.119328
10292.0000,-0.548417,-9.745292,-7.801621,12.495469
10293.0000,-1.444175,-2.585439,-2.113127,3.638055
10294.0000,1.827988,-5.763133,3.259587,6.868780
10295.0000,7.363345,-7.281709,7.256375,12.645043
10296.0000,8.952070,-3.015731,4.450906,10.442449
10297.0000,-2.618976,-1.907908,8.305164,8.914870
10298.0000,14.095568,-6.147791,11.467944,19.183172
10299.0000,-7.805018,-5.710474,-0.792991,9.703435
10300.0000,-14.914335,6.777938,19.903831,25.778680
10301.0000,-15.924708,5.866777,11.357216,20.420621
10302.0000,-5.160152,-0.079983,23.596666,24.154425
10303.0000,4.149305,-2.384862,10.382684,11.432603
10304.0000,8.165937,-9.170375,16.243291,20.362289
10305.0000,6.201914,-12.296825,9.017478,16.461791
10306.0000,2.869411,-5.852807,12.062917,13.711412
10307.0000,3.385057,-11.072300,13.473753,17.765035
10308.0000,-7.454511,-12.480587,21.603662,26.039450
10309.0000,-3.168396,-7.425419,13.378280,15.625427
10310.0000,-2.600993,-5.946814,13.750123,15.205119
10311.0000,-10.687048,-6.021380,19.998732,23.461017
10312.0000,-15.542605,3.198067,20.553439,25.966210
10313.0000,-11.713239,0.476558,14.567062,18.698298
10314.0000,-7.506011,-4.310089,18.836553,20.729997
10315.0000,-3.515128,-4.252208,16.881027,17.759686
10316.0000,6.304143,-3.143951,19.715131,20.935927
10317.0000,10.533089,-10.132007,19.572447,24.427120
10318.0000,0.872285,-14.094993,27.514502,30.926971
10319.0000,-7.298186,-18.816749,12.898072,23.951906
10320.0000,0.166065,-19.875715,13.395925,23.969198
10321.0000,-6.243355,-40.813208,15.844788,44.223915
10322.0000,-12.503364,-28.604852,15.810782,34.993606
10323.0000,-8.990161,-28.779006,18.967821,35.620674
10324.0000,1.198483,-24.703725,23.869873,34.372682
10325.0000,0.868570,-14.584283,22.062534,26.461503
10326.0000,1.837780,-20.932045,25.761814,33.244534
10327.0000,4.575845,-22.543786,22.284201,32.027273
10328.0000,-4.743979,-25.502193,5.608115,26.538993
10329.0000,2.966530,-25.301761,0.470772,25.479424
10330.0000,0.030293,-18.255367,0.358895,18.258920
10331.0000,26.077364,-22.305524,0.353248,34.317489
10332.0000,12.392152,-12.371791,0.986658,17.538533
10333.0000,11.560546,-23.658680,4.085445,26.647143
10334.0000,3.242537,-14.889610,9.324528,17.865088
10335.0000,7.793212,-15.958729,18.649429,25.752988
10336.0000,7.704606,-18.375927,15.461247,25.220742
10337.0000,11.560157,-20.677091,17.283506,29.324033
10338.0000,15.245537,-15.357046,14.132928,25.845790
10339.0000,13.966677,-21.586873,18.618287,31.744318
10340.0000,18.958972,-30.351492,18.014680,40.064752
10341.0000,10.163274,-26.134515,8.577423,29.323663
10342.0000,16.006341,-15.002335,-4.930085,22.485078
10343.0000,16.413911,-24.503315,20.258681,35.780485
10344.0000,21.513194,-21.508773,2.683042,30.539213
10345.0000,15.935560,-20.055917,15.331751,29.853718
10346.0000,16.762800,-13.180354,24.711329,32.639899
10347.0000,21.195952,-18.673232,22.838907,36.325936
10348.0000,10.370405,-22.126544,10.286862,26.513181
10349.0000,26.516224,-27.076221,12.762114,39.988792
10350.0000,22.365738,-33.502003,4.815997,40.568513
10351.0000,18.041141,-27.330611,15.573348,36.262573
10352.0000,23.883444,-33.995503,4.539896,41.793825
10353.0000,21.188462,-28.788405,7.713110,36.567954
10354.0000,22.895624,-21.389500,15.805558,35.093246
10355.0000,10.845895,-25.759467,8.423126,29.191311
10356.0000,11.304317,-29.406796,1.760909,31.553891
10357.0000,13.068665,-16.317318,6.728665,21.961780
10358.0000,13.279285,-16.918488,6.661065,22.515427
10359.0000,22.254647,-28.200098,3.613205,36.104988
10360.0000,21.428699,-31.983865,-8.977178,39.531588
10361.0000,16.571828,-31.292536,-9.021072,36.540772
10362.0000,20.694419,-34.089497,-18.041166,43.770269
10363.0000,13.992136,-34.792536,-12.654636,39.578280
10364.0000,9.865434,-36.550418,-1.316952,37.881317
10365.0000,23.365316,-51.873134,-0.462594,56.894411
10366.0000,15.875673,-46.682469,-1.660207,49.336054
10367.0000,20.467338,-43.557488,-1.112555,48.139428
10368.0000,31.208874,-53.078315,-5.816413,61.847652
10369.0000,21.135788,-38.378877,-2.957242,43.913609
10370.0000,22.631329,-37.736264,-9.416643,44.998620
10371.0000,15.519510,-43.756087,-16.409164,49.241355
10372.0000,16.558017,-36.780021,-5.407795,40.696218
10373.0000,24.978873,-31.047759,0.918897,39.859150
10374.0000,12.498907,-29.963522,-11.656955,34.495216
10375.0000,21.627488,-30.209958,-7.507407,37.904498
10376.0000,12.339931,-28.455681,-12.350654,33.384702
10377.0000,4.031156,-17.009781,-7.582756,19.054685
10378.0000,-7.327169,-15.400809,-0.367577,17.058940
10379.0000,-15.723935,-31.307703,4.149333,35.279334
10380.0000,1.520944,-28.429817,16.845833,33.080959
10381.0000,5.300713,-22.814479,9.399439,25.237818
10382.0000,20.014457,-20.259790,13.744679,31.622046
10383.0000,13.980630,-18.132613,23.133764,32.548744
10384.0000,11.888960,-16.307972,20.593060,28.833512
10385.0000,0.909963,-21.572033,35.362625,41.433029
10386.0000,-4.945667,-19.278688,17.979392,26.821371
10387.0000,1.537601,-17.663259,16.379258,24.137834
10388.0000,-3.947547,-23.190205,-4.542788,23.958416
10389.0000,11.796664,-33.105526,-2.358748,35.223583
10390.0000,1.540157,-23.862092,1.542044,23.961415
10391.0000,-0.672128,-19.281869,8.797277,21.204582
10392.0000,0.342627,-37.104815,8.290536,38.021280
10393.0000,1.041307,-36.547051,9.894209,37.876994
10394.0000,-4.796058,-36.808548,9.715414,38.370049
10395.0000,-12.570326,-44.323005,17.549993,49.300549
10396.0000,-4.552021,-54.116461,15.744639,56.543840
10397.0000,-4.806902,-55.646567,19.745789,59.241395
10398.0000,6.184241,-47.126147,9.902931,48.550866
10399.0000,24.762520,-46.224586,13.227528,54.081996
10400.0000,17.365876,-49.304604,17.142223,55.012484
10401.0000,5.824667,-46.789138,9.604599,48.118588
10402.0000,2.860739,-27.129088,8.339513,28.525755
10403.0000,-1.123886,-45.113512,-2.014114,45.172434
10404.0000,6.685551,-42.026741,3.558188,42.703680
10405.0000,10.970868,-25.030600,4.345338,27.672601
10406.0000,14.725065,-34.003604,5.392356,37.445296
10407.0000,31.506917,-32.919787,3.770586,45.723250
10408.0000,14.627926,-38.711551,6.724910,41.925944
10409.0000,12.377087,-34.522535,4.528589,36.952751
10410.0000,3.423857,-38.802179,-3.170550,39.081764
10411.0000,6.933022,-32.903252,-2.934192,33.753522
10412.0000,8.153872,-27.638694,-3.359677,29.011557
10413.0000,9.511839,-38.626969,-1.293255,39.801888
10414.0000,-0.590219,-35.587939,3.542772,35.768715
10415.0000,8.545541,-37.678245,4.807774,38.933162
10416.0000,3.560218,-33.498379,4.089157,33.934315
10417.0000,2.048097,-43.560155,-2.047234,43.656305
10418.0000,0.597686,-32.742637,7.753347,33.653408
10419.0000,-0.877877,-29.427453,4.793131,29.828171
10420.0000,5.218807,-21.130689,5.929031,22.558709
10421.0000,8.896988,-10.095293,-7.529841,15.419788
10422.0000,7.348077,-9.243388,-0.375389,11.814202
10423.0000,5.887865,-20.759529,-8.873079,23.331450
10424.0000,8.100203,-41.040720,-1.337185,41.853817
10425.0000,10.990620,-27.142853,-0.465739,29.287286
10426.0000,25.262289,-29.523062,-6.685750,39.427068
10427.0000,20.070807,-28.983344,0.673041,35.260807
10428.0000,19.021426,-23.053036,-0.149963,29.887783
10429.0000,23.366465,-24.179904,-10.198191,35.137765
10430.0000,14.629401,-21.397618,-7.330759,26.937287
10431.0000,20.385662,-14.123798,-12.686995,27.857077
10432.0000,8.969537,-11.067208,-3.180170,14.596203
10433.0000,11.571801,-14.970058,-2.017704,19.028408
10434.0000,8.130259,-14.227992,7.319238,17.947371
10435.0000,16.062039,-27.147732,-6.042504,32.116978
10436.0000,19.901811,-22.228985,2.164695,29.914808
10437.0000,21.315245,-23.988192,3.139212,32.243258
10438.0000,21.293094,-25.709418,9.684102,34.758479
10439.0000,22.028491,-26.782127,8.608137,35.730054
10440.0000,22.314154,-23.126303,16.443825,36.099124
10441.0000,-4.202140,-27.335474,14.124251,31.054478
10442.0000,13.229042,-21.183063,11.315980,27.418627
10443.0000,13.646965,-31.579768,-1.010545,34.417185
10444.0000,16.817951,-30.126812,11.294089,36.304610
10445.0000,7.937342,-30.498637,5.066507,31.919238
10446.0000,1.131261,-14.327688,13.080471,19.433505
10447.0000,0.736276,-17.352009,7.485120,18.911936
10448.0000,-5.255295,-15.085300,15.082838,21.969897
10449.0000,-10.610699,-11.792998,25.040767,29.642904
10450.0000,6.041585,-18.414524,18.734820,26.955314
10451.0000,8.652957,-13.763875,21.107085,26.642578
10452.0000,11.753961,-5.150897,9.772526,16.130394
10453.0000,8.077727,-8.270293,25.778678,28.252215
10454.0000,15.341242,-9.312678,15.889989,23.970219
10455.0000,17.933690,-8.820322,19.380522,27.839180
10456.0000,14.374753,-17.114926,15.125870,26.987889
10457.0000,16.981618,-25.946094,16.600842,35.173329
10458.0000,16.768503,-7.163670,12.731204,22.239254
10459.0000,10.920547,-17.332104,15.717953,25.820809
10460.0000,10.449880,-9.282548,14.218944,19.938507
10461.0000,16.567228,-6.866355,19.189543,26.265156
10462.0000,16.863389,-7.183584,15.501391,24.005643
10463.0000,14.930416,2.202855,23.168123,27.650169
10464.0000,25.982435,-6.307413,28.296916,38.930526
10465.0000,21.221461,-7.013274,24.497904,33.161479
10466.0000,30.171803,3.524177,35.006622,46.348906
10467.0000,31.497807,-0.561669,25.468255,40.509991
10468.0000,28.027190,-11.521096,22.504991,37.745644
10469.0000,12.654027,-5.269762,30.212050,33.176238
10470.0000,13.095791,-2.450496,29.530226,32.396588
10471.0000,18.632896,-0.834626,23.237366,29.796923
10472.0000,19.644361,-6.061699,17.065797,26.718655
10473.0000,23.430675,-5.941467,15.121747,28.512537
10474.0000,20.710568,-2.822081,5.313171,21.566677
10475.0000,31.487502,9.499420,15.349938,36.294936
10476.0000,39.300560,15.511419,14.959645,44.821079
10477.0000,36.978583,12.527293,16.174636,42.260708
10478.0000,28.496402,13.734411,13.869201,34.540320
10479.0000,19.530201,17.505400,12.962079,29.255482
10480.0000,20.461236,25.085142,7.028002,33.125811
10481.0000,20.741754,22.354093,13.532842,33.362609
10482.0000,22.565012,19.352299,22.590155,37.336395
10483.0000,33.827173,25.324938,10.622822,43.571487
10484.0000,45.257784,17.550746,3.417465,48.661841
10485.0000,45.823406,19.705820,11.511086,51.191884
10486.0000,37.016516,8.653401,4.595009,38.291225
10487.0000,36.761869,-9.698392,7.419658,38.736871
10488.0000,25.633410,-8.603543,11.472165,29.371810
10489.0000,30.213816,-13.303789,13.135100,35.530217
10490.0000,25.408897,-11.371934,11.433988,30.094335
10491.0000,30.646158,-11.913463,22.899895,40.068975
10492.0000,24.531976,-12.720123,14.584882,31.246411
10493.0000,29.644064,-13.815950,13.802722,35.498819
10494.0000,20.485775,-0.862906,9.013486,22.397645
10495.0000,26.967063,0.943616,7.402868,27.980624
10496.0000,18.731944,-1.045398,7.685933,20.274421
10497.0000,29.325393,1.388932,2.822613,29.493643
10498.0000,30.303547,-5.596472,-10.406407,32.525663
10499.0000,37.657924,1.149152,5.266470,38.041759
10500.0000,32.298476,17.956261,-2.461755,37.036186
10501.0000,21.357666,17.551923,-1.892847,27.709254
10502.0000,33.953941,15.059634,-16.935157,40.822325
10503.0000,6.493835,13.986538,-7.227641,17.030324
10504.0000,23.479271,14.496916,-10.236228,29.431566
10505.0000,24.796334,2.942200,-14.656602,28.953941
10506.0000,16.457719,5.462440,-3.999162,17.795732
10507.0000,14.547317,6.794611,-1.601512,16.135551
10508.0000,10.843143,6.021010,-2.830749,12.721614
10509.0000,3.602306,6.083653,6.911320,9.887052
10510.0000,2.079485,10.980570,-1.261650,11.246730
10511.0000,9.255004,14.789771,-6.609696,18.656916
10512.0000,17.897686,19.699979,4.649040,27.019066
10513.0000,14.623805,19.263975,-2.613358,24.326653
10514.0000,1.667140,17.524541,-8.091046,19.374053
10515.0000,13.295360,9.598394,-6.360560,17.588419
10516.0000,3.452940,6.835629,-16.871433,18.528191
10517.0000,11.928497,7.247794,-13.116534,19.153669
10518.0000,13.544861,2.236247,-11.462082,17.884166
10519.0000,15.479761,15.411377,-27.745810,35.312371
10520.0000,23.544531,19.390975,-19.549766,36.229108
10521.0000,20.856403,7.314536,-16.313753,27.470540
10522.0000,22.082393,9.551571,-15.158826,28.436853
10523.0000,20.009080,3.379017,-4.072696,20.697050
10524.0000,19.727663,6.788479,9.360367,22.866582
10525.0000,20.250493,9.624352,-1.119352,22.449133
10526.0000,19.487705,8.395109,-0.983182,21.241826
10527.0000,31.601471,-6.304079,14.429153,35.307150
10528.0000,36.049289,-2.162142,-1.584223,36.148802
10529.0000,33.177460,-4.234349,1.712386,33.490385
10530.0000,30.577981,7.152770,-1.760305,31.452721
10531.0000,28.666237,5.098132,-0.754654,29.125824
10532.0000,28.891312,-2.447750,-3.951462,29.262833
10533.0000,26.721784,-1.190702,5.701832,27.349267
10534.0000,33.672471,-1.023548,3.505502,33.869920
10535.0000,31.742339,-8.554345,4.716737,33.211452
10536.0000,32.984598,-10.879077,-1.628079,34.770515
10537.0000,45.383613,-10.659468,3.743119,46.768660
10538.0000,41.033899,3.747860,-1.147297,41.220669
10539.0000,45.312141,0.133372,5.818334,45.684362
10540.0000,44.660635,-10.016821,6.467813,46.224902
10541.0000,44.113661,-2.830915,-6.266051,44.646305
10542.0000,43.024669,-3.086432,-9.593354,44.189146
10543.0000,44.343469,-5.083317,-10.892496,45.943768
10544.0000,34.863196,-3.527734,-10.978969,36.720909
10545.0000,33.116032,7.229046,-7.226951,34.657748
10546.0000,28.944908,-3.818067,-5.487122,29.706798
10547.0000,21.407424,7.417258,3.131487,22.871374
10548.0000,12.375467,5.882650,13.114593,18.967085
10549.0000,21.487064,17.317381,26.438631,38.217625
10550.0000,26.836648,12.172296,16.839020,33.939993
10551.0000,17.164556,6.431944,28.608013,33.976614
10552.0000,5.879394,-10.661060,21.308967,24.541751
10553.0000,8.636018,2.025869,23.455002,25.076325
10554.0000,23.079234,15.321998,25.056198,37.352747
10555.0000,16.482369,7.914587,17.237237,25.128301
10556.0000,32.476410,6.146592,27.184750,42.796126
10557.0000,34.952947,8.827537,27.420324,45.293577
10558.0000,35.649062,16.256924,18.662360,43.398467
10559.0000,39.159463,23.979766,25.236692,52.396406
10560.0000,26.494069,8.386202,25.750787,37.886239
10561.0000,28.090171,-0.925321,22.580443,36.052605
10562.0000,22.622412,2.072224,21.529296,31.298214
10563.0000,21.452827,0.991361,27.783630,35.116046
10564.0000,37.337016,-1.342937,24.642350,44.756023
10565.0000,38.143040,-24.995941,17.310431,48.778474
10566.0000,35.456713,-10.128688,8.821075,37.915435
10567.0000,32.853392,-7.003359,8.983943,34.772168
10568.0000,45.139816,-13.279919,2.831414,47.137842
10569.0000,36.018713,-15.937436,2.969878,39.498984
10570.0000,27.959850,-15.117328,13.372122,34.483336
10571.0000,36.722256,-10.970782,10.621956,39.770694
10572.0000,50.695361,-18.453026,9.194111,54.727192
10573.0000,35.498606,-21.790914,17.850518,45.317060
10574.0000,32.607657,-20.949152,5.742811,39.180431
10575.0000,23.710099,-12.169073,9.183829,28.188612
10576.0000,26.215118,-21.645171,9.761639,35.369979
10577.0000,24.049084,-17.355528,15.401787,33.418376
10578.0000,20.181067,-9.371991,7.810694,23.582125
10579.0000,23.951028,-16.973726,7.734940,30.357675
10580.0000,25.089759,-13.553630,-3.778155,28.765801
10581.0000,10.380321,-10.002622,-7.218705,16.121824
10582.0000,23.402347,-4.675556,-5.542807,24.500069
10583.0000,12.511777,-11.156004,-5.000960,17.493158
10584.0000,14.927609,-12.555728,8.933227,21.454192
10585.0000,7.675707,-20.293827,11.877923,24.735419
10586.0000,3.746692,-16.716588,-2.336137,17.289868
10587.0000,9.749283,-18.841221,-6.697855,22.246379
10588.0000,10.918400,-1.954597,-0.372923,11.098243
10589.0000,1.655852,1.925240,-7.680112,8.089037
10590.0000,6.906759,5.465114,1.051991,8.870033
10591.0000,-1.113311,5.974183,16.375462,17.466713
10592.0000,-2.042742,3.570787,6.049392,7.315631
10593.0000,6.310216,2.720132,-7.151218,9.917553
10594.0000,0.449092,1.057048,11.858417,11.913903
10595.0000,2.459105,-0.319540,3.404354,4.211761
10596.0000,10.721500,2.496903,3.662857,11.601793
10597.0000,1.991957,8.768094,5.636377,10.612074
10598.0000,-13.634413,-0.104153,12.874916,18.752907
10599.0000,-5.332068,0.565975,14.802179,15.743436
10600.0000,-9.852945,-2.683792,22.687826,24.880127
10601.0000,-14.988832,-2.463766,2.247107,15.355283
10602.0000,-4.192036,-6.785298,21.848101,23.258395
10603.0000,7.325657,-5.025094,13.144585,15.864959
10604.0000,5.149085,2.566300,9.685883,11.265669
10605.0000,9.390426,-7.905532,5.537235,13.466199
10606.0000,17.797868,-6.141547,-3.217777,19.100702
10607.0000,17.617472,15.145989,7.683252,24.470568
10608.0000,2.665897,9.018783,10.655161,14.211894
10609.0000,-1.361004,-4.776908,16.889356,17.604588
10610.0000,-4.176630,-8.391036,22.000348,23.913784
10611.0000,3.674983,-10.857698,18.611562,21.858301
10612.0000,8.337129,-13.208178,23.634439,28.329320
10613.0000,13.568363,-9.718894,13.902377,21.721728
10614.0000,15.568407,-8.573823,20.634580,27.233649
10615.0000,15.163879,0.304708,8.621891,17.446291
10616.0000,16.767428,-11.281851,15.015895,25.177448
10617.0000,15.843195,-5.882767,9.515310,19.394713
10618.0000,13.493034,-7.596743,7.929158,17.396667
10619.0000,12.163637,-14.245894,5.817100,19.614745
10620.0000,8.364261,-4.880708,17.674934,20.154044
10621.0000,11.599047,-16.605252,9.215737,22.253136
10622.0000,7.885474,-17.639542,-3.841306,19.699994
10623.0000,7.213463,-22.533227,-0.348320,23.662242
10624.0000,3.980249,-25.340939,-11.088840,27.945804
10625.0000,6.179800,-25.019255,-10.430101,27.801800
10626.0000,9.424000,-31.779807,-11.015616,34.930097
10627.0000,1.007970,-30.786867,-5.236144,31.245230
10628.0000,8.960049,-28.156806,-5.993066,30.149710
10629.0000,0.248045,-16.045257,-6.655333,17.372543
10630.0000,11.160838,-20.083842,-5.645962,23.660133
10631.0000,7.062711,-19.380742,-12.100453,23.914766
10632.0000,6.833160,-15.339731,-4.364411,17.350720
10633.0000,-3.934039,-16.744453,-5.825335,18.160064
10634.0000,5.205602,-26.483476,-0.192107,26.990919
10635.0000,-1.341367,-14.930771,-13.489860,20.166892
10636.0000,2.953888,-25.479688,-15.739173,30.094211
10637.0000,4.372322,-17.579043,-20.070703,27.036514
10638.0000,3.825098,-25.405978,-8.542839,27.075361
10639.0000,13.396114,-20.501220,-13.924897,28.171948
10640.0000,19.408783,-21.813914,-11.015100,31.207053
10641.0000,13.867481,-30.731870,1.962257,33.772849
10642.0000,15.682100,-34.385011,-1.720904,37.831452
10643.0000,16.065173,-42.121544,-9.084046,45.987326
10644.0000,-5.078425,-25.470561,-16.395212,30.713887
10645.0000,14.009940,-36.552104,-8.721909,40.104943
10646.0000,7.512871,-30.461423,-8.876332,32.605686
10647.0000,-2.670282,-26.293937,-15.138674,30.457856
10648.0000,-1.906157,-13.771842,-13.963721,19.704887
10649.0000,-2.198740,-26.226896,-19.784159,32.925636
10650.0000,-1.686980,-28.220901,-9.968431,29.977238
10651.0000,1.283169,-31.215194,-6.829700,31.979363
10652.0000,13.243898,-27.405082,5.696589,30.965957
10653.0000,4.757518,-29.172479,-7.533666,30.502846
10654.0000,7.205081,-22.563076,-4.918796,24.190910
10655.0000,7.627793,-24.401751,-12.624844,28.513424
10656.0000,-1.342847,-26.179256,-21.833399,34.115305
10657.0000,10.102817,-33.449734,-19.634970,40.080964
10658.0000,2.360231,-28.960435,-22.345630,36.655213
10659.0000,6.011382,-33.292716,-24.016640,41.489043
10660.0000,8.299734,-44.457063,-13.661100,47.243430
10661.0000,4.861578,-50.969957,-9.306631,52.040223
10662.0000,-0.327368,-47.589124,-16.581773,50.396301
10663.0000,2.397981,-43.765841,-7.079378,44.399513
10664.0000,8.887337,-48.059372,-19.906604,52.772729
10665.0000,2.776706,-49.371630,-22.956748,54.518622
10666.0000,15.766285,-54.291167,-23.151544,61.090921
10667.0000,15.525553,-53.741134,-14.314178,57.741216
10668.0000,0.496342,-54.810197,-7.772528,55.360782
10669.0000,16.190682,-52.234291,-20.285326,58.327128
10670.0000,26.603932,-41.636024,-12.854118,51.054442
10671.0000,7.250632,-51.211927,-26.216261,57.987287
10672.0000,8.836034,-57.832630,-18.587512,61.385537
10673.0000,-5.398510,-41.920329,-25.151348,49.183821
10674.0000,8.803708,-47.176980,-20.962083,52.369664
10675.0000,7.913845,-43.271453,-21.424875,48.929264
10676.0000,0.360177,-47.080915,-10.162511,48.166574
10677.0000,-0.614350,-35.384642,-6.270490,35.941193
10678.0000,-7.677247,-40.920569,-9.918090,42.799552
10679.0000,-4.871515,-25.057476,-6.323846,26.298285
10680.0000,-3.130421,-33.949843,-3.513299,34.274402
10681.0000,4.252501,-35.945706,-0.640899,36.202048
10682.0000,3.312315,-48.791244,-10.462897,50.010291
10683.0000,-3.700566,-37.805157,-5.210818,38.341580
10684.0000,-4.427344,-33.940530,-3.918014,34.451586
10685.0000,-8.177223,-28.075693,3.515040,29.452794
10686.0000,-14.130010,-36.577403,-5.166310,39.550656
10687.0000,-4.195529,-35.133587,-3.779204,35.584460
10688.0000,-11.590518,-39.325954,-18.390277,44.934097
10689.0000,-0.244758,-30.026775,-13.642225,32.981471
10690.0000,-1.375215,-31.913404,-12.327761,34.239309
10691.0000,-6.333318,-35.954627,-5.371825,36.901255
10692.0000,3.939974,-19.871434,0.931459,20.279667
10693.0000,-7.381885,-22.815690,-0.964701,23.999554
10694.0000,-0.061449,-15.531326,-5.838656,16.592642
10695.0000,1.031001,-18.130626,-8.925251,20.234690
10696.0000,2.598585,-18.940548,-19.440962,27.266243
10697.0000,-2.129196,-33.696525,-17.766798,38.152960
10698.0000,12.745208,-31.288143,-34.927434,48.593353
10699.0000,2.260103,-22.135582,-29.011069,36.561376
10700.0000,1.429599,-30.391785,-28.758175,41.865702
10701.0000,3.013643,-37.247672,-25.570913,45.280710
10702.0000,11.291520,-34.003773,-26.595219,44.621303
10703.0000,7.422276,-28.745046,-35.216185,46.060260
10704.0000,11.905558,-21.010403,-40.849497,47.453775
10705.0000,20.512845,-21.839856,-32.308089,44.063236
10706.0000,2.015497,-8.032586,-42.448932,43.249237
10707.0000,5.178808,-19.937131,-39.110713,44.203588
10708.0000,13.957725,-15.938726,-32.383938,38.698586
10709.0000,5.817558,-17.741791,-21.381857,28.386598
10710.0000,10.198981,-18.482597,-24.048132,31.999035
10711.0000,8.021651,-16.606412,-32.432496,37.309337
10712.0000,13.817780,-15.884712,-34.269769,40.220296
10713.0000,9.522787,-25.283458,-21.285697,34.395023
10714.0000,10.679123,-23.111737,-26.480395,36.734281
10715.0000,8.780595,-38.945426,-31.520012,50.866062
10716.0000,10.749836,-30.668812,-29.499386,43.890190
10717.0000,6.776531,-27.124199,-24.048313,36.877702
10718.0000,25.000407,-17.300310,-32.008686,44.146088
10719.0000,9.799087,-36.939008,-40.284389,55.527871
10720.0000,12.411961,-22.811640,-31.928907,41.156807
10721.0000,14.131119,-25.834256,-37.438900,47.631591
10722.0000,11.779243,-26.097549,-39.083500,48.449485
10723.0000,9.646083,-23.721099,-28.625390,38.407687
10724.0000,8.338712,-17.810260,-33.439054,38.793167
10725.0000,18.746712,-20.374313,-35.692424,45.171905
10726.0000,15.322163,-12.603061,-17.850086,26.687664
10727.0000,28.667567,-15.463471,-32.469895,45.991765
10728.0000,27.512684,-7.522378,-23.903013,37.214083
10729.0000,16.759363,-4.390292,-22.365552,28.290791
10730.0000,17.233387,-2.478954,-23.379108,29.149915
10731.0000,18.339220,-10.109560,-11.789344,24.031622
10732.0000,18.588842,-24.237773,-13.259706,33.299167
10733.0000,12.191019,-15.241358,-8.532654,21.300848
10734.0000,13.930047,-19.342676,-14.862403,28.090503
10735.0000,28.102902,-20.755441,-9.599710,36.231421
10736.0000,21.442597,-24.177411,-11.898704,34.437064
10737.0000,29.641520,-20.992746,-3.459776,36.486781
10738.0000,30.663513,-22.715290,1.992937,38.212657
10739.0000,21.953532,-20.969682,2.124888,30.433539
10740.0000,19.773201,-10.697940,-19.829575,29.977282
10741.0000,21.104877,-14.392777,-3.845479,25.833227
10742.0000,20.462563,-18.958037,-8.432947,29.141693
10743.0000,27.531489,-23.671818,-7.414642,37.058262
10744.0000,25.635145,-24.014400,-18.454074,39.678771
10745.0000,27.836563,-29.536469,-13.887628,42.896893
10746.0000,37.294067,-26.150186,-11.178276,46.900251
10747.0000,25.938584,-28.715968,-7.398354,39.397368
10748.0000,21.301550,-22.446260,-8.617711,32.122509
10749.0000,13.544649,-21.045783,-16.418669,29.932511
10750.0000,24.185449,-21.827028,-20.072709,38.265764
10751.0000,6.435324,-21.708018,-6.008851,23.425578
10752.0000,4.757278,-13.837794,-5.757630,15.724711
10753.0000,16.757141,-8.352239,-10.139895,21.292701
10754.0000,14.546541,-16.426613,-21.527158,30.738478
10755.0000,23.181747,-15.503778,-16.431915,32.369250
10756.0000,20.867747,-20.430834,-14.198739,32.472851
10757.0000,6.613602,-16.154862,-14.411732,22.636637
10758.0000,17.478299,-25.715859,-4.397543,31.402782
10759.0000,22.700235,-26.515322,-10.173031,36.357303
10760.0000,21.358629,-27.283722,-18.980579,39.507656
10761.0000,16.031022,-31.456547,-3.757806,35.505340
10762.0000,10.915810,-23.171547,-18.244171,31.447182
10763.0000,15.920229,-37.854594,-15.023028,43.727741
10764.0000,12.789975,-32.390478,-21.024054,40.678463
10765.0000,17.943653,-37.832254,-29.220967,51.059955
10766.0000,10.446535,-26.949012,-24.375983,37.809628
10767.0000,5.202325,-40.150311,-20.594325,45.422878
10768.0000,16.099996,-40.250306,-31.258545,53.445240
10769.0000,11.678067,-37.253171,-30.965013,49.829790
10770.0000,-3.290579,-36.933441,-35.316424,51.206999
10771.0000,8.419269,-43.653149,-36.334113,57.416455
10772.0000,6.025334,-31.030197,-26.814371,41.451035
10773.0000,0.168675,-37.041300,-27.656196,46.227173
10774.0000,-3.058962,-43.809343,-27.868556,52.012231
10775.0000,-2.113948,-48.376311,-20.511798,52.587737
10776.0000,-3.004474,-35.770028,-25.206214,43.862000
10777.0000,2.599095,-34.949780,-34.503812,49.180844
10778.0000,4.794133,-30.080229,-31.500946,43.819100
10779.0000,11.344220,-24.516956,-25.953201,37.461195
10780.0000,0.619804,-34.690174,-39.772802,52.779429
10781.0000,4.583299,-29.533065,-23.092395,37.768602
10782.0000,-5.958450,-20.970713,-33.700263,40.137036
10783.0000,-6.890331,-22.942795,-37.197619,44.243772
10784.0000,-14.844563,-27.361223,-41.811639,52.126872
10785.0000,-9.115032,-28.291975,-39.623442,49.533189
10786.0000,4.383361,-36.904429,-43.189810,56.978157
10787.0000,4.623639,-34.183012,-25.998678,43.194764
10788.0000,7.248155,-25.341542,-33.864100,42.912781
10789.0000,-1.327010,-35.847564,-36.728407,51.339894
10790.0000,2.781678,-41.387738,-42.267752,59.222001
10791.0000,-0.382363,-39.391943,-38.122269,54.819511
10792.0000,-0.289540,-40.085452,-34.716028,53.029519
10793.0000,9.407683,-33.712288,-40.230008,53.324257
10794.0000,4.531219,-35.695486,-33.540780,49.190279
10795.0000,-8.303318,-36.029935,-29.992452,47.609332
10796.0000,-16.350481,-28.683154,-24.211788,40.942303
10797.0000,-13.574839,-28.646089,-37.704354,49.259446
10798.0000,-23.188746,-31.174903,-34.732406,52.114609
10799.0000,-8.198898,-26.337634,-31.289240,41.712221
10800.0000,-2.703951,-17.622146,-38.425057,42.359608
10801.0000,-11.668002,-19.414423,-38.443593,44.620309
10802.0000,-13.139508,-23.629672,-43.241201,50.998133
10803.0000,-23.119667,-14.556113,-38.801070,47.454424
10804.0000,-22.307894,-20.696230,-41.245072,51.255556
10805.0000,-16.866024,-20.418108,-48.917421,55.626217
10806.0000,-21.546545,-11.581108,-37.397137,44.686928
10807.0000,-27.370753,-21.821888,-39.536505,52.806137
10808.0000,-9.558938,-23.654132,-26.385037,36.702335
10809.0000,-4.173909,-16.999251,-33.011029,37.364743
10810.0000,-12.901079,-14.783994,-33.415094,38.750134
10811.0000,-11.752284,-18.401349,-41.085963,46.527219
10812.0000,-3.392593,-16.902436,-40.911569,44.395479
10813.0000,-10.814624,-0.957604,-36.156057,37.750941
10814.0000,-7.796444,-11.648023,-29.450095,32.615473
10815.0000,-2.831677,-8.409210,-38.408212,39.419842
10816.0000,-4.508988,-13.863641,-41.013617,43.527558
10817.0000,-4.997280,1.059827,-32.967283,33.360722
10818.0000,-4.955337,-5.659656,-37.313378,38.064094
10819.0000,-4.354917,-2.046203,-48.782720,49.019446
10820.0000,-4.725792,-0.067104,-51.925899,52.140547
10821.0000,4.979513,-9.894120,-49.665260,50.885432
10822.0000,-0.371291,-0.764491,-53.567120,53.573862
10823.0000,2.954818,14.642813,-54.897458,56.893530
10824.0000,2.144880,11.940229,-54.253965,55.593726
10825.0000,-9.294194,11.071219,-47.614354,49.760232
10826.0000,-2.689829,16.294064,-52.391035,54.932251
10827.0000,-18.489639,15.222377,-48.922571,54.470225
10828.0000,-10.477613,7.613907,-38.462874,40.585030
10829.0000,-7.857093,8.127885,-43.536729,44.980476
10830.0000,0.204868,-1.222886,-28.323448,28.350575
10831.0000,-3.077425,4.589564,-43.189213,43.541277
10832.0000,-14.197645,3.358078,-42.459930,44.896497
10833.0000,-14.106440,-3.628815,-43.115283,45.509204
10834.0000,-12.364805,-0.819900,-50.074703,51.585235
10835.0000,-6.968495,-0.925057,-50.573960,51.060171
10836.0000,-10.590528,2.075491,-32.062879,33.830388
10837.0000,-3.729087,12.514442,-46.850433,48.636205
10838.0000,-3.334509,7.953437,-44.697152,45.521550
10839.0000,0.085621,4.974698,-42.223238,42.515371
10840.0000,-6.686799,8.391975,-49.716958,50.861719
10841.0000,-5.321533,6.779837,-57.364066,58.007939
10842.0000,6.718026,14.388465,-44.955581,47.677711
10843.0000,4.089913,16.362893,-43.635089,46.781328
10844.0000,0.682904,19.512627,-57.761664,60.972279
10845.0000,-1.863095,17.327616,-54.891169,57.591300
10846.0000,9.119602,14.223779,-58.562698,60.951395
10847.0000,3.268241,8.542432,-52.048677,52.846185
10848.0000,5.055786,1.128480,-45.413387,45.707879
10849.0000,-1.365779,-11.191621,-37.653574,39.305335
10850.0000,-4.402077,-6.916294,-27.374123,28.575444
10851.0000,-0.663145,-7.566375,-35.221018,36.030680
10852.0000,3.550069,-15.942270,-22.802055,28.048042
10853.0000,1.750372,-20.522502,-23.687914,31.390352
10854.0000,-8.001248,-11.307037,-14.873729,20.324785
10855.0000,-7.282479,-1.401902,-24.356996,25.461011
10856.0000,0.829569,-3.449903,-25.764936,26.008113
10857.0000,-7.306467,2.886460,-27.880372,28.966036
10858.0000,-9.290719,-2.833079,-15.638445,18.409366
10859.0000,-12.642770,-0.865721,-31.818826,34.249479
10860.0000,-14.106963,3.957561,-24.593655,28.627200
10861.0000,-8.861945,-10.501085,-21.015566,25.108980
10862.0000,-4.316224,0.331281,-23.943751,24.331928
10863.0000,-7.517184,5.835454,-25.043573,26.790691
10864.0000,2.255889,16.055632,-36.116933,39.589206
10865.0000,11.906569,2.059876,-47.979372,49.477567
10866.0000,-5.895041,9.706357,-46.683437,48.044856
10867.0000,-8.091809,18.800276,-37.371960,42.609754
10868.0000,-7.842135,12.529576,-40.954573,43.540400
10869.0000,-3.106030,5.204654,-40.906474,41.353059
10870.0000,-2.897031,-10.292573,-43.544465,44.838045
10871.0000,5.891127,0.307277,-39.984000,40.416829
10872.0000,2.702626,7.396630,-37.604120,38.419841
10873.0000,10.587486,9.460888,-35.199170,37.955037
10874.0000,5.366693,9.337749,-25.584303,27.758810
10875.0000,5.169108,3.655732,-34.115262,34.697769
10876.0000,3.317495,3.962906,-32.295022,32.705946
10877.0000,3.235786,-2.409061,-33.671379,33.912176
10878.0000,15.935243,4.672940,-36.348472,39.962229
10879.0000,-1.620801,6.142594,-30.326948,30.985193
10880.0000,-4.298225,4.360912,-13.851787,15.144778
10881.0000,-7.304494,9.465476,-24.974229,27.688680
10882.0000,12.166468,1.771431,-27.813052,30.409320
10883.0000,16.926905,-5.927602,-28.489720,33.664829
10884.0000,6.234595,3.016828,-32.845837,33.568146
10885.0000,11.197485,-8.407437,-22.847475,26.796937
10886.0000,15.443247,5.335804,-13.585775,21.249423
10887.0000,2.237244,5.335383,-15.415801,16.465676
10888.0000,13.272850,-0.512755,-2.989551,13.615024
10889.0000,10.342712,5.683435,-7.941562,14.224681
10890.0000,4.639027,21.620717,-7.009928,23.197307
10891.0000,2.308150,18.956123,-5.430345,19.853232
10892.0000,7.364073,9.869076,-11.697673,16.984222
10893.0000,13.055057,20.490317,-3.579907,24.558162
10894.0000,5.643505,17.059905,-0.833034,17.988425
10895.0000,7.029133,8.767270,-7.728334,13.638214
10896.0000,20.003550,9.276008,-19.693969,29.564147
10897.0000,16.285030,18.344500,-13.923998,28.206393
10898.0000,29.291927,35.115707,-19.784566,49.825284
10899.0000,21.101204,28.192518,-25.315368,43.369883
10900.0000,17.540373,21.417272,-29.597904,40.526536
10901.0000,17.172880,23.005966,-24.714028,37.880937
10902.0000,21.982796,27.094464,-25.265533,43.077842
10903.0000,5.757053,25.677251,-21.485505,33.971927
10904.0000,2.363164,21.496537,-27.548340,35.022803
10905.0000,-6.168873,32.538539,-36.037631,48.944074
10906.0000,-3.619002,27.944758,-33.384151,43.686476
10907.0000,4.407877,29.825165,-37.118376,47.819909
10908.0000,3.367521,19.145145,-12.879237,23.318480
10909.0000,1.245304,12.373030,-23.111109,26.244353
10910.0000,11.386725,18.439917,-18.549124,28.526445
10911.0000,7.619792,27.683692,-7.551104,29.689514
10912.0000,22.823830,28.908592,-11.720894,38.652468
10913.0000,26.176827,24.447657,-32.690860,48.493365
10914.0000,22.038234,32.135622,-29.745941,49.022474
10915.0000,27.028471,22.754341,-47.815313,59.452523
10916.0000,37.360937,31.801294,-50.909632,70.703271
10917.0000,21.113497,25.135236,-53.115094,62.440156
10918.0000,19.676588,27.709064,-35.272565,48.980753
10919.0000,19.901450,24.792294,-32.166818,45.226427
10920.0000,9.663863,24.816709,-20.480934,33.596546
10921.0000,7.514226,22.702620,-23.026409,33.197711
10922.0000,2.933246,40.122392,-27.354193,48.648352
10923.0000,6.218063,33.877597,-13.117581,36.856842
10924.0000,-10.239698,30.540865,-9.527156,33.591108
10925.0000,-8.015236,35.642937,-12.140108,38.497340
10926.0000,-4.333933,35.931948,-12.467822,38.279687
10927.0000,-3.895187,39.853076,-24.353723,46.867301
10928.0000,0.268230,44.853185,-18.705483,48.598099
10929.0000,-10.332959,44.587832,-21.560581,50.593512
10930.0000,-5.294739,42.257182,-27.573218,50.734466
10931.0000,-3.319142,41.682097,-22.605443,47.533356
10932.0000,10.294003,38.593587,-19.452568,44.427850
10933.0000,11.895606,32.820301,-16.205845,38.487752
10934.0000,12.181556,44.874695,-30.927500,55.844775
10935.0000,24.532835,31.846966,-29.912143,50.108139
10936.0000,20.574112,33.583337,-25.440720,46.886724
10937.0000,24.253613,28.287848,-35.305915,51.331742
10938.0000,18.582882,39.172086,-23.401723,49.268818
10939.0000,24.064154,37.842805,-20.413591,49.273483
10940.0000,23.834931,40.437529,-12.321101,48.529447
10941.0000,9.633163,28.803020,-5.798707,30.919845
10942.0000,8.440085,25.579327,3.212537,27.126692
10943.0000,11.249101,23.802231,-9.620719,28.029390
10944.0000,8.264963,31.412127,-20.942132,38.647176
10945.0000,19.395905,28.389669,-7.305548,35.150327
10946.0000,18.534128,22.589967,-9.057523,30.591817
10947.0000,5.942238,23.963238,-15.114269,28.948024
10948.0000,19.766313,31.660534,-29.675591,47.683721
10949.0000,19.759708,27.557527,-15.998949,37.494396
10950.0000,15.301132,12.552233,-18.262928,26.929867
10951.0000,12.227008,18.715739,-27.743666,35.629898
10952.0000,9.571130,22.052109,-28.544132,37.318487
10953.0000,18.893113,27.426725,-32.219015,46.338320
10954.0000,15.840779,28.839466,-25.480187,41.615923
10955.0000,19.058815,12.965766,-24.079251,33.334065
10956.0000,11.291964,23.166108,-29.169532,38.923497
10957.0000,24.288453,13.163585,-24.485853,36.915659
10958.0000,25.261237,21.739708,-20.934378,39.357251
10959.0000,20.628701,19.535837,-30.403816,41.612309
10960.0000,27.777408,31.935507,-32.369455,53.284544
10961.0000,34.486147,32.778522,-35.900675,59.603560
10962.0000,13.995972,26.426630,-31.076995,43.128107
10963.0000,27.558141,22.640293,-50.523920,61.844163
10964.0000,21.886670,17.765403,-56.881357,63.483263
10965.0000,29.250055,21.035866,-49.332388,61.088116
10966.0000,15.212153,25.392326,-53.698100,61.316114
10967.0000,22.078336,20.749920,-42.493570,52.189229
10968.0000,19.712896,22.200632,-54.571525,62.125017
10969.0000,22.649945,14.704004,-45.752372,53.127274
10970.0000,20.093216,29.498153,-44.601062,57.123840
10971.0000,16.033999,29.261719,-32.207203,46.375006
10972.0000,7.746914,27.551101,-30.046046,41.495093
10973.0000,17.555584,37.946714,-37.953767,56.468045
10974.0000,8.626896,23.284653,-45.010201,51.405414
10975.0000,13.607692,28.867827,-42.792084,53.382423
10976.0000,4.949101,29.213452,-44.881231,53.779589
10977.0000,20.667930,22.450096,-51.424257,59.796524
10978.0000,13.768937,18.412813,-47.929377,53.158635
10979.0000,16.509584,20.116898,-53.436916,59.437025
10980.0000,20.640142,23.789131,-40.845540,51.578061
10981.0000,15.614702,24.480787,-47.884228,56.000242
10982.0000,7.745028,31.636498,-41.819175,53.006573
10983.0000,22.543582,23.571219,-35.532077,48.232189
10984.0000,24.099915,27.688079,-35.763769,51.249222
10985.0000,34.115767,9.436753,-41.810771,54.782100
10986.0000,23.400609,17.789717,-43.585264,52.571264
10987.0000,19.278325,30.845967,-42.429596,55.887370
10988.0000,24.042089,25.568616,-47.876443,59.362699
10989.0000,33.970142,26.551267,-40.435109,59.109546
10990.0000,42.404171,29.177603,-41.512314,66.126533
10991.0000,37.717412,44.081464,-33.469892,66.977700
10992.0000,34.689133,30.816386,-35.586949,58.475778
10993.0000,32.932536,23.432067,-40.777798,57.414654
10994.0000,30.898281,44.009624,-34.691122,63.992380
10995.0000,21.040768,34.972443,-31.662499,51.655586
10996.0000,26.236943,43.412342,-43.494476,66.818995
10997.0000,26.378740,46.129175,-32.470944,62.274400
10998.0000,24.873804,50.474575,-30.713221,64.106870
10999.0000,21.977071,43.393379,-27.231345,55.745162
11000.0000,34.788816,49.126143,-22.927973,64.415305
11001.0000,25.224918,48.016256,-30.731604,62.340106
11002.0000,30.717081,53.125808,-33.246684,69.794216
11003.0000,19.500408,53.130622,-27.826952,63.067172
11004.0000,27.822046,44.593406,-44.686547,68.989315
11005.0000,27.120509,56.711929,-43.121174,76.231231
11006.0000,20.554017,59.888777,-44.244257,77.244337
11007.0000,6.907703,47.530168,-35.317576,59.616813
11008.0000,8.382731,61.660220,-34.708014,71.252362
11009.0000,-2.370069,52.509202,-37.634282,64.646521
11010.0000,-1.760443,46.587215,-32.406233,56.777035
11011.0000,-0.024498,49.856232,-18.126356,53.049121
11012.0000,3.219320,34.946588,-44.627282,56.773430
11013.0000,3.749985,33.233307,-41.198627,53.064508
11014.0000,-2.063637,29.858178,-46.140867,54.997718
11015.0000,-10.026010,42.665955,-53.893390,69.465115
11016.0000,3.620345,35.537500,-53.036431,63.944381
11017.0000,-10.366187,40.982638,-59.939167,73.346699
11018.0000,-12.251003,36.284054,-38.053244,53.987675
11019.0000,-4.303986,40.725394,-43.783342,59.950505
11020.0000,-17.480457,46.671028,-47.222212,68.656307
11021.0000,-9.825642,41.086417,-46.586312,62.888166
11022.0000,-10.928008,43.288687,-44.898000,63.317946
11023.0000,-16.761448,45.855150,-40.437028,63.393960
11024.0000,-14.318324,39.829542,-42.092774,59.692617
11025.0000,-17.641336,30.688558,-41.304362,54.397193
11026.0000,-9.049651,37.689507,-33.698838,51.361531
11027.0000,-7.328264,39.018880,-39.135084,55.747029
11028.0000,-17.816261,31.863730,-38.870748,53.325899
11029.0000,-7.339391,32.338134,-38.601067,50.888741
11030.0000,-3.610467,48.772006,-33.811563,59.455578
11031.0000,-1.489829,42.893789,-37.132945,56.753435
11032.0000,-1.699780,49.006331,-35.753118,60.686037
11033.0000,-10.331386,43.542442,-23.469299,50.532067
11034.0000,-9.199603,43.902103,-21.084313,49.563854
11035.0000,-11.542241,36.379102,-29.984602,48.535953
11036.0000,-5.358615,33.381802,-40.444192,52.714250
11037.0000,-3.512844,37.119366,-32.242790,49.292849
11038.0000,-8.958225,26.239536,-27.257999,38.881378
11039.0000,-10.696436,26.653771,-32.596721,43.444027
11040.0000,-4.476699,30.125021,-45.138692,54.452357
11041.0000,-4.063352,29.072806,-47.906675,56.185304
11042.0000,9.704331,22.874771,-51.266228,56.970653
11043.0000,-3.156009,30.783533,-36.433968,47.801886
11044.0000,3.564633,27.163496,-32.672704,42.638805
11045.0000,-1.611708,19.337559,-41.316301,45.646199
11046.0000,0.136357,22.766528,-44.222141,49.738628
11047.0000,-1.880474,21.799065,-40.851085,46.341629
11048.0000,-9.859514,23.980968,-30.337604,39.908233
11049.0000,-11.019363,24.860876,-23.536351,35.964557
11050.0000,-12.907148,35.921958,-24.795806,45.517178
11051.0000,-10.824326,32.219407,-35.635472,49.245742
11052.0000,-9.797179,41.186591,-30.898039,52.411915
11053.0000,-22.061910,31.644540,-32.494214,50.437870
11054.0000,-11.079131,37.053324,-36.092206,52.899370
11055.0000,-11.383112,44.255798,-25.761779,52.457794
11056.0000,-4.832718,42.792401,-24.234381,49.415078
11057.0000,-3.326092,44.237107,-21.544026,49.316626
11058.0000,-8.433538,57.191129,-6.318571,58.153883
11059.0000,6.140914,53.130984,-20.243381,57.187470
11060.0000,1.980025,53.833283,-17.325059,56.587105
11061.0000,17.802407,44.961736,-0.011812,48.357869
11062.0000,8.652289,42.436585,-11.971560,44.933775
11063.0000,8.593472,43.461046,-18.037590,47.833721
11064.0000,4.405484,47.735316,-16.444868,50.680394
11065.0000,1.708940,52.172635,-21.500459,56.455063
11066.0000,5.415288,37.940567,-10.355682,39.699522
11067.0000,3.347554,48.460937,-20.521578,52.733326
11068.0000,9.886238,41.027568,-14.953857,44.772948
11069.0000,9.859977,34.171838,-14.825439,38.532159
11070.0000,-2.482566,27.578465,-11.409657,29.948542
11071.0000,-2.848197,19.479026,-3.726384,20.035734
11072.0000,6.039518,24.294976,-13.054060,28.233493
11073.0000,-12.855326,31.551671,-11.430975,35.936534
11074.0000,-8.435873,26.641380,-7.227236,28.864511
11075.0000,-15.058204,18.771743,-19.669481,31.080803
11076.0000,-16.351688,25.983938,-23.349947,38.571528
11077.0000,-20.914071,19.350168,-28.754351,40.480119
11078.0000,-11.993936,19.276400,-22.155705,31.722379
11079.0000,-20.377351,22.684311,-22.620246,37.966958
11080.0000,-24.443461,25.477954,-21.627422,41.404762
11081.0000,-21.594788,38.382184,-11.524089,45.522869
11082.0000,-23.900153,28.818210,-12.057030,39.332919
11083.0000,-22.527626,23.444465,-12.837314,34.956166
11084.0000,-20.574683,33.834244,-10.370134,40.934256
11085.0000,-13.537887,26.145106,1.002109,29.459212
11086.0000,-23.947241,28.266862,-11.735010,38.861244
11087.0000,-23.944858,28.209306,1.290086,37.024121
11088.0000,-20.338556,29.960410,-2.838335,36.322708
11089.0000,-14.729429,35.581144,3.038063,38.629053
11090.0000,-13.697935,28.929491,-6.536383,32.669147
11091.0000,-8.739704,33.723645,4.241181,35.094932
11092.0000,-2.639725,37.127073,-3.558409,37.390507
11093.0000,-5.852542,27.102190,-0.719403,27.736231
11094.0000,-5.640942,38.975325,-7.750297,40.136808
11095.0000,5.609245,22.129446,5.883391,23.575205
11096.0000,3.394969,26.620022,-5.263177,27.346891
11097.0000,-1.224953,37.150682,-5.528436,37.579746
11098.0000,-11.886597,44.140380,-12.598012,47.417024
11099.0000,-13.764388,33.671652,-19.537426,41.291034
11100.0000,-12.114440,19.749692,-13.357080,26.743627
11101.0000,-12.812465,31.381039,-19.588516,39.148931
11102.0000,-6.531442,33.321160,-16.309627,37.669131
11103.0000,-20.871481,39.405520,-13.114503,46.480145
11104.0000,-8.545753,35.474259,-9.490811,37.703163
11105.0000,-15.143363,41.778748,-13.195234,46.356223
11106.0000,-13.732255,42.908194,-23.725129,50.917283
11107.0000,-14.644171,38.950244,-12.700704,43.507253
11108.0000,-13.405678,32.628615,-6.486969,35.866690
11109.0000,-6.927820,32.909293,-6.752672,34.301820
11110.0000,1.714104,41.401681,-5.240968,41.767273
11111.0000,-5.586325,36.536992,-9.141149,38.075181
11112.0000,2.242765,36.902315,-12.421408,39.001311
11113.0000,-1.950768,31.266756,-6.564398,32.007919
11114.0000,1.434986,32.886845,-4.220786,33.187630
11115.0000,5.327866,14.660304,-8.744354,17.882237
11116.0000,4.523204,12.452566,-9.866604,16.518948
11117.0000,12.157188,16.414368,-7.776500,21.856410
11118.0000,10.653583,1.183123,1.281774,10.795441
11119.0000,12.396933,14.216983,-12.845308,22.821229
11120.0000,6.998341,4.197618,-13.535444,15.805221
11121.0000,11.248456,4.357677,-6.254103,13.587896
11122.0000,18.124312,1.326906,-4.910570,18.824587
11123.0000,16.897716,17.817305,-11.376022,27.062946
11124.0000,15.676770,15.457755,-10.722510,24.488273
11125.0000,21.616441,17.974952,-9.146567,29.563983
11126.0000,13.846900,14.821703,1.182556,20.317922
11127.0000,-2.094515,35.879901,6.644841,36.550078
11128.0000,8.519557,30.338177,11.788451,33.644545
11129.0000,14.285473,13.589675,2.195840,19.838743
11130.0000,10.220448,12.993637,4.494986,17.131756
11131.0000,3.405576,12.777822,10.563908,16.925331
11132.0000,-4.159700,16.496358,6.527305,18.221928
11133.0000,4.366827,20.334322,6.814976,21.886017
11134.0000,8.227119,4.573473,7.810728,12.231501
11135.0000,4.798990,15.329326,5.964045,17.134421
11136.0000,7.890588,23.517153,-3.358561,25.031936
11137.0000,3.052388,0.079022,-3.731995,4.821940
11138.0000,3.654930,3.444950,3.940843,6.384078
11139.0000,17.350926,4.982716,-7.202549,19.436019
11140.0000,12.914768,3.679997,-4.622279,14.202080
11141.0000,10.481942,17.590067,-12.516506,23.998843
11142.0000,9.430347,16.671570,-9.342306,21.310827
11143.0000,22.927999,17.454896,-15.759493,32.843997
11144.0000,19.394813,17.276185,-18.771268,32.046620
11145.0000,18.009821,10.689752,-14.196534,25.301503
11146.0000,26.635263,8.362474,-28.540940,39.924347
11147.0000,23.069401,8.857735,-20.037718,31.814570
11148.0000,23.063458,9.679763,-21.321508,32.866816
11149.0000,22.052901,10.173002,-28.915696,37.761593
11150.0000,17.044490,11.800421,-24.235352,31.892270
11151.0000,22.659656,1.365027,-23.985957,33.024982
11152.0000,17.159852,11.370464,-36.234730,41.673777
11153.0000,17.095358,3.263300,-32.731119,37.070562
11154.0000,13.988185,-4.681880,-32.122389,35.347379
11155.0000,18.038202,-7.292988,-23.659550,30.632315
11156.0000,5.862399,9.963541,-24.828332,27.387697
11157.0000,6.362069,30.775649,-21.607871,38.138125
11158.0000,8.903612,29.736850,-19.471684,36.642885
11159.0000,12.730533,35.616921,-23.388877,44.471014
11160.0000,8.223401,36.848328,-26.639498,46.206996
11161.0000,9.075198,40.214393,-22.762136,47.092159
11162.0000,4.087553,32.491524,-24.785247,41.069644
11163.0000,5.943073,18.768365,-26.694671,33.168918
11164.0000,3.581425,20.395457,-25.341798,32.726259
11165.0000,1.605879,30.855868,-28.562358,42.076974
11166.0000,4.395473,24.620079,-13.363289,28.355704
11167.0000,4.959028,22.726741,-10.988649,25.726389
11168.0000,14.045511,23.932280,-21.583083,35.154799
11169.0000,22.051943,24.503443,-3.346416,33.134656
11170.0000,22.217678,25.302462,-15.083521,36.896509
11171.0000,17.296958,39.366964,-17.135005,46.287699
11172.0000,16.556695,43.429129,-9.310319,47.401428
11173.0000,22.437488,50.452451,-9.278165,55.990847
11174.0000,29.900237,40.038765,-10.964530,51.160021
11175.0000,28.846697,45.497903,-6.807456,54.300392
11176.0000,36.552271,30.843078,-4.886790,48.075406
11177.0000,37.296124,41.498276,-1.870601,55.826579
11178.0000,29.058637,44.518036,6.785084,53.593818
11179.0000,29.023587,45.362151,7.356526,54.352661
11180.0000,31.426484,40.375134,20.062318,54.957001
11181.0000,30.948281,42.743295,14.838350,54.817533
11182.0000,23.187854,47.228492,18.922943,55.913190
11183.0000,14.691911,50.027073,12.866041,53.703773
11184.0000,27.953099,51.354647,3.733556,58.588523
11185.0000,31.270889,55.719281,18.417571,66.495967
11186.0000,29.662274,48.792218,10.170566,57.999754
11187.0000,30.060825,51.737288,17.707515,62.401573
11188.0000,30.093655,44.621992,14.663265,55.783166
11189.0000,35.586407,48.097162,17.621568,62.371861
11190.0000,31.749455,50.357373,22.713948,63.716688
11191.0000,45.444813,55.904536,15.160280,73.623246
11192.0000,48.685702,46.775762,18.373836,69.970475
11193.0000,44.828807,53.703875,17.944256,72.219973
11194.0000,55.470681,57.490026,13.725934,81.058626
11195.0000,44.412004,44.498703,0.722298,62.873543
11196.0000,40.445464,46.798316,3.918643,61.978010
11197.0000,46.549542,48.286997,1.818800,67.095469
11198.0000,47.169121,48.674702,8.240513,68.279270
11199.0000,38.254520,56.254792,-7.216998,68.411220
11200.0000,43.112712,51.010514,-3.970930,66.907001
11201.0000,35.118189,49.484287,-16.625286,62.915674
11202.0000,52.422150,42.968386,-6.535278,68.096063
11203.0000,46.833821,35.480337,-4.427084,58.922493
11204.0000,40.965295,41.345656,-10.354613,59.117143
11205.0000,38.419920,37.499211,-8.341622,54.331057
11206.0000,33.490296,38.479790,4.375181,51.199964
11207.0000,35.992863,40.402589,1.023142,54.119333
11208.0000,30.282654,38.306811,-4.960516,49.082152
11209.0000,23.249000,33.414668,-20.712291,45.673352
11210.0000,30.977491,38.929181,-5.863161,50.094538
11211.0000,15.574318,40.198571,-5.362563,43.442394
11212.0000,14.932582,32.759690,0.095285,36.002617
11213.0000,8.297958,42.573848,-0.375449,43.376602
11214.0000,7.553626,45.866054,-13.447330,48.389904
11215.0000,13.038131,42.886061,-16.124619,47.636230
11216.0000,10.533545,41.476093,-7.496613,43.444459
11217.0000,10.812649,29.799511,2.609929,31.807797
11218.0000,-2.215045,29.610760,7.542493,30.636461
11219.0000,1.360263,27.240731,4.296377,27.610987
11220.0000,-2.405463,34.333314,13.883865,37.112321
11221.0000,-6.793601,46.613472,8.165250,47.808368
11222.0000,-1.704002,40.381438,2.013702,40.467507
11223.0000,13.018093,39.158720,-7.596694,41.959336
11224.0000,21.928677,33.273159,0.058231,39.849384
11225.0000,13.738270,24.333859,2.302486,28.038869
11226.0000,4.655301,23.132139,-4.523849,24.025671
11227.0000,-2.643876,21.749354,9.625925,23.930794
11228.0000,-0.822050,26.205273,6.290094,26.962147
11229.0000,-1.248715,25.901913,12.555121,28.811446
11230.0000,-0.092617,22.318168,-7.238975,23.462992
11231.0000,-1.737314,17.601809,6.781628,18.942872
11232.0000,-6.703055,21.428418,2.363530,22.576410
11233.0000,-7.415133,18.571508,14.541910,24.725539
11234.0000,-11.249394,13.072546,21.331763,27.431450
11235.0000,0.017862,14.178731,15.142518,20.744459
11236.0000,-2.247607,15.282547,26.538326,30.706526
11237.0000,9.307227,17.499964,22.265229,29.809623
11238.0000,-2.076637,12.658144,29.698837,32.350610
11239.0000,-7.240760,1.411688,25.644862,26.684835
11240.0000,2.306351,5.866346,14.940020,16.215346
11241.0000,-17.358321,2.134663,4.609199,18.086260
11242.0000,-12.453892,12.652607,-3.351706,18.067148
11243.0000,-15.467515,16.498769,-1.317801,22.653698
11244.0000,-8.772496,14.348487,-11.711793,20.493946
11245.0000,-5.593233,6.202929,-11.647994,14.333051
11246.0000,0.187118,1.373383,-5.176155,5.358524
11247.0000,-4.645891,13.965004,-2.284740,14.893814
11248.0000,-12.006362,12.787360,-2.056342,17.660630
11249.0000,-18.694923,4.880656,-5.382497,20.057224
11250.0000,-16.459438,6.878675,-11.144228,21.033856
11251.0000,-15.744998,13.277621,-11.473831,23.576450
11252.0000,-21.035473,12.008653,-9.091420,25.871853
11253.0000,-15.141362,-2.693189,-19.219349,24.614985
11254.0000,-17.472487,9.457850,-21.614360,29.358462
11255.0000,-16.781434,6.353344,-18.026290,25.434792
11256.0000,-11.168027,9.101246,-15.085784,20.859971
11257.0000,-11.276967,6.101184,-19.259882,23.137362
11258.0000,-15.875973,3.673021,-11.803865,20.121353
11259.0000,-8.080351,8.485080,-7.889963,14.125869
11260.0000,-15.163085,9.308389,-5.911420,18.748604
11261.0000,-6.484320,13.042533,-15.596280,21.340057
11262.0000,-12.931954,8.071063,-15.199571,21.526831
11263.0000,-15.333517,2.101882,-15.559865,21.946390
11264.0000,-6.503343,8.344241,-13.465693,17.124389
11265.0000,-11.222317,14.178132,-18.068904,25.562573
11266.0000,-7.468483,12.539885,-14.749840,20.750536
11267.0000,-12.461192,15.888003,-9.398814,22.272127
11268.0000,-13.494365,25.086930,-16.987528,33.166671
11269.0000,-12.969505,35.111264,-18.406918,41.711192
11270.0000,-18.331282,29.235764,0.935553,34.520154
11271.0000,-19.775745,21.835957,6.954645,30.269724
11272.0000,-25.926875,19.892669,4.552915,32.994699
11273.0000,-27.197683,30.176228,-11.586290,42.244062
11274.0000,-32.154434,31.527984,0.840093,45.040284
11275.0000,-33.522605,35.516143,-2.458330,48.899947
11276.0000,-48.567829,29.767662,-0.124835,56.964579
11277.0000,-34.713038,34.753250,-8.298543,49.816154
11278.0000,-38.834510,24.371019,-12.318318,47.474274
11279.0000,-40.499983,33.562540,-11.010651,53.739437
11280.0000,-34.582992,27.937486,-21.577548,49.417376
11281.0000,-35.940875,30.193292,-10.797048,48.165938
11282.0000,-21.295748,29.088432,-17.473660,40.062134
11283.0000,-10.557856,31.024017,-16.523414,36.701242
11284.0000,-11.105925,28.264468,-29.694119,42.473079
11285.0000,-17.283588,28.624920,-29.953842,44.892550
11286.0000,-24.297990,20.404866,-26.834027,41.554974
11287.0000,-16.154941,36.244825,-25.129431,46.969754
11288.0000,-14.476012,23.467436,-33.145736,43.115140
11289.0000,-23.173078,24.611265,-32.049580,46.581987
11290.0000,-25.914690,15.683098,-32.437858,44.381813
11291.0000,-31.891961,20.955547,-35.679179,52.242090
11292.0000,-34.408033,15.801983,-35.996887,52.243577
11293.0000,-28.289649,-1.888146,-31.579430,42.439719
11294.0000,-34.257626,-4.743269,-35.221742,49.362482
11295.0000,-37.224506,5.414022,-25.385212,45.380441
11296.0000,-33.559802,9.698712,-24.416536,42.620331
11297.0000,-32.006586,-9.402807,-9.875429,34.790206
11298.0000,-37.551508,-11.252885,-10.653062,40.623035
11299.0000,-32.579122,-7.694925,-9.626440,34.832160
11300.0000,-40.819268,-2.374617,-8.495478,41.761520
11301.0000,-35.540324,-5.623793,-19.361825,40.861008
11302.0000,-49.082103,-12.112777,-4.591305,50.762706
11303.0000,-41.804725,-1.951144,-4.962013,42.143369
11304.0000,-51.682152,-10.158525,-3.529405,52.789177
11305.0000,-60.327895,0.105593,-7.885614,60.841178
11306.0000,-55.265566,-20.260330,-1.392623,58.878716
11307.0000,-51.828865,-24.239030,-5.949356,57.525270
11308.0000,-44.600739,-15.415323,-10.530571,48.350295
11309.0000,-48.045640,-15.030353,-12.792790,51.941799
11310.0000,-51.904548,-13.952848,-15.882107,56.044674
11311.0000,-57.321321,-3.090278,-13.208594,58.904589
11312.0000,-53.501812,-14.198415,-15.473074,57.475690
11313.0000,-51.745083,-9.570057,-1.589936,52.646629
11314.0000,-47.395691,1.922699,12.747044,49.117568
11315.0000,-43.267349,-6.157885,6.240676,44.146676
11316.0000,-41.042335,0.265285,2.529141,41.121043
11317.0000,-48.066659,-10.930440,-10.119804,50.321851
11318.0000,-31.631254,3.712388,-6.464239,32.497761
11319.0000,-34.963392,-5.297743,-7.969132,36.249303
11320.0000,-32.477247,-11.491161,8.601879,35.507895
11321.0000,-28.948620,1.188221,5.043204,29.408645
11322.0000,-27.863748,1.916039,12.710621,30.685820
11323.0000,-18.629652,-2.687428,9.115044,20.913398
11324.0000,-19.735003,-4.164882,10.685385,22.825294
11325.0000,-29.697492,1.644423,1.847245,29.800293
11326.0000,-19.215444,-1.019157,8.649535,21.097072
11327.0000,-18.006742,2.281273,5.085253,18.849583
11328.0000,-12.029436,-7.645618,7.291913,16.010459
11329.0000,-26.697920,-7.327450,-4.781005,28.094990
11330.0000,-25.887035,12.237067,-11.267149,30.770652
11331.0000,-20.017765,8.176698,-6.562830,22.597346
11332.0000,-20.827728,3.624203,-18.528696,28.111238
11333.0000,-23.727839,2.676747,1.992547,23.961335
11334.0000,-23.378099,-1.130907,2.315909,23.519735
11335.0000,-23.572555,-7.824306,-10.591799,27.001321
11336.0000,-25.227061,2.464419,-7.923151,26.556624
11337.0000,-16.402608,7.270423,-8.050057,19.664893
11338.0000,-18.247783,14.549360,-6.731949,24.289599
11339.0000,-41.482524,10.362375,-3.678856,42.915179
11340.0000,-29.158073,12.742681,-5.430457,32.280939
11341.0000,-39.784453,19.273823,-12.759425,46.011802
11342.0000,-25.393248,8.963837,-9.089862,28.421699
11343.0000,-24.717776,6.861633,-10.096909,27.568062
11344.0000,-17.316432,2.760731,-17.531970,24.796178
11345.0000,-9.608140,12.222087,-13.915614,20.864805
11346.0000,-9.497476,19.035307,-16.131468,26.697738
11347.0000,-16.065945,15.440604,-19.639418,29.702417
11348.0000,-14.600929,18.746944,-26.454212,35.559251
11349.0000,-9.918579,12.512332,-8.652834,18.160622
11350.0000,-24.258493,14.826667,-12.655324,31.120118
11351.0000,-16.312219,19.088937,-8.664024,26.562028
11352.0000,-24.873141,27.766630,2.573147,37.366830
11353.0000,-17.855703,18.971256,7.738715,27.177608
11354.0000,-14.116386,18.402340,-6.951339,24.212385
11355.0000,-19.762235,4.520515,-9.417497,22.353305
11356.0000,-15.476404,1.127031,0.512651,15.525852
11357.0000,-23.314870,4.361653,3.348093,23.954476
11358.0000,-22.916306,12.167037,-8.965690,27.451365
11359.0000,-27.608775,5.758749,-10.126563,29.965896
11360.0000,-21.600044,5.337370,1.967269,22.336508
11361.0000,-19.749189,17.924202,6.527850,27.457609
11362.0000,-21.129397,16.725681,1.747119,27.004671
11363.0000,-30.456071,15.267227,-4.606606,34.378500
11364.0000,-20.323134,15.116974,-8.635361,26.760459
11365.0000,-28.106449,13.197368,-9.918348,32.596267
11366.0000,-31.479522,21.863863,-1.577062,38.359822
11367.0000,-21.302017,7.298551,-10.677808,24.921083
11368.0000,-24.003150,12.708206,1.619035,27.207922
11369.0000,-27.904578,-1.028509,-6.224927,28.608967
11370.0000,-36.509322,1.976589,1.589458,36.597321
11371.0000,-35.334252,8.678237,-5.842011,36.850377
11372.0000,-26.642367,-3.003486,-1.112455,26.834199
11373.0000,-46.394293,-2.754109,3.503985,46.607869
11374.0000,-32.934936,-3.166931,9.660352,34.468273
11375.0000,-37.601905,-10.344449,4.637859,39.273663
11376.0000,-44.406489,-0.616985,-1.560416,44.438180
11377.0000,-43.306457,-11.102228,-7.645161,45.355895
11378.0000,-39.971648,-1.077570,-14.427957,42.509525
11379.0000,-53.541602,-8.069077,-7.949631,54.726682
11380.0000,-41.487108,-15.337954,-13.485569,46.241687
11381.0000,-41.373454,-16.476507,-13.865862,46.642257
11382.0000,-36.280040,-13.576251,-4.002926,38.943283
11383.0000,-34.748361,-6.770526,-7.462879,36.179873
11384.0000,-35.817581,-17.728371,-6.035690,40.418112
11385.0000,-38.488090,-7.146624,-12.900133,41.216753
11386.0000,-37.516957,-9.054477,-15.326935,41.526143
11387.0000,-31.314566,-4.067031,-19.042146,36.874735
11388.0000,-31.413223,6.682502,-16.124439,35.936666
11389.0000,-23.013274,-1.919606,-15.813883,27.988829
11390.0000,-33.722476,9.695712,-14.312822,37.895502
11391.0000,-27.228527,5.756405,-1.285720,27.860043
11392.0000,-22.135742,5.785494,-5.477891,23.525950
11393.0000,-23.819425,16.285179,-1.046429,28.873294
11394.0000,-18.284259,8.244996,-15.442241,25.313177
11395.0000,-12.325455,2.291209,-4.850362,13.442191
11396.0000,-15.069535,7.995086,-2.700656,17.271533
11397.0000,-18.735718,10.066043,-1.947121,21.357519
11398.0000,-8.534209,-7.367607,-5.233258,12.429857
11399.0000,-4.820639,-4.926887,-5.337875,8.718124
11400.0000,-12.003294,-17.121417,11.494995,23.861200
11401.0000,-14.679887,-8.326792,7.668191,18.537414
11402.0000,-8.937651,-4.237450,9.418698,13.658311
11403.0000,-19.575217,-6.513912,1.571334,20.690318
11404.0000,-16.603114,-7.080666,9.783401,20.530810
11405.0000,-14.503728,-10.702050,11.080886,21.158403
11406.0000,3.287467,-15.926972,6.886957,17.660863
11407.0000,6.831765,-15.296124,4.979930,17.476960
11408.0000,-1.528531,-8.688329,1.950585,9.034836
11409.0000,-8.599388,-17.164597,11.449632,22.353231
11410.0000,-4.346263,-18.880676,9.778319,21.702199
11411.0000,-9.630787,-22.166581,12.392259,27.160218
11412.0000,3.247273,-23.518938,5.661266,24.407687
11413.0000,-7.678816,-2.311775,3.742913,8.849741
11414.0000,-0.565635,-14.000629,13.001038,19.114512
11415.0000,5.877653,-13.090161,24.079554,28.030769
11416.0000,-9.646810,-11.701900,21.891495,26.631428
11417.0000,-10.972128,-19.882195,23.659908,32.794519
11418.0000,-8.645406,-8.154237,15.118011,19.229895
11419.0000,2.306905,-8.680188,12.678951,15.537802
11420.0000,2.434768,-6.281774,15.520046,16.919238
11421.0000,0.671944,-0.360395,17.051064,17.068104
11422.0000,6.500102,-13.785029,15.338605,21.622931
11423.0000,-2.369862,-3.226135,11.549073,12.223146
11424.0000,-6.273291,4.219247,30.086270,31.021604
11425.0000,1.211396,-2.354621,31.085183,31.197762
11426.0000,5.965632,-4.259350,31.542544,32.383065
11427.0000,5.547456,-9.102437,21.611170,24.097122
11428.0000,-0.107164,-6.750798,21.897200,22.914452
11429.0000,-18.330864,-0.086248,27.299644,32.883104
11430.0000,-18.966247,-4.443873,24.773475,31.514943
11431.0000,-1.896348,-5.804683,17.671896,18.697230
11432.0000,-4.477378,-11.090227,14.859902,19.075030
11433.0000,-10.977268,-1.563733,24.649277,27.028366
11434.0000,-5.044819,-8.362016,28.620069,30.240401
11435.0000,2.686887,-3.837705,19.984948,20.526702
11436.0000,13.019029,1.754992,28.375718,31.269098
11437.0000,1.559613,15.373690,34.687082,37.973364
11438.0000,1.179265,9.170529,21.748611,23.632422
11439.0000,1.860254,18.299728,22.943351,29.406427
11440.0000,7.435832,9.301573,28.253939,30.660984
11441.0000,13.306458,8.160793,22.955996,27.760370
11442.0000,-5.710232,-5.036722,18.601743,20.099756
11443.0000,-5.685002,5.389631,2.562274,8.242125
11444.0000,-2.821883,5.359871,14.710709,15.908998
11445.0000,-9.429318,-12.506437,23.122743,27.928198
11446.0000,-9.164425,4.546742,2.578601,10.550295
11447.0000,1.132676,-20.666729,7.159838,21.901140
11448.0000,-4.979125,1.057987,12.827556,13.800624
11449.0000,-5.589555,4.239003,4.443743,8.304163
11450.0000,-9.093979,-5.963442,13.385800,17.246529
11451.0000,-6.489579,-7.858468,16.787141,19.638693
11452.0000,-5.003222,-21.846741,15.651170,27.336266
11453.0000,-1.718643,-15.916271,28.656364,32.824817
11454.0000,-5.008441,-8.811958,12.343257,15.971570
11455.0000,-6.019005,-4.825826,15.002147,16.869541
11456.0000,-0.894827,-2.385921,16.200179,16.399364
11457.0000,-4.325615,-10.633532,15.824926,19.550224
11458.0000,-12.160003,-8.563579,19.630928,24.628721
11459.0000,-10.165100,-17.325938,17.317399,26.521872
11460.0000,-7.403173,-9.335716,-1.601988,12.022019
11461.0000,-11.098905,-10.289505,-0.254660,15.136858
11462.0000,5.821788,-15.682200,6.929394,18.106383
11463.0000,2.174097,-19.791132,-5.696297,20.709017
11464.0000,3.324806,-31.686725,8.562258,32.991137
11465.0000,-2.199586,-35.250930,1.586597,35.355106
11466.0000,-3.744151,-39.009414,6.609928,39.742222
11467.0000,5.944081,-25.271162,4.835692,26.407341
11468.0000,16.922130,-26.659056,-6.087195,32.157701
11469.0000,12.383848,-37.041687,-2.743590,39.153206
11470.0000,9.819149,-31.326077,-6.701075,33.505868
11471.0000,5.668074,-37.357308,-9.054250,38.854536
11472.0000,14.866754,-24.890918,-14.610985,32.466276
11473.0000,22.238640,-32.860138,-15.047242,42.435425
11474.0000,27.189610,-22.760068,-22.994683,42.261697
11475.0000,31.004282,-30.007237,-4.023484,43.334607
11476.0000,32.134074,-20.892738,-4.570818,38.600487
11477.0000,32.779345,-17.194505,-17.140896,40.791504
11478.0000,36.602015,-12.777392,-7.264744,39.442943
11479.0000,44.070396,-10.042097,-8.639265,46.018261
11480.0000,43.926626,-15.879828,-6.883319,47.213319
11481.0000,35.079973,-11.323096,-4.684679,37.158623
11482.0000,27.220176,2.692117,-0.927081,27.368686
11483.0000,18.109729,-13.922425,-1.039766,22.866511
11484.0000,28.499825,-20.595821,-3.793868,35.366952
11485.0000,26.560033,-20.117124,0.532768,33.322933
11486.0000,27.276583,-20.044653,9.678393,35.206128
11487.0000,30.591322,-17.012396,19.001878,39.828657
11488.0000,34.646133,-19.614021,8.766173,40.766532
11489.0000,41.235726,-16.360363,14.725908,46.742902
11490.0000,38.996289,-12.023848,16.428604,43.990710
11491.0000,39.581233,-11.685861,2.549378,41.348914
11492.0000,40.796967,-29.053202,24.188056,55.619629
11493.0000,31.244339,-18.664829,19.015566,41.063078
11494.0000,40.301435,-19.215259,16.491224,47.596137
11495.0000,22.459580,-1.518559,7.803413,23.825029
11496.0000,38.380159,-7.203934,0.343997,39.051909
11497.0000,30.198466,-12.360929,-4.520214,32.941952
11498.0000,25.616727,-6.563519,10.320104,28.386635
11499.0000,15.105289,-3.874805,5.167328,16.428182
11500.0000,10.061048,-6.713863,14.832402,19.138986
11501.0000,15.462907,-5.465459,9.163296,18.786664
11502.0000,22.375344,-1.746098,14.168942,26.541737
11503.0000,12.555941,-1.759739,23.381975,26.598216
11504.0000,1.039976,-0.996223,26.555942,26.594963
11505.0000,19.703440,-7.734836,23.595422,31.698536
11506.0000,13.173277,-11.034538,27.640031,32.546391
11507.0000,16.539416,-35.032618,24.101670,45.625948
11508.0000,16.332659,-26.748328,28.718880,42.508857
11509.0000,4.342644,-23.907049,30.293887,38.834587
11510.0000,-4.997726,-22.325058,29.785397,37.557361
11511.0000,1.588193,-17.316968,33.131040,37.417450
11512.0000,-0.178866,-31.157850,33.871409,46.022994
11513.0000,-14.274101,-34.870296,25.544591,45.521573
11514.0000,-2.659928,-41.997601,13.052313,44.059466
11515.0000,-0.881162,-47.753446,21.472254,52.366265
11516.0000,-2.056920,-44.215297,22.678351,49.734605
11517.0000,-1.121913,-44.301476,23.381750,50.105746
11518.0000,-4.867326,-38.213497,18.882050,42.900980
11519.0000,-8.689988,-43.308813,20.058633,48.513070
11520.0000,-11.515426,-45.281243,7.756029,47.361925
11521.0000,-14.986213,-39.777351,8.355443,43.320176
11522.0000,-2.812988,-38.980650,-0.791881,39.090038
11523.0000,-8.988964,-26.954319,4.385725,28.750154
11524.0000,7.423243,-33.426296,3.481054,34.417140
11525.0000,5.200188,-32.750224,7.120934,33.916469
11526.0000,-9.545422,-30.799433,10.487693,33.907401
11527.0000,-7.208865,-27.262441,17.846544,33.372258
11528.0000,-17.077052,-31.857983,9.661670,37.415299
11529.0000,-14.328612,-30.045691,15.422858,36.686744
11530.0000,-12.005637,-16.791939,15.090698,25.570172
11531.0000,-0.467933,-25.868883,14.781602,29.797883
11532.0000,-14.331689,-15.194284,13.995613,25.142410
11533.0000,4.095511,-13.418122,17.617001,22.520611
11534.0000,1.455585,-6.469204,13.563967,15.098031
11535.0000,5.598207,-14.353955,13.638710,20.576451
11536.0000,-1.120145,-16.240807,19.002847,25.022525
11537.0000,2.695687,-19.355393,16.069119,25.300485
11538.0000,-2.190611,-21.764290,14.949145,26.494528
11539.0000,3.006601,-17.442096,7.993391,19.420625
11540.0000,2.862137,-11.170208,12.379003,16.917597
11541.0000,-4.893648,-18.820078,6.656603,20.553673
11542.0000,-6.516112,-7.456078,13.835604,17.014017
11543.0000,7.294048,-19.219423,9.330221,22.575260
11544.0000,2.071601,-20.305819,0.918157,20.431858
11545.0000,1.483254,-16.815054,4.304813,17.420606
11546.0000,16.604694,-22.278196,2.818022,27.928035
11547.0000,5.123930,-12.906482,12.609239,18.756994
11548.0000,20.148420,-4.246488,5.021473,21.194496
11549.0000,14.506032,-10.020492,3.869335,18.050124
11550.0000,14.056328,-5.900743,5.009711,16.046692
11551.0000,14.814638,-0.591231,3.372351,15.205125
11552.0000,13.909082,1.462441,12.428557,18.710166
11553.0000,9.814181,0.621205,16.304229,19.040271
11554.0000,4.614441,-16.719494,16.295202,23.798491
11555.0000,18.854591,-3.174414,9.349392,21.283413
11556.0000,12.607609,-16.395107,19.126228,28.170267
11557.0000,3.597406,-10.045418,23.468044,25.779853
11558.0000,0.819271,-5.032365,15.130468,15.966433
11559.0000,0.917823,-17.228529,2.827451,17.483109
11560.0000,-4.531646,-14.714428,2.862854,15.660337
11561.0000,-1.226188,-5.094933,8.775178,10.220842
11562.0000,10.899107,-11.723609,3.484101,16.382079
11563.0000,10.876983,-26.854811,-5.309186,29.456359
11564.0000,11.993095,-13.694540,-7.378128,19.642085
11565.0000,20.970665,-14.951415,-1.720291,25.812265
11566.0000,25.513725,3.946913,-3.854277,26.103328
11567.0000,16.169029,-4.315555,-2.031164,16.857851
11568.0000,24.934013,-2.476089,-6.262517,25.827411
11569.0000,21.761421,-4.803181,-8.262596,23.767635
11570.0000,11.481267,-1.672288,-11.144092,16.087474
11571.0000,11.581403,-3.605598,-12.060538,17.105139
11572.0000,13.844481,-0.885767,4.882368,14.706861
11573.0000,19.777099,3.216439,-2.378076,20.177571
11574.0000,17.181603,-7.493287,-19.506853,27.053172
11575.0000,20.765021,-9.423631,-17.050941,28.473242
11576.0000,18.783902,-5.368916,-24.106625,31.028851
11577.0000,14.163583,-7.888023,-15.692590,22.562921
11578.0000,17.278634,-10.133135,-20.744797,28.837098
11579.0000,10.902926,-4.383788,-5.284941,12.884952
11580.0000,18.826913,-6.724239,-2.408801,20.136295
11581.0000,19.413230,-0.098553,-7.641463,20.863249
11582.0000,8.630826,-0.314187,1.836768,8.829699
11583.0000,1.266406,4.660877,2.204769,5.309290
11584.0000,-0.005305,5.532807,-2.858153,6.227440
11585.0000,1.566919,5.455424,-5.473165,7.884949
11586.0000,10.833168,6.024976,-1.101557,12.444729
11587.0000,0.249821,11.857273,15.682876,19.662399
11588.0000,-0.337466,-0.837289,10.408257,10.447332
11589.0000,10.853286,-9.558562,4.699965,15.206894
11590.0000,7.592809,1.255777,0.002045,7.695955
11591.0000,11.456762,-2.623966,-4.372824,12.540502
11592.0000,14.504600,-4.062614,-6.426311,16.376377
11593.0000,8.509926,-3.509116,-6.991777,11.559311
11594.0000,14.265012,-8.516624,2.116228,16.748190
11595.0000,12.353779,-8.959924,6.050439,16.416574
11596.0000,9.072188,-13.505853,-3.522850,16.647016
11597.0000,3.066348,-16.567087,-1.248320,16.894649
11598.0000,5.273838,-26.850365,-3.405373,27.574482
11599.0000,5.521265,-35.657593,-3.833650,36.285605
11600.0000,5.431383,-23.203785,2.623272,23.974927
11601.0000,5.264611,-29.147593,-1.198745,29.643470
11602.0000,15.700436,-26.026549,3.740560,30.624773
11603.0000,16.272826,-17.659487,7.154954,25.057049
11604.0000,8.709376,-17.358820,-9.001891,21.405978
11605.0000,14.402384,-13.260946,6.400263,20.597202
11606.0000,15.698161,-9.329628,0.965619,18.286788
11607.0000,16.416689,-5.440958,6.417088,18.446970
11608.0000,6.982830,8.736086,0.374754,11.190154
11609.0000,10.999871,-5.824398,-2.922135,12.785134
11610.0000,-3.860671,-0.316939,-3.332298,5.109740
11611.0000,4.876090,-0.441792,-9.202214,10.423635
11612.0000,17.276354,8.212000,-8.459575,20.915873
11613.0000,4.106144,14.065687,-5.744190,15.738478
11614.0000,10.646793,16.365579,-9.510400,21.717138
11615.0000,8.684935,12.398889,4.105143,15.684793
11616.0000,11.698701,18.705781,-2.649256,22.221260
11617.0000,5.299472,14.286451,-0.023620,15.237704
11618.0000,12.104715,26.226915,2.562964,28.999034
11619.0000,11.312969,20.042464,3.255095,23.243908
11620.0000,12.132636,22.878864,3.014772,26.071673
11621.0000,7.484734,9.719788,-0.378653,12.273504
11622.0000,10.324469,22.260731,-8.720917,26.042066
11623.0000,17.730540,12.125512,-7.293022,22.684537
11624.0000,16.149504,3.046104,-7.033767,17.876216
11625.0000,5.458662,0.123918,-5.163890,7.515192
11626.0000,5.750798,16.214811,9.692965,19.747034
11627.0000,18.567237,9.997118,-0.230981,21.088813
11628.0000,19.048919,15.754184,6.964822,25.681986
11629.0000,22.710365,4.672284,-2.286745,23.298500
11630.0000,13.651874,10.497801,-0.063177,17.221541
11631.0000,13.095321,11.717296,2.352548,17.728986
11632.0000,4.093372,18.625714,5.236816,19.776177
11633.0000,8.704469,16.256854,17.679463,25.546360
11634.0000,12.561699,13.178944,10.621174,21.078192
11635.0000,19.777427,12.812410,3.919114,23.888573
11636.0000,32.650689,0.744651,0.171590,32.659630
11637.0000,28.795327,10.835672,-6.274416,31.399855
11638.0000,27.706594,2.679551,3.344094,28.036018
11639.0000,23.376597,3.906246,16.665125,28.973271
11640.0000,27.301412,7.492588,3.258086,28.497738
11641.0000,16.889507,5.668203,3.797526,18.215520
11642.0000,34.831565,-1.768348,1.619447,34.914003
11643.0000,41.999635,6.331484,3.954075,42.657845
11644.0000,42.849227,-0.487106,9.364435,43.863267
11645.0000,41.279293,2.954289,9.104009,42.374412
11646.0000,47.108248,15.918123,-2.543732,49.790002
11647.0000,45.346766,13.989464,0.518607,47.458437
11648.0000,37.803537,8.932252,5.376694,39.214810
11649.0000,40.374133,28.103075,-2.879284,49.276198
11650.0000,41.327885,28.809321,6.751382,50.828655
11651.0000,54.392078,24.437764,4.803417,59.822866
11652.0000,48.755733,20.497493,14.621868,54.873197
11653.0000,47.158927,20.819871,11.438958,52.804178
11654.0000,51.298455,25.771676,2.873618,57.480157
11655.0000,53.067858,12.639267,-3.513690,54.665297
11656.0000,44.120827,14.783016,-3.445999,46.658974
11657.0000,45.440019,8.820611,-6.258170,46.709348
11658.0000,47.746292,13.958757,-10.593658,50.860406
11659.0000,38.674798,1.481004,-0.851986,38.712521
11660.0000,43.253742,13.016502,-9.781648,46.216838
11661.0000,35.754074,7.909196,-11.663459,38.431048
11662.0000,29.153121,20.559664,-9.643245,36.953977
11663.0000,37.275596,4.776910,-2.168117,37.642923
11664.0000,24.950881,-3.465373,-2.628766,25.327173
11665.0000,31.827546,4.665470,-4.876966,32.535274
11666.0000,29.577466,0.718244,-15.939157,33.606533
11667.0000,24.865800,-3.715918,-12.565680,28.107159
11668.0000,36.881314,-1.848509,-16.571584,40.475495
11669.0000,32.750131,-8.472221,-8.781065,34.949344
11670.0000,41.761057,-4.298937,-4.914633,42.268432
11671.0000,43.995515,-7.555517,-7.145891,45.207908
11672.0000,37.102507,-4.253281,-0.945666,37.357472
11673.0000,40.381495,-5.607818,-5.626487,41.155439
11674.0000,36.749179,-0.516802,-14.303590,39.438077
11675.0000,32.875081,1.125615,-15.363546,36.305324
11676.0000,30.506543,-9.098104,-7.259684,32.651611
11677.0000,41.524898,2.993346,-21.199236,46.719214
11678.0000,32.539159,3.416312,-26.663591,42.206814
11679.0000,34.001266,10.866358,-25.625067,43.940959
11680.0000,28.181136,-0.503122,-13.655896,31.319531
11681.0000,20.647968,5.804242,-7.904521,22.858461
11682.0000,25.468785,-8.456519,-11.926543,29.366889
11683.0000,13.577238,-0.306653,-19.240475,23.550611
11684.0000,12.010155,-2.400648,-22.481003,25.600829
11685.0000,21.247591,-5.072487,-17.609341,28.058494
11686.0000,8.983544,-0.727924,-10.538991,13.867382
11687.0000,17.934818,-12.109705,-9.110989,23.480050
11688.0000,7.474130,-16.132296,-2.345816,17.933668
11689.0000,6.134824,-9.765349,-14.724550,18.703222
11690.0000,3.342834,-11.659038,-6.576552,13.797055
11691.0000,9.437273,-17.092159,-15.212766,24.751409
11692.0000,2.130860,-1.713319,-3.215264,4.220657
11693.0000,13.393673,-4.892033,-12.833049,19.183576
11694.0000,4.072700,2.604343,-17.275747,17.939368
11695.0000,8.385242,-13.146855,-10.665301,18.891816
11696.0000,12.210241,-14.401743,-20.620415,27.958929
11697.0000,6.691196,-13.267342,-14.422520,20.707573
11698.0000,9.134217,-13.977602,-19.274852,25.501513
11699.0000,13.146729,-9.649078,-15.088758,22.217376
11700.0000,17.337586,4.572623,-21.331033,27.865996
11701.0000,18.224781,6.693735,-15.199515,24.657128
11702.0000,10.856600,2.204869,-19.813864,22.700582
11703.0000,23.970515,-11.826431,-23.737896,35.748256
11704.0000,24.414059,-10.553772,-11.127775,28.831506
11705.0000,21.959612,-11.583842,-22.583829,33.562468
11706.0000,20.799476,-18.551922,-34.838008,44.614782
11707.0000,14.590344,-9.223804,-26.965842,32.017391
11708.0000,24.549149,-22.938607,-9.661374,34.959728
11709.0000,22.248615,-3.078041,-19.569834,29.790160
11710.0000,22.311365,-12.053897,-12.280189,28.176169
11711.0000,14.375882,8.366102,-13.792710,21.607788
11712.0000,11.059477,6.507839,-10.444791,16.545623
11713.0000,21.624964,-1.129920,-22.055608,30.908990
11714.0000,18.760126,0.276728,-20.992688,28.155139
11715.0000,26.463401,-2.488694,-10.329986,28.516904
11716.0000,25.177602,-5.429088,-4.741752,26.189136
11717.0000,16.263954,-10.006257,6.539129,20.184191
11718.0000,10.923473,7.763573,-0.072970,13.401517
11719.0000,15.514758,1.959499,-2.455866,15.829676
11720.0000,18.461058,-0.196417,-5.938247,19.393608
11721.0000,17.469624,4.139512,0.269581,17.955389
11722.0000,8.899875,3.580033,5.650952,11.133628
11723.0000,5.713632,6.696352,-1.247472,8.890608
11724.0000,11.026308,7.962457,0.020631,13.600758
11725.0000,8.155343,6.879249,-8.814543,13.839431
11726.0000,9.758583,16.219889,-7.013529,20.186737
11727.0000,10.897116,9.370753,-7.621023,16.267702
11728.0000,20.197813,-6.601024,-2.579265,21.405088
11729.0000,12.645176,2.238117,6.450491,14.370750
11730.0000,12.828127,4.493604,10.439295,17.138618
11731.0000,8.747367,9.021704,17.739071,21.738956
11732.0000,8.884848,1.730830,19.105784,21.141601
11733.0000,4.989843,3.541839,11.748336,13.246379
11734.0000,-4.000808,6.563650,13.451722,15.493121
11735.0000,3.214917,2.404533,1.455058,4.270207
11736.0000,-5.563036,3.021665,11.981722,13.551365
11737.0000,1.624408,-8.939129,10.997490,14.265046
11738.0000,-10.589480,1.988821,-4.437421,11.652605
11739.0000,-8.174530,4.616674,9.352317,13.251508
11740.0000,7.925640,-2.376724,-1.113065,8.348862
11741.0000,1.017721,0.381316,-1.540285,1.885109
11742.0000,8.137359,-16.635072,1.596668,18.587404
11743.0000,7.649704,-7.071948,-3.782043,11.083063
11744.0000,4.058051,1.034469,7.943304,8.979643
11745.0000,-1.617124,-11.353439,0.698435,11.489277
11746.0000,9.811352,-10.572731,9.762843,17.417186
11747.0000,6.310702,-6.397178,-3.433741,9.619741
11748.0000,23.603822,-5.077416,-11.952285,26.940262
11749.0000,11.189443,-2.865314,1.580195,11.658073
11750.0000,8.332439,1.148062,-1.021719,8.472986
11751.0000,9.074274,8.198576,10.582688,16.172581
11752.0000,5.315387,-5.159978,13.875054,15.728822
11753.0000,14.684062,-0.902246,-6.866898,16.235455
11754.0000,3.094255,1.407018,-3.168060,4.646582
11755.0000,7.753811,-0.207254,-2.989661,8.312798
11756.0000,0.562510,-7.186180,7.701290,10.548339
11757.0000,-0.666108,-5.670759,6.247690,8.463737
11758.0000,-0.195751,-4.739212,4.208267,6.340975
11759.0000,5.180912,-7.390110,19.270041,21.278864
11760.0000,0.681079,-7.408043,7.759930,10.749860
11761.0000,2.086617,5.899684,11.628990,13.205819
11762.0000,0.736276,6.929668,8.268946,10.813782
11763.0000,-1.609527,5.780489,18.467877,19.418216
11764.0000,3.832249,4.458816,9.500850,11.172884
11765.0000,8.691473,6.039924,13.270125,16.974057
11766.0000,-1.878029,0.699689,6.349143,6.657940
11767.0000,6.777256,-7.141848,12.985053,16.295668
11768.0000,6.448770,5.818119,17.786683,19.794020
11769.0000,-6.115358,-2.704673,16.391285,17.702743
11770.0000,-11.633481,-4.051303,23.057926,26.142282
11771.0000,-8.278332,-4.008918,21.900493,23.753606
11772.0000,-4.229070,-0.718150,9.396872,10.329665
11773.0000,4.408399,-3.276647,0.520948,5.517408
11774.0000,1.385539,-4.375020,13.957317,14.692421
11775.0000,6.010703,-4.350529,11.986683,14.097384
11776.0000,3.483855,-10.031373,24.122857,26.356743
11777.0000,-2.311119,4.371135,18.070036,18.734308
11778.0000,0.418519,-2.745676,13.330267,13.616531
11779.0000,3.925829,-11.745216,11.912383,17.183338
11780.0000,-2.497930,-6.488709,4.689262,8.386428
11781.0000,-4.081497,4.273094,7.128110,9.258936
11782.0000,1.085345,-4.251323,13.823908,14.503522
11783.0000,-6.622649,-6.364975,14.002883,16.746734
11784.0000,-11.010462,-5.852019,18.686615,22.464772
11785.0000,-12.477971,-12.572476,8.744940,19.754516
11786.0000,-2.458709,-5.509395,9.164274,10.971901
11787.0000,-8.219457,-2.827402,0.290446,8.697012
11788.0000,-8.411353,-10.060238,2.420395,13.334825
11789.0000,-16.141949,-12.271376,7.334374,21.562519
11790.0000,-2.741437,-18.370082,18.825825,26.445927
11791.0000,2.482018,-20.881503,1.438550,21.077643
11792.0000,8.580716,-8.856374,-2.988559,12.688401
11793.0000,6.219485,-24.174546,-8.837390,26.479995
11794.0000,0.014157,-11.148247,-5.175940,12.291215
11795.0000,8.787947,-11.521577,-0.875437,14.516926
11796.0000,3.540670,-28.868660,0.087570,29.085108
11797.0000,19.619396,-22.356644,-2.504075,29.849801
11798.0000,6.414323,-16.410537,2.752621,17.833289
11799.0000,5.757574,-18.511437,0.085342,19.386341
11800.0000,6.411580,-12.051238,3.691233,14.140930
11801.0000,4.149856,-8.179943,3.641430,9.868779
11802.0000,-7.005608,-16.889487,14.516013,23.346262
11803.0000,-8.050190,-8.902119,11.594261,16.687725
11804.0000,-11.368923,-7.796767,-0.489453,13.794257
11805.0000,-4.927988,-15.774316,4.591644,17.152181
11806.0000,-1.905591,-14.884153,-8.142277,17.072375
11807.0000,4.654484,-9.407111,2.181738,10.719978
11808.0000,10.875656,-8.086790,-9.924926,16.798221
11809.0000,11.836378,-13.729895,-9.635990,20.529544
11810.0000,31.722440,-16.892141,-7.800574,36.776440
11811.0000,7.661264,-7.680704,-2.234635,11.076181
11812.0000,5.284700,-7.439384,-0.671294,9.150034
11813.0000,4.339286,-4.146784,-4.943067,7.775547
11814.0000,5.453499,-14.153491,2.548761,15.380447
11815.0000,11.973024,-7.333815,-0.174903,14.041679
11816.0000,14.628910,-2.277482,-4.329114,15.425083
11817.0000,15.391516,-10.990353,-3.181721,19.178372
11818.0000,9.430197,-0.745607,-3.084936,9.949944
11819.0000,17.753624,-18.621591,-6.134024,26.449595
11820.0000,18.703424,-9.525047,4.719023,21.513107
11821.0000,18.706830,-0.522727,17.270601,25.465514
11822.0000,20.638386,-0.948837,8.280979,22.257984
11823.0000,8.138360,1.458258,0.693618,8.297019
11824.0000,17.597637,-14.760736,0.282305,22.970325
11825.0000,7.014277,-11.298942,-12.844078,18.488821
11826.0000,13.823211,-10.084035,-12.995709,21.486214
11827.0000,14.320632,2.247105,-16.777963,22.172732
11828.0000,17.712710,-9.835465,-19.432224,28.072901
11829.0000,19.813052,5.949509,-20.825407,29.353897
11830.0000,8.902369,-10.398633,-12.565220,18.581402
11831.0000,13.038466,-5.601940,-22.855837,26.903023
11832.0000,20.835124,-6.393732,-10.932239,24.382290
11833.0000,20.713726,-8.077421,-8.231517,23.707827
11834.0000,33.798265,-11.317211,-33.266822,48.755343
11835.0000,25.971233,-0.349668,-17.607444,31.379121
11836.0000,34.591115,4.264652,-27.233394,44.231100
11837.0000,14.210843,-7.091934,-23.892400,28.689552
11838.0000,0.355316,-10.155452,-29.118912,30.841052
11839.0000,1.765031,1.489922,-27.307246,27.404760
11840.0000,15.852411,-2.673260,-25.799422,30.398280
11841.0000,-0.269779,4.202541,-19.014786,19.475528
11842.0000,16.705176,9.558528,-18.202778,26.490932
11843.0000,4.135310,3.973603,-14.595691,15.681980
11844.0000,14.919814,-1.622556,-19.181317,24.354804
11845.0000,6.575268,2.309258,-27.216941,28.094994
11846.0000,11.741596,2.614496,-20.373204,23.659419
11847.0000,-3.643338,-3.313297,-9.322486,10.543272
11848.0000,0.825356,13.269962,-23.014851,26.579249
11849.0000,-0.872751,6.425535,-10.971443,12.744479
11850.0000,-2.519591,3.622591,-8.915041,9.947335
11851.0000,-3.276413,-4.376721,-7.574019,9.341110
11852.0000,-5.737817,-5.042177,-9.076028,11.862562
11853.0000,-2.228779,8.860026,-4.038748,9.988944
11854.0000,-4.820795,4.504692,-9.694057,11.726340
11855.0000,-0.535017,-8.243590,-16.379729,18.344987
11856.0000,-7.240192,2.942719,-9.059314,11.964579
11857.0000,-5.970916,7.597471,7.925428,12.497432
11858.0000,0.548041,3.959148,-7.567529,8.558195
11859.0000,-0.640420,-0.467690,-2.752271,2.864240
11860.0000,-0.546597,-0.784218,-9.493223,9.541229
11861.0000,-13.517616,-6.377408,-9.840361,17.894971
11862.0000,-9.184633,8.851938,-23.611120,26.836529
11863.0000,-5.378186,-8.920033,-22.161752,24.487448
11864.0000,-9.046005,-4.355027,-13.281366,16.649059
11865.0000,-6.751182,2.010607,-10.404098,12.564484
11866.0000,-13.992411,9.524516,-10.394812,19.863436
11867.0000,-9.856674,2.149813,-5.512985,11.496466
11868.0000,-5.382552,3.131284,-2.482364,6.703651
11869.0000,-11.564018,14.877751,-9.132811,20.939967
11870.0000,-20.352861,15.744279,-14.223512,29.401183
11871.0000,-15.619224,17.241941,-4.890993,23.773231
11872.0000,-13.488914,14.755048,-8.425623,21.694546
11873.0000,-19.739926,24.834395,-16.077125,35.565233
11874.0000,-21.107941,21.257567,-12.491481,32.457148
11875.0000,-25.162277,13.619497,-16.533818,33.045393
11876.0000,-17.449619,24.144767,-13.059806,32.527181
11877.0000,-17.468408,18.587648,-13.312986,28.772931
11878.0000,-17.050412,12.044703,-8.953169,22.714547
11879.0000,-7.847133,19.235567,-4.184648,21.191881
11880.0000,-21.691058,21.526338,-9.440828,31.984597
11881.0000,-19.956735,29.725217,-9.838254,37.130190
11882.0000,-14.929773,17.649154,-3.092122,23.322778
11883.0000,-15.409589,16.596513,-7.534078,23.867593
11884.0000,-20.215720,23.098140,-8.791327,31.929404
11885.0000,-25.299136,23.162292,-15.178847,37.509138
11886.0000,-22.133984,20.990712,2.700771,30.623804
11887.0000,-27.685962,19.596198,2.064220,33.982120
11888.0000,-24.136664,7.932844,-8.965086,26.942185
11889.0000,-29.892812,3.252236,0.188429,30.069798
11890.0000,-25.871482,15.330160,2.548300,30.180146
11891.0000,-24.593417,9.039987,9.852015,27.993209
11892.0000,-15.286002,11.613470,6.390174,20.232866
11893.0000,-22.346954,7.411748,2.279961,23.654145
11894.0000,-18.588934,15.461248,-1.346847,24.215959
11895.0000,-19.637174,5.246800,-2.212406,20.446081
11896.0000,-17.035176,9.824461,-2.398094,19.810808
11897.0000,-24.058553,4.961910,-7.946719,25.818305
11898.0000,-42.032615,5.025421,-15.682916,45.143654
11899.0000,-25.426531,7.330919,-24.491275,36.056531
11900.0000,-25.768216,20.626207,-7.494357,33.846813
11901.0000,-33.711971,18.689799,-10.570152,39.969160
11902.0000,-43.900479,9.365618,-6.499540,45.356486
11903.0000,-32.062385,18.172638,-12.719710,38.987592
11904.0000,-33.781142,15.521291,2.448764,37.256845
11905.0000,-34.453332,16.592334,-5.846789,38.684914
11906.0000,-36.868475,18.199606,-13.825125,43.377923
11907.0000,-38.263882,13.911524,-1.267582,40.734039
11908.0000,-38.589379,7.790164,5.838397,39.798413
11909.0000,-21.913985,13.996088,1.723954,26.059263
11910.0000,-32.323962,17.276420,4.682455,36.949135
11911.0000,-31.247127,14.175343,9.324676,35.556615
11912.0000,-26.172951,22.046537,0.030084,34.220959
11913.0000,-19.728055,5.889607,9.282696,22.584332
11914.0000,-29.623495,20.043701,6.876154,36.422286
11915.0000,-21.440043,12.441791,3.556455,25.042403
11916.0000,-27.461701,1.676805,6.628857,28.300149
11917.0000,-28.013484,12.018228,4.677837,30.839508
11918.0000,-24.269099,9.897221,0.929333,26.226091
11919.0000,-18.965461,-3.155437,7.793892,20.745849
11920.0000,-14.926373,-10.110708,4.467008,18.573562
11921.0000,-12.586874,-0.122775,13.335986,18.338293
11922.0000,-10.664822,3.507246,18.055660,21.261375
11923.0000,-12.968055,-8.685158,11.307512,19.273356
11924.0000,-11.748500,-8.500986,10.252439,17.759688
11925.0000,-7.799528,-5.730056,11.786814,15.251071
11926.0000,-3.746780,-9.755609,14.321377,17.728849
11927.0000,5.755183,-19.978052,14.072021,25.105108
11928.0000,2.374501,-16.437194,5.017960,17.349338
11929.0000,6.445911,-10.966171,12.062309,17.530145
11930.0000,15.376858,-10.873791,9.986783,21.317198
11931.0000,7.484696,-7.975875,16.165500,19.518162
11932.0000,-2.723805,-14.467470,11.251861,18.529198
11933.0000,10.993183,-6.012433,-0.854890,12.559071
11934.0000,5.561240,-5.609418,6.400227,10.166408
11935.0000,15.566475,7.909590,-4.750749,18.095479
11936.0000,12.325342,-2.196173,-3.913020,13.116743
11937.0000,12.674693,5.460478,-6.243228,15.147361
11938.0000,1.203909,13.593714,5.390616,14.673010
11939.0000,3.590767,-5.640167,-2.553544,7.157212
11940.0000,12.002666,-2.980165,2.206036,12.562324
11941.0000,24.603378,-6.168811,0.703726,25.374705
11942.0000,9.242317,-6.208022,3.030402,11.538774
11943.0000,16.802152,2.561209,5.124623,17.752010
11944.0000,12.971663,5.366373,1.486934,14.116408
11945.0000,9.626570,7.252091,-2.992269,12.418427
11946.0000,13.796419,-0.250984,1.386360,13.868171
11947.0000,17.698905,2.333910,-5.130366,18.574688
11948.0000,20.874625,-7.668528,-1.818947,22.312885
11949.0000,8.218095,-3.596210,-0.007254,8.970500
11950.0000,22.212716,-5.319504,0.085468,22.840954
11951.0000,13.631547,-1.682302,-0.217841,13.736690
11952.0000,25.136368,-18.087434,-7.965627,31.975671
11953.0000,18.022296,1.085116,-5.125522,18.768367
11954.0000,19.336378,-2.116221,-6.946533,20.654981
11955.0000,15.009472,-4.737950,-8.267967,17.778968
11956.0000,10.859773,-1.350742,-5.090469,12.069467
11957.0000,18.900127,-0.531346,-16.107550,24.838484
11958.0000,20.596173,2.066423,-10.514913,23.217145
11959.0000,21.129133,0.649859,-11.354560,23.995596
11960.0000,31.873446,-4.283996,-6.774524,32.865839
11961.0000,20.378952,7.025959,-7.983713,22.987072
11962.0000,29.993055,18.128665,-7.136946,35.765456
11963.0000,35.766359,14.878687,-6.200357,39.230755
11964.0000,28.747805,8.445683,-6.357949,30.629877
11965.0000,31.678817,20.028223,-9.712356,38.717012
11966.0000,22.125237,13.867651,-11.271022,28.440707
11967.0000,22.076778,10.924274,-15.905742,29.320923
11968.0000,27.734907,14.429567,-3.455227,31.454350
11969.0000,26.389465,17.250485,-10.336767,33.178786
11970.0000,17.146042,24.106175,-9.093556,30.948137
11971.0000,5.712590,13.032152,-10.385790,17.616336
11972.0000,5.206826,8.150838,-15.813146,18.536526
11973.0000,17.754235,2.060733,-18.882263,25.999987
11974.0000,12.230098,-0.757727,-19.905927,23.375102
11975.0000,19.375313,15.977482,-21.906320,33.325208
11976.0000,15.340031,14.434276,-26.012713,33.471273
11977.0000,13.329357,8.166303,-18.891114,24.520082
11978.0000,5.615575,15.247979,-17.771217,24.080110
11979.0000,2.605170,17.008800,-18.654545,25.378697
11980.0000,14.686148,21.763758,-14.355320,29.923558
11981.0000,13.734181,23.795149,-6.081465,28.139315
11982.0000,16.021687,21.287687,-8.352724,27.921821
11983.0000,10.655976,21.534591,-25.105751,34.750355
11984.0000,17.427006,22.433836,-14.940455,32.096647
11985.0000,14.477977,10.561015,-19.412899,26.419831
11986.0000,14.101066,3.234695,-15.382493,21.116922
11987.0000,8.429028,1.878947,-16.241359,18.394583
11988.0000,5.135562,6.512214,-10.337227,13.252969
11989.0000,-5.047695,-5.808432,-9.346909,12.107098
11990.0000,5.337691,-4.222006,-15.347870,16.789086
11991.0000,-2.674562,5.294943,-4.278893,7.314275
11992.0000,-7.544681,0.019632,-15.004859,16.794892
11993.0000,-11.961659,11.682202,-7.369724,18.272054
11994.0000,-6.495907,7.794422,-18.139326,20.784248
11995.0000,3.473735,4.219876,-12.134740,13.308873
11996.0000,-1.086554,2.679401,1.893101,3.455954
11997.0000,4.020641,7.999813,-6.262143,10.925978
11998.0000,1.908895,8.777868,5.443749,10.503773
11999.0000,7.111440,-3.074706,-10.210662,12.817332
12000.0000,1.837471,-1.687511,-1.026401,2.697682
