#"Step","Time (ps)","Potential Energy (kJ/mole)","Kinetic Energy (kJ/mole)","Total Energy (kJ/mole)","Temperature (K)","Box Volume (nm^3)","Density (g/mL)","Speed (ns/day)"
500,1.0000000000000007,-55604.00680543132,11255.782864632012,-44348.22394079931,176.99673308215384,70.46382553738697,0.9628723154213127,0
1000,2.0000000000000013,-54900.60736514952,11836.491353590922,-43064.116011558595,186.12835072749488,66.68109151906116,1.0174948445352396,41.5
1500,2.999999999999891,-54473.76863543217,12528.05235550338,-41945.71627992879,197.0031196829395,63.09173639543576,1.0753811945098963,41.5
2000,3.999999999999781,-54061.91648439333,13365.056599181153,-40696.85988521218,210.16497776856176,61.145993027944016,1.1096011936157533,41.6
2500,4.999999999999671,-53443.82722302752,13879.983539225463,-39563.84368380206,218.26218320153208,59.35622079562056,1.1430590751767198,41.6
3000,5.999999999999561,-53139.38074449552,14342.253609487409,-38797.12713500811,225.53136147389537,58.00005111466429,1.1697863285412367,41.1
3500,6.999999999999451,-52954.60958292632,14955.994713724775,-37998.61486920155,235.1824156666327,57.400002816886946,1.1820150438854435,18.5
4000,7.999999999999341,-52916.680963021696,15360.301518850109,-37556.37944417159,241.54012392475187,56.248661288161074,1.2062094509422117,20.1
4500,8.999999999999675,-52534.50446400647,15714.273925714637,-36820.230538291835,247.10632579358088,56.20239281883244,1.2072024596414093,21.5
5000,10.000000000000009,-52047.19350231076,15796.782777169348,-36250.41072514141,248.40377416598443,55.53416944779715,1.2217283075135374,22.7
5500,11.000000000000343,-52145.453094457735,16471.46503973529,-35673.988054722446,259.01312562370305,55.108015234678035,1.2311760196714987,23.8
6000,12.000000000000677,-51883.686813448374,16515.605739348266,-35368.081074100104,259.70723635073267,54.56788158985339,1.2433626681458554,24.8
6500,13.00000000000101,-51864.46619581623,16761.791753768117,-35102.67444204811,263.578501531207,53.93683442893939,1.2579096931989036,25.7
7000,14.000000000001345,-51629.93317547875,16981.542055732287,-34648.39111974646,267.0340661959885,54.05950436957529,1.2550552884242108,26.4
7500,15.000000000001679,-51405.95558739996,17087.836781999973,-34318.118805399994,268.7055464936725,53.87231536061079,1.259416202820839,41.6
8000,16.00000000000201,-51490.60613136129,17378.172666807994,-34112.433464553294,273.27106661124776,54.05188622135688,1.2552321776667132,41.6
8500,17.000000000001457,-51196.719829682814,17539.804965340314,-33656.9148643425,275.8127280083127,54.10439184922935,1.2540140371172774,41.6
9000,18.000000000000902,-51064.53310952371,17438.844569114764,-33625.68854040895,274.2251298361099,53.587739504746494,1.266104289445119,41.6
9500,19.000000000000348,-51423.41478755524,17740.8156052341,-33682.59918232114,278.97361224034137,53.30750139689428,1.2727602133042395,41.6
10000,19.999999999999794,-51152.13244762808,17709.4227729219,-33442.70967470618,278.47996121417276,53.470527991646605,1.268879687502369,41.6
10500,20.99999999999924,-51027.19659976311,17703.699027146293,-33323.49757261682,278.3899555419367,53.7361610338384,1.2626072563297293,41.6
11000,21.999999999998685,-50893.003253868534,17634.276326395346,-33258.72692747319,277.29828636330785,53.7366797791007,1.2625950677923083,41.5
11500,22.99999999999813,-50830.12418785739,17642.687747998076,-33187.43643985932,277.4305556298853,53.53267585153421,1.2674066029651447,41.5
12000,23.999999999997577,-51084.523046874994,17907.121237166968,-33177.401809708026,281.5887616172695,53.12499905618582,1.2771325751341749,41.5
12500,24.999999999997023,-51035.93081602175,18017.460281682503,-33018.47053433924,283.3238386568259,53.207358558660765,1.275155705649729,41.5
13000,25.99999999999647,-51142.200711744525,18316.90362336932,-32825.297088375206,288.03257316771527,53.226098347094535,1.2747067501770177,41.3
13500,26.999999999995914,-51192.28695362772,18416.570589407813,-32775.71636421991,289.59983220222045,52.924098221500834,1.281980593503312,41.5
14000,27.99999999999536,-50490.28700273353,17646.457420732553,-32843.82958200098,277.48983358210023,53.13703608265285,1.276843268847221,41.5
14500,28.999999999994806,-50912.9070840596,18272.857406122137,-32640.049677937466,287.3399481720897,53.21800595270857,1.2749005836280125,41.4
15000,29.99999999999425,-50703.50765353648,17893.678420681954,-32809.82923285452,281.377373868422,52.85268153452788,1.2837128576778705,41.4
15500,30.999999999993697,-50696.52131719521,18045.286805307333,-32651.23451188788,283.7614096222453,53.20364389981068,1.2752447365521262,41.4
16000,31.999999999993143,-50634.516475209304,18270.40509023664,-32364.111384972664,287.3013856033694,53.44406747414925,1.2695079183755043,41.4
16500,32.999999999994365,-50409.03581665773,18322.828781811193,-32086.207034846535,288.12574604603196,53.314472974575494,1.272593782948624,41.4
17000,33.99999999999559,-50461.41348138778,18530.08243102769,-31931.33105036009,291.38480134870144,53.445295845205955,1.269478740376608,41.4
17500,34.99999999999681,-50468.708762518065,18530.687793696146,-31938.02096882192,291.3943206523283,53.242542681023615,1.274313048028209,41.4
18000,35.99999999999803,-50708.76974318761,18878.9217567188,-31829.84798646881,296.8702857224199,52.9958544031322,1.2802447967442758,41.4
18500,36.999999999999254,-50105.878791536394,18172.68292935537,-31933.195862181023,285.7647085517835,53.443193517570165,1.2695286786393367,41.4
19000,38.000000000000476,-50349.59688383229,18464.626058784248,-31884.97082504804,290.35550252641315,52.96438284481164,1.2810055211522875,41.4
19500,39.0000000000017,-50366.26325094101,18470.52318549127,-31895.74006544974,290.44823460682613,53.03220384024469,1.279367288846093,41.4
20000,40.00000000000292,-51020.21177902813,18847.03602412112,-32173.175754907013,296.3688838590761,52.725592028688986,1.2868071127908818,41.4
20500,41.00000000000414,-50597.82366701727,18339.430447216124,-32258.393219801146,288.3868065671645,52.90593550469585,1.2824207000858185,41.4
21000,42.000000000005365,-50573.10094385563,18437.884243956356,-32135.216699899272,289.934988563222,52.895919629084396,1.2826635272510076,41.3
21500,43.00000000000659,-50829.38730698135,18620.00466172406,-32209.38264525729,292.79882481167425,53.05218522544084,1.2788854325286358,41.4
22000,44.00000000000781,-50782.92273105797,18550.032368018594,-32232.89036303938,291.6985133059283,52.80275031880981,1.2849267592877256,41.3
22500,45.00000000000903,-50723.70746778236,18675.20399433036,-32048.503473452,293.6668320979848,52.73440574983768,1.2865920433518123,41.3
23000,46.00000000001025,-50859.89051436806,18658.877647539353,-32201.012866828707,293.41010095098886,52.98978088946811,1.2803915341743213,41.3
23500,47.000000000011475,-50561.93139428729,18546.18289961914,-32015.74849466815,291.63798057008927,53.07011462383133,1.2784533692746154,41.3
24000,48.0000000000127,-50363.452755114966,18565.02146876556,-31798.431286349405,291.93421631263686,52.800068449239646,1.2849920244678064,41.3
24500,49.00000000001392,-50474.924224535025,18799.130442256104,-31675.79378227892,295.61557050997527,53.09779559054021,1.2777868853884173,41.2
25000,50.00000000001514,-50362.38319525185,18739.503700808153,-31622.8794944437,294.67794239760434,53.51733110417031,1.2677699999008398,41.2
25500,51.000000000016364,-50424.56640138167,18747.481419288,-31677.08498209367,294.80339170000866,53.166124002965326,1.2761446902701243,41.3
26000,52.000000000017586,-50089.979362048165,18498.20481890534,-31591.774543142827,290.8835271795057,53.211439873281435,1.2750579012746266,41.3
26500,53.00000000001881,-50505.92065250541,18618.937838563746,-31886.982813941664,292.78204906036285,53.0273667377661,1.2794839914293932,41.3
27000,54.00000000002003,-50640.652188134714,18739.36890042702,-31901.283287707694,294.6758226670298,53.64056093558086,1.2648575194824723,41.3
27500,55.00000000002125,-50653.298721803025,18791.360583868154,-31861.93813793487,295.49338979916047,53.311846448387534,1.2726564800998243,41.2
28000,56.000000000022474,-50651.72337148428,18705.061655297955,-31946.661716186325,294.1363426164708,53.29247897768248,1.2731189869594932,41.2
28500,57.0000000000237,-50817.4789519802,18790.65262432537,-32026.82632765483,295.4822571638089,52.8562923194626,1.2836251630847841,41.2
29000,58.00000000002492,-50718.1451391599,18625.923196313248,-32092.22194284665,292.8918935301738,52.85616684480971,1.2836282102679493,41.2
29500,59.00000000002614,-50768.21636658613,18493.305092893075,-32274.911273693055,290.80647918492383,52.709501472326295,1.2871999346123355,41.2
30000,60.00000000002736,-50325.09176435014,18232.662062564996,-32092.429701785142,286.70787801044116,53.50059864736921,1.2681664983941912,41.2
30500,61.000000000028585,-50629.96737916254,18716.592371922416,-31913.375007240124,294.31766267187436,53.385848387953594,1.2708923600048454,41.2
31000,62.00000000002981,-50526.09563779035,18639.654206358842,-31886.441431431507,293.10781311117637,53.21509184572303,1.274970398347254,41.2
31500,63.00000000003103,-50731.174219684275,18833.659097498406,-31897.51512218587,296.1585322256646,53.1571079001381,1.2763611401900767,41.2
32000,64.00000000003224,-50555.09821129591,18603.424188707548,-31951.674022588362,292.53809753999764,53.14408299432837,1.2766739592791172,41.2
32500,65.00000000002991,-50253.98422051855,18246.903345269886,-32007.080875248663,286.9318216084991,52.90027372051703,1.2825579543705259,41.2
33000,66.00000000002758,-50473.946071124235,18254.278698179238,-32219.667372944998,287.0477987365215,52.75847560720653,1.2860050649257118,41.2
33500,67.00000000002525,-50876.65716698158,18721.06865122973,-32155.588515751853,294.3880519840427,52.62717035334315,1.2892136588969612,41.2
34000,68.00000000002292,-50632.4412548662,18502.067083209273,-32130.374171656928,290.9442611304283,52.873192367543325,1.2832148733708029,41.2
34500,69.00000000002059,-50427.879954028576,18251.600969968327,-32176.27898406025,287.0056915680452,52.82631591469651,1.2843535589002089,41.2
35000,70.00000000001826,-51000.038629232586,18781.837613294472,-32218.201015938113,295.3436414696972,52.60642760276737,1.2897219967291236,41.2
35500,71.00000000001593,-50541.5901845953,18359.902388198643,-32181.687796396654,288.7087270161759,52.845210290573455,1.2838943487131869,41.2
36000,72.0000000000136,-50702.50624833368,18620.948551384616,-32081.557696949065,292.8136674386437,53.19587461431737,1.2754309867172744,41.2
36500,73.00000000001127,-50504.17559835949,18522.92303764751,-31981.252560711982,291.27222017559404,52.95957311901524,1.2811218605586978,41.2
37000,74.00000000000894,-50464.09010205885,18426.10372758204,-32037.986374476808,289.74974041679354,52.890708436821576,1.2827899049541347,41.2
37500,75.00000000000661,-50482.134661306016,18479.486963153067,-32002.64769815295,290.58918965022855,52.888670857856816,1.2828393254762267,41.2
38000,76.00000000000428,-50423.163181308286,18491.561086971455,-31931.60209433683,290.77905476191256,52.717560280145555,1.2870031634256023,41.2
38500,77.00000000000195,-50732.83564783667,18752.886967392464,-31979.948680444206,294.8883937266571,52.80399576328529,1.284896452775678,41.2
39000,77.99999999999962,-50575.015686389546,18506.985247241242,-32068.030439148304,291.02159906212876,53.116832403904326,1.2773289328081263,41.2
39500,78.99999999999729,-50695.79294441417,18696.58192949264,-31999.21101492153,294.0029992690534,53.28612028913538,1.2732709095816985,41.2
40000,79.99999999999496,-50765.030408148996,18964.049903977793,-31800.980504171202,298.2089224160544,53.526703216902504,1.267548023155711,41.2
40500,80.99999999999262,-50777.60903876058,18924.68769376856,-31852.92134499202,297.58995324281113,53.05631666427155,1.2787858470830533,41.1
41000,81.9999999999903,-50544.6100596765,18775.02122498041,-31769.588834696093,295.23645403746633,53.30090015786981,1.2729178428070054,41.1
41500,82.99999999998796,-50465.66125917082,18744.60862448044,-31721.05263469038,294.75821711714144,53.161145009622956,1.276264212073419,41.1
42000,83.99999999998563,-50306.97324394932,18663.53153896457,-31643.441704984747,293.4832832065715,53.25028616636333,1.2741277415234742,41.1
42500,84.9999999999833,-50374.123471970364,18852.38817255303,-31521.735299417334,296.4530461780202,53.13916390423268,1.2767921409321037,41.1
43000,85.99999999998097,-50492.005083586155,19162.982648378264,-31329.02243520789,301.33713182497866,53.00984944610784,1.2799068014257264,41.1
43500,86.99999999997864,-50419.795533149605,19108.309599980734,-31311.48593316887,300.4774003366952,53.03203431128432,1.2793713786346375,41.1
44000,87.99999999997631,-50109.39734988711,18777.637814590333,-31331.75953529678,295.2775998038997,53.40308061671228,1.270482265537965,41.1
44500,88.99999999997398,-50094.529482292455,18843.41010107579,-31251.119381216664,296.3118663649445,53.367142284772,1.2713378296815256,41.1
45000,89.99999999997165,-50227.501685692136,18965.548477096447,-31261.95320859569,298.23248741810505,53.18395255346826,1.2757168956259286,41.1
45500,90.99999999996932,-49876.34962615338,18685.999454732733,-31190.350171420647,293.83659027885216,53.04482959591404,1.2790627732331035,41.1
46000,91.99999999996699,-50038.79426542447,18829.484713310223,-31209.309552114246,296.09289020210895,53.49509066779247,1.2682970717811295,41.1
46500,92.99999999996466,-50472.72212357873,19139.92616136702,-31332.79596221171,300.97456949356024,53.24736911803818,1.2741975420085685,41.1
47000,93.99999999996233,-50200.7296857718,18845.88670846131,-31354.842977310494,296.35081091652614,53.78371669577036,1.2614908566548144,41.1
47500,94.99999999996,-50012.55914764837,18518.976749383597,-31493.58239826477,291.2101649512784,53.67749111216023,1.2639872960317406,41.1
48000,95.99999999995767,-50190.37986725229,18912.658003600423,-31277.721863651866,297.4007868484912,53.08064336902357,1.2781997832419127,41
48500,96.99999999995534,-50110.623097723656,18814.86178047543,-31295.761317248227,295.8629451710999,53.04661257348229,1.2790197819821558,41
49000,97.999999999953,-50223.654865504526,18700.27497152823,-31523.379893976296,294.06107220660874,52.91307364759891,1.2822476974309356,41
49500,98.99999999995067,-50389.216008716976,18860.671396041733,-31528.544612675243,296.58329953440796,53.535004027875,1.2673514848957474,41
50000,99.99999999994834,-50410.11486463596,18955.194307350488,-31454.92055728547,298.0696685150706,52.90556972345223,1.282429566551882,41
50500,100.99999999994601,-50090.391088477394,18785.928505846212,-31304.462582631182,295.4079705906261,53.100441744440104,1.2777232094445095,41
51000,101.99999999994368,-50184.92322645376,18610.50345790952,-31574.419768544238,292.64941876362354,52.95008490997166,1.2813514268010175,41
51500,102.99999999994135,-50170.814410089464,18605.4333031291,-31565.381106960365,292.5696907835134,53.13755843451118,1.2768307172457942,41
52000,103.99999999993902,-50390.921634459824,18710.134898417782,-31680.786736042042,294.2161191605939,53.1783759614099,1.2758506746776626,41
52500,104.99999999993669,-50670.07317695033,18811.90328231379,-31858.169894636543,295.8164229064349,53.111060394196095,1.2774677505034624,41
53000,105.99999999993436,-50507.74179149204,18540.738018576634,-31967.003772915403,291.5523600345712,53.20795800336874,1.2751413396532072,41
53500,106.99999999993203,-50574.796816628106,18436.35196614328,-32138.444850484826,289.9108935562065,52.940466213574595,1.2815842341643415,41
54000,107.9999999999297,-50588.050390149845,18535.89942245885,-32052.150967690995,291.4762733051228,52.77592083866238,1.2855799722763648,41
54500,108.99999999992737,-50634.41486323366,18691.479065128362,-31942.935798105296,293.922756932052,52.89906409494567,1.2825872822031612,41
55000,109.99999999992504,-50567.41949436396,18411.22130170214,-32156.19819266182,289.51571486808143,52.696888069932754,1.2875080357418494,41
55500,110.99999999992271,-50876.022685286785,18589.04636056881,-32286.976324717976,292.31200677048133,52.05995846591061,1.3032601033105806,41
56000,111.99999999992038,-50892.0096913218,18639.61915608852,-32252.39053523328,293.10726194708457,52.3788944329439,1.2953245306749768,41
56500,112.99999999991805,-50780.90061208996,18505.884372160384,-32275.016239929573,291.0042878457357,52.40808981452152,1.294602934179593,41
57000,113.99999999991572,-50866.38265659437,18351.167991168026,-32515.21466542634,288.57137897397797,52.297126827780296,1.2973497965204936,41
57500,114.99999999991338,-51149.97338971587,18784.266853564328,-32365.706536151545,295.3818411752892,52.78423195814762,1.2853775518117476,41
58000,115.99999999991105,-50781.82248226878,18367.420488981905,-32414.401993286872,288.82694884877725,52.607657057622475,1.2896918555850525,41
58500,116.99999999990872,-50956.43801897612,18422.245395704245,-32534.192623271876,289.68906830311386,52.83926087835347,1.284038908205512,41
59000,117.9999999999064,-51108.21549919914,18638.106195155546,-32470.109304043595,293.08347069723214,52.53291867795114,1.2915266951863442,41
59500,118.99999999990406,-50850.39087230957,18316.716678841927,-32533.67419346764,288.0296334725369,52.726275956866054,1.2867904212338372,38.6
60000,119.99999999990173,-50955.95363156351,18406.172293124764,-32549.78133843875,289.43631941116416,52.91151787619733,1.2822853997002612,38.6
60500,120.9999999998994,-50832.99062171126,18373.692976354767,-32459.29764535649,288.92558346057166,53.02625229297212,1.2795108821526022,38.6
61000,121.99999999989707,-50856.12062079529,18370.231737094495,-32485.888883700798,288.8711556123401,52.76956293015679,1.2857348645928157,38.6
61500,122.99999999989474,-50942.89567234319,18654.34497624241,-32288.55069610078,293.33882487705046,52.913731013081,1.2822317676267119,38.7
62000,123.99999999989241,-50917.824818081564,18644.110789355116,-32273.71402872645,293.17789269964544,52.85879478934895,1.283564393002364,38.7
62500,124.99999999989008,-50586.431496552475,18234.496476279026,-32351.93502027345,286.7367240923538,52.69822195337628,1.2874754466792846,38.7
63000,125.99999999988775,-50585.43373455347,18537.737714743642,-32047.69601980983,291.5051803774048,53.08920299550539,1.2779936977839221,41
63500,126.99999999988542,-50896.704396071,18980.427833709993,-31916.276562361007,298.4664647027271,52.817964316705485,1.2845566414070992,41
64000,127.99999999988309,-50587.20920121584,18549.775280381753,-32037.433920834086,291.6944706131735,52.92504307469259,1.281957706730148,41
64500,128.99999999988785,-50768.25447809211,18898.260545883444,-31869.993932208665,297.1743874046461,52.81562557848659,1.2846135230908564,41
65000,129.99999999989262,-50736.844746811,18613.68184993324,-32123.162896877762,292.6993988504303,53.075054068487496,1.2783343896565285,41
65500,130.9999999998974,-50756.60244551639,18514.65964368922,-32241.942801827172,291.14227863777495,52.88632044351578,1.2828963384036256,41
66000,131.99999999990217,-50916.20917909984,18474.40836720819,-32441.800811891648,290.50932893314666,52.56087985863508,1.290839632652776,40.9
66500,132.99999999990695,-50891.10618762467,18538.425411341363,-32352.680776283305,291.5159943787596,52.72084048227934,1.2869230882506952,40.9
67000,133.99999999991172,-51025.704037593736,18577.153693926582,-32448.550343667153,292.12499506559817,52.94530144171432,1.281467193520815,40.9
67500,134.9999999999165,-50959.966479384224,18527.674218395976,-32432.292260988248,291.3469323018739,52.839322294089335,1.2840374157527135,38.8
68000,135.99999999992127,-50733.96275374913,18449.50230971836,-32284.460444030774,290.11768218030215,53.12292319185901,1.2771824811595596,40.9
68500,136.99999999992605,-50828.77903229059,18642.609063371918,-32186.169968918675,293.1542781189266,52.886503235276,1.2828919043256373,40.9
69000,137.99999999993082,-50960.211036436776,18601.245288200276,-32358.9657482365,292.5038344171091,52.81620002023217,1.2845995513239683,40.9
69500,138.9999999999356,-50612.51957159713,18314.926621967003,-32297.592949630125,288.00148490013606,53.094786173995246,1.277859310446901,40.9
70000,139.99999999994037,-50731.366917486346,18463.05911418053,-32268.307803305815,290.3308623855083,53.003025880287005,1.2800715755713346,40.9
70500,140.99999999994515,-51010.43655102842,18739.504097945268,-32270.93245308315,294.6779486425695,52.640555608802735,1.2888858421790952,40.9
71000,141.99999999994992,-50602.0151666874,18399.754277748165,-32202.260888939236,289.3353963773609,52.947917212151935,1.2814038855725882,40.9
71500,142.9999999999547,-50801.7785068135,18668.387014793825,-32133.391492019673,293.5596353688043,52.52007358476736,1.2918425702340481,40.9
72000,143.99999999995947,-50802.496047466484,18701.330997734105,-32101.16504973238,294.0776781762456,52.60163706794522,1.2898394542547942,40.9
72500,144.99999999996425,-50568.04541163037,18323.319925926102,-32244.72548570427,288.13346926749574,52.72336139774427,1.2868615552939693,40.9
73000,145.99999999996902,-50802.71053590647,18562.851160983628,-32239.859374922846,291.9000883100088,52.673643802737566,1.2880761980833575,40.9
73500,146.9999999999738,-50729.09237609755,18469.258885494986,-32259.833490602563,290.42835354020735,52.62019590991154,1.2893845352606799,40.9
74000,147.99999999997857,-51042.65028964565,18769.805052008727,-32272.845237636924,295.15442992716834,52.78362798857009,1.2853922595718341,40.9
74500,148.99999999998334,-50991.22300314937,18810.750605801204,-32180.472397348163,295.79829711461025,52.461345834704154,1.2932887208498702,40.9
75000,149.99999999998812,-50640.96287965924,18280.369987813414,-32360.592891845823,287.4580832171915,52.81339128215387,1.2846678692938538,40.9
75500,150.9999999999929,-51065.122872137166,18699.132314395254,-32365.990557741912,294.0431039691257,52.56314679456693,1.290783961504377,40.9
76000,151.99999999999767,-50691.2348978,18631.337757231813,-32059.897140568188,292.97703728296165,52.91912498205595,1.2821010716188768,40.9
76500,153.00000000000244,-50525.06250367099,18539.159455948946,-31985.903047722044,291.5275372007065,52.94045944201929,1.2815843980903565,40.9
77000,154.00000000000722,-50672.67394043488,18691.536653136394,-31981.137287298483,293.92366250116334,52.75705555002979,1.286039680214657,40.9
77500,155.000000000012,-50819.65839196898,18728.483980558864,-32091.174411410117,294.5046577396592,52.80585343023835,1.2848512511640504,40.9
78000,156.00000000001677,-50885.335720976014,18714.825124654664,-32170.51059632135,294.28987277962943,52.706076465634595,1.2872835809143417,40.9
78500,157.00000000002154,-50753.33533731767,18557.443499821442,-32195.89183749623,291.8150530556126,53.159922765162165,1.2762935557365127,40.9
79000,158.00000000002632,-50622.746208086,18256.491932316618,-32366.25427576938,287.08260175436334,52.83306341617451,1.2841895294652945,40.9
79500,159.0000000000311,-50703.89398159568,18369.114507162027,-32334.77947443365,288.8535872165629,52.536676029098565,1.2914343269651913,40.9
80000,160.00000000003587,-50779.167507615355,18297.165928066162,-32482.001579549193,287.72219870249637,52.90646976189462,1.2824077500157427,40.9
80500,161.00000000004064,-50618.77576176686,18338.435216105267,-32280.340545661595,288.37115659795296,52.74174199731622,1.2864130815413655,40.9
81000,162.00000000004542,-50969.98552570345,18601.31528676264,-32368.67023894081,292.50493514168846,52.313114291319465,1.2969533121427155,40.9
81500,163.0000000000502,-51025.539052120315,18612.033849385472,-32413.505202734843,292.67348410806363,52.882629959295045,1.282985867020061,40.9
82000,164.00000000005497,-51112.13834981967,18611.216072577685,-32500.92227724198,292.66062460063455,52.316454518133305,1.2968705061064612,40.9
82500,165.00000000005974,-50951.382497089784,18512.582915568528,-32438.799581521256,291.10962217155816,52.99550458281329,1.280253247567541,40.9
83000,166.00000000006452,-50856.40202343409,18419.05902757113,-32437.342995862964,289.63896279230744,52.85692729331702,1.283609742808594,40.9
83500,167.0000000000693,-50723.914608822844,18333.78239689303,-32390.132211929813,288.29799120287635,52.63243380206855,1.2890847325012107,40.9
84000,168.00000000007407,-50755.77705789641,18412.481947451146,-32343.295110445266,289.53553847180865,53.29811149579201,1.272984444373492,40.9
84500,169.00000000007884,-51009.98071284582,18616.736420360598,-32393.244292485222,292.7474318476118,52.390826401261535,1.295029521561307,40.9
85000,170.00000000008362,-50794.56735577644,18516.572563449914,-32277.994792326524,291.1723592241156,52.51283736698988,1.2920205848803927,40.9
85500,171.0000000000884,-51081.665721159996,18660.10302926848,-32421.562691891515,293.429370029421,52.40388305254443,1.2947068594248556,40.9
86000,172.00000000009317,-50753.94990081534,18243.300976898387,-32510.648923916957,286.8751745106666,52.84820934821246,1.2838214896096967,40.9
86500,173.00000000009794,-51072.37707427593,18497.19710744665,-32575.17996682928,290.8676809573261,52.343127601588904,1.2962096450378648,40.9
87000,174.00000000010272,-50840.126042597316,18228.560668261103,-32611.565374336213,286.6433837498819,52.99919681924013,1.2801640575805233,40.9
87500,175.0000000001075,-50991.64708684231,18599.043107915677,-32392.603978926636,292.46920522065784,52.76547797079439,1.2858344026785993,39.2
88000,176.00000000011227,-50763.9376069951,18415.428472012863,-32348.50913498224,289.58187245209615,52.890419149311946,1.2827969212550634,39.2
88500,177.00000000011704,-50723.024723637405,18322.695077738306,-32400.3296458991,288.1236435548605,52.80382141584762,1.2849006952414355,39.2
89000,178.00000000012182,-50978.0649726915,18269.24246124717,-32708.82251144433,287.28310330924575,52.767118907719826,1.2857944161643644,39.2
89500,179.0000000001266,-51080.82096355724,18432.88282565998,-32647.93813789726,289.8563414615604,52.488559664154224,1.2926181873297262,39.3
90000,180.00000000013137,-50711.8382990512,18173.06632310965,-32538.771975941545,285.7707374031578,53.15644174003217,1.2763771356337994,39.3
90500,181.00000000013614,-50682.447659196274,18309.15014219069,-32373.297517005583,287.9106499878586,52.66490769166625,1.2882898655372272,39.3
91000,182.00000000014091,-51037.25621853373,18544.529978229562,-32492.726240304168,291.61198844768296,53.101668399686375,1.2776936938770067,39.3
91500,183.0000000001457,-50706.616299333095,18427.854382503123,-32278.76191682997,289.7772693950541,53.34865766885544,1.271778331701796,40.9
92000,184.00000000015046,-50836.73482064299,18349.60632646227,-32487.128494180717,288.5468218592564,53.12649187066605,1.2770966886689818,40.9
92500,185.00000000015524,-50847.761166395874,18355.622222775717,-32492.138943620157,288.641421586956,52.97919423295037,1.2806473905643019,40.9
93000,186.00000000016001,-50919.77484302493,18412.833321281832,-32506.941521743094,289.5410638111715,53.02307213488751,1.2795876232147927,40.9
93500,187.0000000001648,-50973.14010499768,18479.32790270228,-32493.812202295398,290.5866884310339,52.88024255231274,1.283043790533065,40.9
94000,188.00000000016956,-51006.84061294946,18450.093069130355,-32556.747543819107,290.1269718483082,52.902455492324265,1.2825050598732866,40.9
94500,189.00000000017434,-50958.46841061555,18546.042813468353,-32412.425597147194,291.6357777209994,52.91500381849178,1.2822009251167628,40.9
95000,190.0000000001791,-50485.61315248686,18169.739163035745,-32315.873989451116,285.718417944742,52.942593108834814,1.281532748294966,40.9
95500,191.0000000001839,-50727.122245546576,18544.11028815627,-32183.011957390307,291.6053888381512,53.05765104814516,1.2787536860058395,40.9
96000,192.00000000018866,-50751.4699438278,18557.002627621547,-32194.46731620625,291.80812035799164,52.74002205470777,1.2864550336791312,40.9
96500,193.00000000019344,-50791.0663129483,18646.930116891166,-32144.136196057134,293.22222651181744,53.035046573982235,1.279298713426825,40.9
97000,194.0000000001982,-50443.79010346362,18140.07816525294,-32303.711938210683,285.25199994693133,52.91258704290514,1.282259489478594,40.9
97500,195.000000000203,-50888.89211670838,18402.310050860964,-32486.58206584742,289.3755858068218,52.98133486169509,1.2805956479907477,40.9
98000,196.00000000020776,-50899.90943509528,18511.41406083208,-32388.4953742632,291.0912419778136,52.73631963505083,1.286545350873001,40.9
98500,197.00000000021254,-50721.919662732194,18404.662126384093,-32317.2575363481,289.41257209987333,52.71833956932565,1.286984138781651,40.9
99000,198.0000000002173,-50753.92164643807,18476.484851206107,-32277.436795231966,290.5419815605427,52.771021494913875,1.2856993275213828,40.9
99500,199.0000000002221,-50615.54098631951,18372.067890190956,-32243.473096128553,288.90002904597156,52.90625306336245,1.2824130026250466,40.9
100000,200.00000000022686,-50882.047958665644,18457.34810914345,-32424.699849522192,290.24105706087335,52.91201069497522,1.2822734565834664,40.9
100500,201.00000000023164,-51002.11730696359,18478.941044367544,-32523.176262596047,290.5806050992712,53.09453867415863,1.2778652671795228,40.9
101000,202.0000000002364,-50850.80009534093,18477.186240638555,-32373.613854702373,290.5530108811732,52.816345236682295,1.2845960193683617,40.9
101500,203.0000000002412,-50739.030362512014,18574.731621523122,-32164.298740988892,292.0869080744172,52.915644361469646,1.282185404096303,40.9
102000,204.00000000024596,-50681.705550969236,18485.5349696482,-32196.170581321036,290.68429430924454,52.62307514041013,1.28931398759184,40.9
102500,205.00000000025074,-50753.63713651545,18616.524277707962,-32137.112858807486,292.74409591292687,53.000708986722096,1.2801275331170499,40.9
103000,206.0000000002555,-50649.27923224474,18513.42441346581,-32135.85481877893,291.1228546921661,52.768356208831285,1.2857642671323588,40.9
103500,207.0000000002603,-50840.43864602394,18723.311890208686,-32117.126755815254,294.42332682681223,52.75751361130415,1.2860285143174328,40.9
104000,208.00000000026506,-50468.81958972869,18710.576315353464,-31758.24327437523,294.2230604241633,52.92267501126322,1.2820150688563567,40.9
104500,209.00000000026984,-50506.342732762416,18695.917525091783,-31810.425207670633,293.9925515365579,52.7460957520958,1.286306898760964,40.9
105000,210.0000000002746,-50644.826033275305,18977.92950565248,-31666.896527622826,298.4271785944514,52.56683665272529,1.2906933566661498,40.9
105500,211.00000000027939,-50406.08894565812,18708.315367054936,-31697.773578603184,294.1875071030554,53.102410791061565,1.2776758312458316,40.9
106000,212.00000000028416,-50210.17910819533,18603.79626211952,-31606.38284607581,292.54394837944415,53.21002571278189,1.2750917884320645,40.9
106500,213.00000000028894,-50587.656799198965,18884.220455866307,-31703.436343332658,296.9536075535154,53.28391982363435,1.273323491837645,40.9
107000,214.0000000002937,-50578.014530857385,18698.737118051205,-31879.27741280618,294.0368895225018,53.13493405492429,1.2768937810009273,40.9
107500,215.00000000029848,-50328.432831441576,18438.87288154821,-31889.559949893366,289.9505348496123,53.245588114544574,1.2742401624463218,40.9
108000,216.00000000030326,-50595.450058940354,18519.30630540049,-32076.143753539865,291.2153472063964,53.094771887587285,1.2778596542852632,40.9
108500,217.00000000030803,-50724.25641652282,18571.373616895216,-32152.8827996276,292.03410358662967,52.686741773108224,1.2877559812069694,40.9
109000,218.0000000003128,-50809.702179364205,18688.25715922541,-32121.445020138795,293.8720925912435,53.2473198393099,1.2741987212385208,40.9
109500,219.00000000031758,-50261.13904665282,18165.33794750672,-32095.801099146098,285.64920900746984,53.04842789144068,1.2789760139069901,40.9
110000,220.00000000032236,-50513.91118123361,18278.521164774385,-32235.390016459227,287.42901054922237,53.277821685654295,1.2734692354529207,40.9
110500,221.00000000032713,-50628.89041135107,18364.93161446978,-32263.958796881292,288.78781139712277,52.94587539562777,1.2814533019172636,40.9
111000,222.0000000003319,-50785.19105389006,18417.927001590193,-32367.26405229987,289.62116172926284,53.13576653073763,1.276873775959911,40.9
111500,223.00000000033668,-50713.16748770519,18280.55763027552,-32432.60985742967,287.46103388736515,53.11480078950736,1.277377789996913,40.9
112000,224.00000000034146,-50766.98212333557,18395.689863495154,-32371.292259840415,289.2714836266151,53.092364158588985,1.2779176049867274,40.9
112500,225.00000000034623,-50896.496840875385,18323.363195322145,-32573.13364555324,288.13414967700913,52.9128933607894,1.2822520663537385,40.9
113000,226.000000000351,-50604.00096775832,18212.399977655834,-32391.600990102488,286.38925753974746,52.81595235276855,1.284605575138715,40.9
113500,227.00000000035578,-50673.74295800661,18147.08416284521,-32526.6587951614,285.36216897744004,53.44280424900159,1.2695379256767712,40.9
114000,228.00000000036056,-50673.15013440465,18263.54032392749,-32409.60981047716,287.1934374291104,53.4769682541672,1.2687268755805015,40.9
114500,229.00000000036533,-50916.226851827814,18482.287179036175,-32433.93967279164,290.63322293242635,52.90083817010523,1.2825442695342504,40.9
115000,230.0000000003701,-50734.12933129815,18496.00351963908,-32238.12581165907,290.8489118370324,52.662790856453185,1.2883416496775597,40.9
115500,231.00000000037488,-50862.649900351724,18762.574024534293,-32100.07587581743,295.0407223108084,53.05705284191304,1.278768103663499,40.9
116000,232.00000000037966,-50778.80768386888,18602.14761607663,-32176.66006779225,292.5180234866926,52.87480236738238,1.283175800397532,39.6
116500,233.00000000038443,-50586.750932420095,18297.20952967106,-32289.541402749033,287.7228843359807,52.64677301610062,1.2887336290844986,39.6
117000,234.0000000003892,-50952.417271179496,18552.60952952557,-32399.807741653927,291.7390390670278,53.02059000311398,1.2796475264542022,39.6
117500,235.00000000039398,-50585.09138682335,18271.169473971495,-32313.921912851853,287.313405506873,52.69678360914949,1.2875105879677853,39.6
118000,236.00000000039876,-50551.947948076995,18244.514403715035,-32307.43354436196,286.8942555985807,52.98913024759771,1.2804072558202277,39.7
118500,237.00000000040353,-50687.20087672592,18313.362351747288,-32373.83852497863,287.97688681381214,52.85920302107191,1.2835544800321763,39.7
119000,238.0000000004083,-50806.57449843222,18431.670438017118,-32374.904060415105,289.8372767146124,53.06075894620616,1.2786787862837066,39.7
119500,239.00000000041308,-50787.94379070412,18241.40889828998,-32546.53489241414,286.84542165060793,52.90516174439379,1.2824394560293888,39.7
120000,240.00000000041786,-50773.10504185278,18254.889573509685,-32518.215468343096,287.05740472653656,53.16328642960703,1.276212804083578,40.9
120500,241.00000000042263,-50868.351668514864,18308.482531464342,-32559.869137050522,287.90015183602367,52.69936157085926,1.287447605174488,40.9
121000,242.0000000004274,-50976.30293196758,18443.635973692955,-32532.66695827462,290.0254342821199,52.70780853055201,1.2872412786674559,40.9
121500,243.00000000043218,-50569.23430339146,18259.319299239294,-32309.915004152164,287.12706198556685,53.180981813530366,1.2757881583781765,40.9
122000,244.00000000043696,-50656.92301407876,18441.865649408435,-32215.057364670327,289.99759600390996,52.87657966139317,1.2831326701368486,40.9
122500,245.00000000044173,-50511.076323244015,18448.05759988049,-32063.018723363526,290.09496417617663,53.11883995845529,1.2772806578925944,40.9
123000,246.0000000004465,-50481.51473117557,18504.680409788183,-31976.83432138739,290.9853555858302,53.16574056178436,1.2761538940623023,40.9
123500,247.00000000045128,-50743.74547486752,18576.998983268757,-32166.746491598766,292.122562246723,52.57820457494676,1.2904142961351,40.9
124000,248.00000000045605,-50329.20118746252,18329.981085662715,-31999.2201017998,288.2382157365862,53.26966206319288,1.2736643001065162,40.9
124500,249.00000000046083,-50779.70962905586,18776.188425959608,-32003.521203096254,295.25480822594466,52.727888340922895,1.2867510720312618,40.9
125000,250.0000000004656,-50739.73562147663,18871.729530830435,-31868.0060906462,296.7571882594412,53.06175797989325,1.2786547116350122,40.9
125500,251.00000000047038,-50605.56721623167,18634.93899481348,-31970.62822141819,293.03366659916946,53.221828317788095,1.2748090209060101,40.9
126000,252.00000000047515,-50750.46205956149,18688.54978633968,-32061.91227322181,293.87669414085224,53.26430065297806,1.2737925029873414,40.9
126500,253.00000000047993,-50832.5921005347,18830.50521395052,-32002.086886584177,296.10893753365514,53.15415105606168,1.2764321412464716,40.9
127000,254.0000000004847,-50739.80906885498,18729.518428762523,-32010.290640092455,294.52092439607856,52.540671999719706,1.291336107177867,40.9
127500,255.00000000048948,-50653.65999007195,18498.20202066929,-32155.45796940266,290.8834831773563,52.888125295133406,1.2828525584904846,40.9
128000,256.00000000049425,-50742.547832799755,18749.904747717344,-31992.64308508241,294.84149844214625,52.87126278631774,1.2832617053774085,40.8
128500,257.000000000499,-50717.62494916762,18870.86655769015,-31846.75839147747,296.7436180415003,52.57828162090283,1.2904124052174033,40.8
129000,258.0000000005038,-50733.13917925,18605.303030435556,-32127.836148814444,292.5676422506442,52.640910178308346,1.2888771607255585,40.8
129500,259.0000000005086,-50888.36074939305,18640.646337580678,-32247.71441181237,293.12341433475774,52.558815509803,1.2908903328685672,40.8
130000,260.00000000051335,-50742.01633642283,18407.414080570663,-32334.602255852165,289.45584646883304,52.70624082966381,1.2872795665298442,40.8
130500,261.0000000005181,-51074.197046167494,18597.07663958984,-32477.120406577655,292.4382825852829,52.7321943466113,1.286645998508258,40.8
131000,262.0000000005229,-51099.50711179441,18762.69071391019,-32336.81639788422,295.04255724655366,52.68495522463781,1.2877996490523471,40.8
131500,263.0000000005277,-50808.747653996004,18481.55947843827,-32327.188175557734,290.6217798697767,52.79932784646401,1.2850100487249099,40.8
132000,264.00000000053245,-50826.562293481154,18488.26801120746,-32338.294282273695,290.72727127790006,52.95535879249184,1.281223815600827,40.9
132500,265.0000000005372,-50438.05670552508,18247.956643765778,-32190.1000617593,286.9483846850061,53.0250951908769,1.2795388033608013,40.9
133000,266.000000000542,-50858.007533797485,18746.731177557638,-32111.276356239847,294.7915941789572,52.79448975852317,1.2851278070676655,40.9
133500,267.0000000005468,-50769.176518822445,18602.99530662426,-32166.181212198186,292.5313533864783,52.46085306071978,1.2933008689374201,40.9
134000,268.00000000055155,-50978.591865449394,18641.190787866584,-32337.40107758281,293.1319757936176,52.70033885087997,1.2874237306254874,40.9
134500,269.0000000005563,-50775.787824014835,18673.30807384218,-32102.479750172653,293.63701882452114,52.66344814949527,1.2883255698720797,40.9
135000,270.0000000005611,-50762.36764318413,18673.591032567667,-32088.776610616464,293.6414683391049,53.12473901094735,1.2771388266895,40.9
135500,271.0000000005659,-50863.24339557385,18930.985484526547,-31932.257911047305,297.6889857493195,53.176375107723814,1.2758986807803754,40.9
136000,272.00000000057065,-50651.526560762955,18695.095199340896,-31956.43136142206,293.9796204971814,52.4721777993135,1.2930217439824818,40.9
136500,273.0000000005754,-50458.62402298627,18467.12449543326,-31991.499527553005,290.3947903422858,52.69066873895272,1.2876600064570702,40.9
137000,274.0000000005802,-50506.06384252013,18484.310131340542,-32021.75371117959,290.6650337760931,52.69735789831629,1.2874965568396168,40.9
137500,275.000000000585,-50621.42406688125,18711.715232043534,-31909.708834837715,294.24096984333204,53.100194586505545,1.2777291566812725,40.9
138000,276.00000000058975,-50967.75120226989,19010.53663110421,-31957.214571165678,298.9399243314264,52.758571638714635,1.2860027241306147,40.9
138500,277.0000000005945,-50713.15679149357,18467.19164412457,-32245.965147369003,290.39584625275734,52.76720543595335,1.2857923077047901,40.9
139000,278.0000000005993,-50751.70780906956,18575.752467449965,-32175.955341619592,292.1029608355804,52.811031175214545,1.2847252806620013,40.9
139500,279.0000000006041,-50915.64011772461,18635.798892916806,-32279.841224807802,293.04718846227775,52.610056357346366,1.289633038744181,40.9
140000,280.00000000060885,-51021.87189470564,18879.277786432074,-32142.594108273566,296.8758842753494,52.45025159916709,1.293562276252353,40.9
140500,281.0000000006136,-50584.91476372843,18695.739749229888,-31889.175014498545,293.98975601827595,52.42767903565431,1.294119215204745,40.9
141000,282.0000000006184,-50988.76898625166,19060.65800712419,-31928.110979127472,299.72808095454275,52.5233872327874,1.2917610691770793,40.9
141500,283.0000000006232,-50609.985923603184,18890.704049521257,-31719.281874081928,297.0555618031095,52.57077371046257,1.290596695842889,40.9
142000,284.00000000062795,-50582.87777253636,18698.826749223852,-31884.05102331251,294.0382989690886,52.66077401944644,1.2883909914345844,40.9
142500,285.0000000006327,-50411.52945358651,18545.128759363914,-31866.400694222597,291.62140425695054,52.41114210603759,1.2945275397998126,40.9
143000,286.0000000006375,-50603.60213859678,18858.6569824139,-31744.945156182883,296.55162296108637,52.978784934925876,1.2806572844576345,40.9
143500,287.0000000006423,-50935.33044389934,19005.240419248854,-31930.090024650483,298.85664161290003,52.53502642598152,1.291474878083867,40.9
144000,288.00000000064705,-50997.7644643011,18907.540456214756,-32090.224008086345,297.32031362156863,52.447004188510704,1.2936423709686407,40.9
144500,289.0000000006518,-50919.60032740567,18559.535933209645,-32360.064394196026,291.8479564865297,52.68615022049927,1.2877704399481602,40.9
145000,290.0000000006566,-50905.550307773796,18866.2450003071,-32039.305307466697,296.67094423743094,52.52247335832515,1.29178354541205,40.9
145500,291.0000000006614,-50538.820199129,18498.739211348267,-32040.08098778073,290.891930479189,52.64694553189429,1.2887294061062688,40.9
146000,292.00000000066615,-50996.27069233267,18782.246591825548,-32214.024100507122,295.3500726406581,52.18673044002886,1.3000942246534364,40.9
146500,293.0000000006709,-50954.279155563425,18670.097636225917,-32284.181519337508,293.5865348220598,52.37012947084625,1.2955413235401125,40.9
147000,294.0000000006757,-51048.92736142667,18877.267818099786,-32171.659543326885,296.84427760412166,52.31827061228332,1.2968254885836743,40.9
147500,295.0000000006805,-51114.68730182483,18761.8273623025,-32352.85993952233,295.0289810772281,52.38528657052695,1.2951664730760433,40.9
148000,296.00000000068525,-51291.85711981088,18721.428571721437,-32570.42854808944,294.3937117193066,52.266728262884165,1.298104341013582,40.9
148500,297.00000000069,-50776.60483315078,18360.901149477504,-32415.703683673273,288.7244324971374,52.493488648419934,1.292496814281926,40.9
149000,298.0000000006948,-51088.63002732024,18568.015185899378,-32520.614841420866,291.9812923942236,52.39568400108149,1.2949094594743105,40.9
149500,299.0000000006996,-50942.531017311165,18568.45615847828,-32374.074858832886,291.9882266703004,52.549580110056986,1.291117202202772,40.9
150000,300.00000000070435,-50874.02163665122,18615.27225674688,-32258.749379904337,292.7244079336431,52.44668513555185,1.2936502406829054,40.9
150500,301.0000000007091,-50981.68021199211,18516.347866075266,-32465.332345916846,291.16882586693174,52.527062060542235,1.2916706967244158,40.9
151000,302.0000000007139,-51296.905689622676,18688.09517216408,-32608.810517458594,293.86954535121566,52.22523143976156,1.2991357812724127,40.9
151500,303.00000000071867,-51039.52877385349,18508.443539997155,-32531.085233856335,291.0445306570945,52.565811239366894,1.2907185345180334,41
152000,304.00000000072345,-50976.301320334285,18585.91187686228,-32390.389443472006,292.2627171401973,52.42908396934006,1.294084536901384,41
152500,305.0000000007282,-50990.03836051407,18664.342642133255,-32325.69571838081,293.4960377712941,52.93360909443308,1.2817502529930953,41
153000,306.000000000733,-51145.10804673101,18624.5277362923,-32520.58031043871,292.8699499774396,52.493946642153915,1.292485537639951,41
153500,307.00000000073777,-50847.73985001222,18526.78052735933,-32320.959322652892,291.3328790462476,52.669191918841726,1.2881850732240983,41
154000,308.00000000074255,-50864.44120592727,18590.52312859909,-32273.918077328184,292.33522888839383,52.63829469833129,1.2889412021696454,41
154500,309.0000000007473,-50702.0904746248,18583.17864325497,-32118.911831369827,292.21973715159396,53.12235364138182,1.277196174451399,41
155000,310.0000000007521,-50679.7481513962,18430.188505180984,-32249.559646215213,289.8139733803355,53.30511630658883,1.2728171618348167,41
155500,311.00000000075687,-50905.01109904345,18770.20421582608,-32134.806883217367,295.1607067621504,52.77886627013003,1.2855082278837295,41
156000,312.00000000076164,-50433.95639261252,18334.10544371431,-32099.85094889821,288.303071101155,53.181799392971605,1.2757685453116467,41
156500,313.0000000007664,-50744.194147801405,18678.964688252767,-32065.22945954864,293.7259688587409,53.27209233814806,1.2736061954908724,41
157000,314.0000000007712,-50634.59496085533,18745.872271275162,-31888.722689580165,294.7780879121919,53.16510529572149,1.2761691427344417,41
157500,315.00000000077597,-50699.987938536324,18933.451409578713,-31766.53652895761,297.72776232163864,52.91398371704266,1.2822256440082522,41
158000,316.00000000078074,-50685.48557880394,18944.692087576288,-31740.793491227654,297.9045215312935,52.41951422271729,1.2943207859645474,41
158500,317.0000000007855,-50327.872935880274,18497.497554480986,-31830.375381399288,290.87240547486357,53.02299744235344,1.2795894257466516,41
159000,318.0000000007903,-50314.06853199756,18471.7370817153,-31842.33145028226,290.4673230761523,53.16509898960089,1.2761692941058613,41
159500,319.00000000079507,-50411.20686174936,18649.80841564595,-31761.398446103405,293.2674876440335,53.08708643395514,1.2780446508970782,41
160000,320.00000000079984,-50592.823495129174,18626.933508497048,-31965.889986632126,292.90778064865106,52.974575294249966,1.2807590522767553,41
160500,321.0000000008046,-50435.15689943692,18336.928458773502,-32098.22844066342,288.34746289948015,53.274289379376285,1.27355367174344,41
161000,322.0000000008094,-50724.11148792687,18649.382907627492,-32074.72858029938,293.26079654754795,52.9020720637427,1.2825143553333087,41
161500,323.00000000081417,-50690.270971443766,18476.339154990266,-32213.9318164535,290.53969049340526,53.36309513798703,1.271434250078369,41
162000,324.00000000081894,-50519.71404655605,18506.55360655621,-32013.160439999843,291.01481152970786,53.0098631512472,1.2799064705193621,41
162500,325.0000000008237,-50769.692489401765,18697.747182116043,-32071.94530728572,294.0213228197152,52.79429059499681,1.2851326551408757,41
163000,326.0000000008285,-51049.93851441211,18893.359603753728,-32156.578910658383,297.09732028666616,52.711183175766905,1.2871588676427028,41
163500,327.00000000083327,-50522.07128861628,18534.179925109333,-31987.891363506948,291.44923427842264,52.78574528501871,1.285340701022237,41
164000,328.00000000083804,-50709.80105817064,18854.58128554879,-31855.21977262185,296.48753279171893,53.35241322510282,1.2716888093208918,41
164500,329.0000000008428,-50303.38580794248,18516.39656607173,-31786.989241870753,291.16959167241845,53.174403309786776,1.2759459932884627,41
165000,330.0000000008476,-50541.12255025303,18687.075800024875,-31854.046750228154,293.85351576530377,53.1110559039728,1.2774678585057484,41
165500,331.00000000085237,-50230.7862036335,18469.496782842783,-31761.289420790716,290.43209446643834,53.28670411307273,1.273256959271802,41
166000,332.00000000085714,-50293.1055237817,18625.91243221266,-31667.19309156904,292.89172426512465,52.896819880296235,1.282641697594756,41
166500,333.0000000008619,-50633.57205615926,18830.60719030482,-31802.96486585444,296.1105411077272,52.75442824870039,1.2861037281794185,41
167000,334.0000000008667,-50640.58478521609,18588.107380143716,-32052.47740507237,292.29724134104225,53.147223969077196,1.2765985084771918,41
167500,335.00000000087147,-50612.15351439631,18392.620631849793,-32219.53288254652,289.22322008237,52.75246786862039,1.2861515221923132,41
168000,336.00000000087624,-50981.2566609029,18775.587156385533,-32205.66950451737,295.24535328606237,52.887460077447145,1.2828686941908856,41
168500,337.000000000881,-50735.29909684063,18326.34430281385,-32408.95479402678,288.18102747248054,52.639075384516474,1.2889220859791977,41
169000,338.0000000008858,-50700.2342108514,18205.559012660764,-32494.675198190635,286.2816836401957,52.55518778933019,1.2909794389965383,41
169500,339.00000000089057,-50373.13531382329,18097.31584151779,-32275.8194723055,284.57956412517206,52.944657765973616,1.2814827729839713,41
170000,340.00000000089534,-50720.272386781806,18361.485521840244,-32358.78686494156,288.73362172905064,52.94137230337307,1.281562299893469,41
170500,341.0000000009001,-51003.139868500526,18828.54891868736,-32174.590949813166,296.07817486928184,52.61072090557713,1.2896167488447177,41
171000,342.0000000009049,-50435.92451415282,18464.06022616479,-31971.86428798803,290.3466048312177,53.503781936117456,1.2680910469027422,41
171500,343.00000000090967,-50804.61111576731,18872.187106876634,-31932.424008890674,296.7643836243739,53.22397012936861,1.2747577206982788,41
172000,344.00000000091444,-50549.07749171323,18559.201948651382,-31989.875543061848,291.84270459277667,53.06537556683064,1.278567542844952,41
172500,345.0000000009192,-50770.109373223844,18631.555987491723,-32138.55338573212,292.98046894502625,53.032575691390555,1.2793583182429094,41
173000,346.000000000924,-50405.91690156247,18193.497141304746,-32212.419760257726,286.09201119798996,52.75145914408452,1.2861761162531855,41
173500,347.00000000092876,-50620.25664695765,18305.629840894268,-32314.62680606338,287.8552933914828,53.400920472589306,1.270533658374923,40.2
174000,348.00000000093354,-50922.841700306606,18449.523328298135,-32473.31837200847,290.1180126966242,52.93880389008192,1.2816244769999132,40.2
174500,349.0000000009383,-50980.843861034795,18530.727728092337,-32450.116132942458,291.3949486191031,52.63376804561158,1.2890520547537372,40.2
175000,350.0000000009431,-50995.78310182129,18381.69509566245,-32614.08800615884,289.05141646501284,53.18141671503501,1.2757777253693559,40.2
175500,351.00000000094786,-50952.92685241512,18475.572189176244,-32477.354663238875,290.5276299868106,52.60798188792631,1.2896838923258231,40.2
176000,352.00000000095264,-50892.28491202395,18344.183093451844,-32548.101818572104,288.46154173817257,52.90777383999425,1.282376141052821,40.2
176500,353.0000000009574,-50921.65191501846,18484.642362689323,-32437.00955232914,290.67025810069754,52.959546657105456,1.2811225006874989,40.2
177000,354.0000000009622,-50901.21840459998,18413.68392937246,-32487.534475227523,289.5544395892036,53.12553060791188,1.277119796682516,40.2
177500,355.00000000096696,-50776.746742222305,18400.31359464431,-32376.433147577995,289.3441916130692,53.036671243776205,1.2792595247309955,41
178000,356.00000000097174,-50938.518791289905,18569.164275603674,-32369.35451568623,291.99936178363214,52.84428667976869,1.2839167885788214,41
178500,357.0000000009765,-50870.503257911456,18676.916325505095,-32193.58693240636,293.69375843687465,52.89437351773539,1.282701019719574,41.1
179000,358.0000000009813,-50580.35377961123,18374.978592938176,-32205.375186673053,288.94579972966613,53.208083530164906,1.275138331380847,41.1
179500,359.00000000098606,-50894.0667412613,18720.10324777574,-32173.963493485557,294.37287105353636,52.87320689891709,1.2832145206992698,41.1
180000,360.00000000099084,-50435.02506702967,18454.225525833546,-31980.79954119612,290.19195456384784,53.180730069136146,1.2757941976430882,41.1
180500,361.0000000009956,-50771.01144796343,18756.177888109803,-32014.833559853625,294.94014332264754,53.04160090764698,1.279140630893847,41.1
181000,362.0000000010004,-50513.64122566402,18603.544907812386,-31910.096317851632,292.53999584306854,52.92010673060371,1.2820772866920709,41.1
181500,363.00000000100516,-50626.125834149076,18475.77080134123,-32150.355032807845,290.5307531551211,52.882324913482805,1.282993267781403,41.1
182000,364.00000000100994,-50622.49085306816,18257.653555809244,-32364.837297258913,287.1008682370895,52.66753374017055,1.2882256302971424,41.1
182500,365.0000000010147,-50742.823520163955,18402.989445614498,-32339.834074549457,289.3862692620105,52.88108230991078,1.2830234156518283,41.1
183000,366.0000000010195,-50809.50984759297,18471.93194221009,-32337.57790538288,290.4703872495998,53.36810980045483,1.271314781473654,41
183500,367.00000000102426,-50737.72170420617,18548.876908234124,-32188.844795972043,291.68034374726517,53.41653826972691,1.2701621828436407,41.1
184000,368.00000000102904,-50567.3607952047,18288.054330336967,-32279.306464867735,287.5789191944762,53.279715628899304,1.2734239672222676,41.1
184500,369.0000000010338,-50492.986122891285,18182.782106744722,-32310.204016146563,285.9235177102605,53.323233231229366,1.272384713702834,41.1
185000,370.0000000010386,-50710.171982455766,18399.407103783356,-32310.76487867241,289.32993708072013,52.94009866542887,1.2815931318415417,41.1
185500,371.00000000104336,-50507.30989335507,18568.265867557206,-31939.044025797866,291.98523435321596,53.11654559684906,1.277335829848318,41.1
186000,372.00000000104814,-50367.24446529084,18510.377803286792,-31856.866662004046,291.0749468695698,53.293178935025296,1.2731022657017073,41.1
186500,373.0000000010529,-50444.15471487788,18648.871371017838,-31795.28334386004,293.25275265492405,53.025608775759586,1.2795264102586497,41.1
187000,374.0000000010577,-50415.71616965071,18621.439421559924,-31794.276748090786,292.8213863524182,53.071701681220155,1.2784151383756297,41.1
187500,375.00000000106246,-50626.88947358812,18945.44500977463,-31681.44446381349,297.9163612025962,53.53094592411798,1.267447560982832,41.1
188000,376.00000000106724,-50435.86466319988,18730.71976706924,-31705.144896130638,294.5398153926598,53.10038829849362,1.277724495482681,41.1
188500,377.000000001072,-50493.58062354951,18705.20858678638,-31788.372036763132,294.13865310821984,53.251870853533106,1.2740898255995396,41.1
189000,378.0000000010768,-50578.09184252926,18633.2104993443,-31944.881343184963,293.00648607739925,53.15042845157047,1.276521541316427,41.1
189500,379.00000000108156,-50331.30809403288,18388.35250939872,-31942.95558463416,289.15610402839843,53.104650053202796,1.2776219555284545,41.1
190000,380.00000000108633,-50338.3624085096,18269.713951797727,-32068.648456711875,287.2905174792001,53.23756864858972,1.2744321082068144,41.1
190500,381.0000000010911,-50447.42233812966,18485.395213143514,-31962.027124986147,290.6820966438263,52.78497706899469,1.2853594074682315,41.1
191000,382.0000000010959,-50672.37771192322,18585.040908461684,-32087.336803461534,292.2490211971094,52.89040019980479,1.2827973808539574,41.1
191500,383.00000000110066,-50461.95998915826,18349.289969667592,-32112.67001949067,288.5418471613771,53.23651129623476,1.274457420229673,41.1
192000,384.00000000110543,-50547.81028607121,18592.100887872504,-31955.709398198705,292.3600390895449,53.61755917336874,1.2654001393320868,41.1
192500,385.0000000011102,-50707.09260961392,18860.975694566667,-31846.116915047256,296.5880846164802,53.33897266685484,1.2720092543287425,41.1
193000,386.000000001115,-50194.96280277188,18321.772786526184,-31873.190016245695,288.1091405626245,53.44318950817903,1.2695287738813508,41.1
193500,387.00000000111976,-50498.92883504641,18327.14752200447,-32171.78131304194,288.1936580619649,53.10327354080384,1.2776550733071845,41.1
194000,388.00000000112453,-50300.33642466538,18235.57571894084,-32064.76070572454,286.7536951398271,53.265599896852706,1.2737614328950064,41.1
194500,389.0000000011293,-50617.0776705136,18614.391648711153,-32002.68602180245,292.7105604076803,53.81410625047422,1.2607784756813523,41.1
195000,390.0000000011341,-50436.98543436364,18327.690292305822,-32109.295142057817,288.20219310313524,53.320672579155925,1.2724458182312983,41.1
195500,391.00000000113886,-50856.30355116941,18874.88786602126,-31981.41568514815,296.806852953357,53.49336103958543,1.268338080279149,41.1
196000,392.00000000114363,-50803.61252367982,18812.48460642525,-31991.12791725457,295.8255642047194,52.90822957374337,1.2823650950947296,41.1
196500,393.0000000011484,-50497.057940286075,18480.892346772296,-32016.16559351378,290.61128925114684,52.905332712003464,1.2824353117286709,41.1
197000,394.0000000011532,-50577.82546655544,18338.611222773445,-32239.214243781997,288.37392429573487,53.58837741399143,1.266089217900313,41.1
197500,395.00000000115796,-50775.27874581878,18474.137434776552,-32301.14131104223,290.50506853155025,52.935148462222315,1.281712979364691,41.1
198000,396.00000000116273,-50742.23391657271,18306.408482601644,-32435.825433971066,287.86753750103117,53.03844170603977,1.279216822105485,41.1
198500,397.0000000011675,-50556.79253404523,18157.493075301485,-32399.299458743742,285.5258487073936,53.114324704346956,1.2773892396503435,41.1
199000,398.0000000011723,-50844.04191854183,18520.414566802196,-32323.627351739633,291.23277457238794,52.922503916622254,1.2820192135186779,41.1
199500,399.00000000117706,-50911.24278017707,18522.21558363255,-32389.027196544517,291.26109548964735,52.900669308853274,1.2825483634716972,41.1
200000,400.00000000118183,-50805.01587263212,18423.68253771795,-32381.33333491417,289.71166730350853,52.67546863761926,1.2880315752933311,41.1
200500,401.0000000011866,-50595.89532406287,18337.498136744416,-32258.397187318453,288.35642106267267,53.00136185463159,1.2801117645753144,41.1
201000,402.0000000011914,-50657.97188369664,18263.922814274105,-32394.049069422537,287.1994520744355,52.51345120204235,1.292005482320851,41.1
201500,403.00000000119616,-50715.18857179138,18279.66155005579,-32435.527021735594,287.4469430619309,53.05765253123868,1.2787536502614891,41.1
202000,404.00000000120093,-51025.208264673245,18612.33846822862,-32412.869796444626,292.67827422712696,52.81455728595785,1.2846395072721044,41.1
202500,405.0000000012057,-50795.150312108104,18516.861904741658,-32278.288407366446,291.17690910429724,52.76683109420497,1.2858014294528761,41.1
203000,406.0000000012105,-50543.868905383155,18425.41385600181,-32118.455049381344,289.73889221392614,52.95834778938455,1.2811515026574756,41.1
203500,407.00000000121526,-50545.8558768919,18517.95614642812,-32027.89973046378,291.1941160108301,53.134774946812186,1.276897604563915,41.1
204000,408.00000000122003,-50784.35290051643,18668.90789357553,-32115.4450069409,293.5678261667082,52.96727954522374,1.2809354648976925,41.1
204500,409.0000000012248,-50868.88569443024,18684.615456732525,-32184.270237697714,293.8148269659334,52.687100550778254,1.287747212113858,41.1
205000,410.0000000012296,-50745.73410771939,18542.570574813308,-32203.163532906085,291.5811769077272,52.74840619711032,1.2862505569380418,41.1
205500,411.00000000123435,-50757.144229686426,18559.682438096956,-32197.46179158947,291.8502602699934,52.84361995309204,1.2839329877259333,41.1
206000,412.00000000123913,-50508.09530793152,18382.66399198997,-32125.43131594155,289.066652320815,52.68520482768195,1.287793547933187,41.1
206500,413.0000000012439,-50657.87952239461,18604.82648205181,-32053.0530403428,292.5601485464663,52.771830846301945,1.285679608998855,41.1
207000,414.0000000012487,-50715.28672197485,18510.59115525285,-32204.695566722003,291.07830182065965,52.91264796940905,1.2822580130152001,41.1
207500,415.00000000125345,-50835.43019308774,18668.434089371844,-32166.996103715897,293.5603756146513,52.528306214398,1.2916401029894653,41.1
208000,416.00000000125823,-50643.04136491339,18472.66668787186,-32170.37467704153,290.48194109559563,52.90290493045123,1.282494164315232,41.1
208500,417.000000001263,-50539.06625178012,18603.89416260789,-31935.17208917223,292.54548786068835,53.19345307519478,1.2754890484871717,41.1
209000,418.0000000012678,-50833.698043502765,18689.66144799414,-32144.036595508624,293.89417497568166,52.866237216921455,1.2833836947811084,41.1
209500,419.00000000127255,-50636.076438748234,18375.666581922003,-32260.40985682623,288.95661832878073,52.461684944066185,1.2932803611047818,41.1
210000,420.00000000127733,-51131.854353120434,18767.73421876846,-32364.120134351975,295.12186615770923,52.40026336870005,1.2947962946528675,41.1
210500,421.0000000012821,-50823.4852710425,18510.431730048276,-32313.05354099422,291.0757948657264,52.31072509748631,1.2970125480422272,41.1
211000,422.0000000012869,-50786.08076226944,18361.11063157018,-32424.97013069926,288.72772659462385,53.12586378525089,1.2771117872621482,41.1
211500,423.00000000129165,-51074.90550772328,18675.711115570586,-32399.19439215269,293.67480655910197,52.42598471927256,1.294161038880504,41.1
212000,424.0000000012964,-50868.28224378251,18456.686490893262,-32411.595752889247,290.23065314048506,52.82190267521151,1.2844608658988546,41.1
212500,425.0000000013012,-50924.57310956415,18621.030274453828,-32303.542835110326,292.8149525306219,52.603892345952396,1.2897841551804436,41.1
213000,426.000000001306,-50552.32551291155,18394.465035310714,-32157.860477600836,289.25222325265094,53.42978976718867,1.2698471609987987,41.2
213500,427.00000000131075,-50488.94769577076,18380.401238669372,-32108.546457101387,289.0310706158076,53.361951893609195,1.2714614897127265,41.2
214000,428.0000000013155,-50561.23506799387,18493.60501025745,-32067.630057736416,290.8111953734225,53.10234773615458,1.277677348386488,41.2
214500,429.0000000013203,-50582.56360079472,18534.6912812757,-32047.872319519018,291.4572753335831,52.75852916513764,1.2860037594349831,41.2
215000,430.0000000013251,-50347.39407937593,18328.960622227223,-32018.43345714871,288.222168990084,53.08581338497809,1.278075299639778,41.2
215500,431.00000000132985,-50543.9901060335,18619.295404736993,-31924.69470129651,292.7876717740636,52.69051552331857,1.2876637507674553,41.2
216000,432.0000000013346,-50756.30002153218,18648.51105920665,-32107.788962325532,293.24708676617706,52.671765733979434,1.2881221258329212,41.2
216500,433.0000000013394,-50699.65298626481,18666.455917080184,-32033.197069184625,293.52926893488427,52.48789761177565,1.2926344916776702,41.2
217000,434.0000000013442,-50608.09612838165,18568.802602854474,-32039.293525527177,291.9936744941896,53.32897220904303,1.2722477864878527,41.2
217500,435.00000000134895,-50685.96281085035,18553.419082490724,-32132.54372835963,291.7517692548621,52.949858888040104,1.2813568963816844,41.2
218000,436.0000000013537,-50630.92862944369,18486.813072720954,-32144.115556722736,290.7043924286859,52.90316185132416,1.2824879359631127,41.2
218500,437.0000000013585,-50528.94825373424,18466.66593894778,-32062.282314786462,290.3875795599848,52.81830732697376,1.2845482992973176,41.2
219000,438.0000000013633,-50686.773239961214,18550.020823622526,-32136.752416338688,291.6983317707642,52.98411750076298,1.2805283932048164,41.2
219500,439.00000000136805,-50620.61595193535,18474.912334979374,-32145.70361695598,290.51725380608985,53.32496108483436,1.2723434854586912,41.2
220000,440.0000000013728,-50479.19490010427,18424.659755511922,-32054.535144592344,289.7270340140363,53.52774503142412,1.2675233527733403,41.2
220500,441.0000000013776,-50804.215581959455,18779.508992254247,-32024.70658970521,295.30702399744644,53.45262477345479,1.2693046812234592,41.2
221000,442.0000000013824,-50512.89360375047,18613.905781176356,-31898.987822574112,292.7029201602267,53.32130079230296,1.2724308267142117,41.2
221500,443.00000000138715,-50513.725047295215,18587.302816202773,-31926.42223109244,292.2845896054131,53.08656746192421,1.278057145007355,41.2
222000,444.0000000013919,-50818.40211530892,18729.370233111767,-32089.031882197152,294.5185940254276,53.02338228368805,1.27958013854389,41.2
222500,445.0000000013967,-50413.89650005122,18193.39000042384,-32220.50649962738,286.09032641194455,53.21977155449928,1.2748582879418853,41.2
223000,446.0000000014015,-50833.83109344226,18675.410126420342,-32158.42096702192,293.6700735168136,52.950107907365194,1.2813508702819811,40.5
223500,447.00000000140625,-50644.1155070251,18480.73160190432,-32163.383905120776,290.60876154455957,53.116008629977586,1.2773487428484107,41.2
224000,448.000000001411,-50780.72575887791,18686.992704543958,-32093.733054333952,293.85220909220664,52.65385318328978,1.2885603378815842,41.2
224500,449.0000000014158,-50586.87927200271,18369.320801553575,-32217.558470449138,288.85683118757726,52.493600924663276,1.292494049817605,41.2
225000,450.0000000014206,-50735.743486633364,18536.90761644965,-32198.835870183713,291.49212711510035,53.296316677274845,1.2730273136784507,41.2
225500,451.00000000142535,-50664.292390260474,18452.063985882094,-32212.22840437838,290.15796443500165,52.81500522909318,1.2846286117804506,41.2
226000,452.0000000014301,-50671.4513147888,18633.77794295941,-32037.67337182939,293.01540910543656,52.98071794392284,1.2806105594952528,41.2
226500,453.0000000014349,-50242.178842796864,18266.73099261296,-31975.447850183904,287.2436105659297,53.47176084557797,1.2688504319984089,41.2
227000,454.0000000014397,-50677.85092246994,18741.330727047487,-31936.52019542245,294.70667231177447,52.668851417024015,1.288193401284179,41.2
227500,455.00000000144445,-50724.83994478276,18846.867007353023,-31877.97293742974,296.366226077192,52.779367830338735,1.2854960117507677,41.2
228000,456.0000000014492,-50412.41458536759,18669.280392335153,-31743.134193032434,293.57368369472937,53.108715982919,1.2775241425616202,41.2
228500,457.000000001454,-50393.148483002835,18840.832349919,-31552.316133083834,296.2713313316254,53.25772950240924,1.2739496685745484,41.2
229000,458.0000000014588,-50682.24050762606,19006.56791279438,-31675.67259483168,298.8775163955404,53.166504384521986,1.2761355600497077,41.2
229500,459.00000000146355,-50456.395993873055,19023.12239054642,-31433.273603326634,299.1378348927281,52.84419924551121,1.2839189129049098,41.2
230000,460.0000000014683,-50656.91505487265,19212.599194933402,-31444.315859939245,302.11735002505367,52.79743219790805,1.2850561859581398,41.2
230500,461.0000000014731,-50049.45925766686,18467.884975377943,-31581.574282288915,290.40674885884584,52.95662398331476,1.281193205782986,41.2
231000,462.0000000014779,-50145.73534000842,18899.14250074746,-31246.592839260957,297.18825610942963,52.99926737150176,1.2801623534349003,41.2
231500,463.00000000148265,-50364.08336031691,18929.634209813903,-31434.449150503006,297.66773700878224,53.11137857052764,1.2774600975294015,41.2
232000,464.0000000014874,-50412.43896161218,18933.3132839732,-31479.12567763898,297.7255903020444,53.450300355939,1.2693598800532928,41.2
232500,465.0000000014922,-50293.29554436813,18784.844987714165,-31508.450556653963,295.39093231155533,53.36762049833679,1.271326437549182,41.2
233000,466.00000000149697,-50335.03852403677,18824.172095699872,-31510.866428336896,296.0093495037448,52.700353852938605,1.2874233641382655,41.2
233500,467.00000000150175,-50353.829013515584,18905.862281634738,-31447.966731880846,297.2939243937577,53.25422014523021,1.274033619562901,41.2
234000,468.0000000015065,-50176.584640464906,18456.072991430392,-31720.511649034514,290.2210058860931,53.47759705803276,1.2687119575511285,41.2
234500,469.0000000015113,-50694.69811522271,18901.433991116734,-31793.264124105975,297.2242897033722,53.192326552535675,1.2755160611675278,41.2
235000,470.00000000151607,-50607.76527500656,18561.65817079124,-32046.10710421532,291.8813285871898,53.30160676603535,1.2729009680034795,41.2
235500,471.00000000152085,-50733.54792559102,18585.258622412955,-32148.289303178062,292.25244474024146,53.40799711716907,1.2703653106440163,41.2
236000,472.0000000015256,-50810.569666352094,18705.475915047322,-32105.093751304772,294.142856834377,52.626784487001295,1.289223111577061,41.2
236500,473.0000000015304,-50668.70058105862,18559.105815514908,-32109.594765543712,291.84119290306995,53.30734432059795,1.2727639636403887,41.2
237000,474.00000000153517,-50675.342979785615,18595.95688259545,-32079.386097190167,292.4206744515585,53.304789464766095,1.2728249661969642,41.2
237500,475.00000000153995,-50556.610043791115,18312.663425319028,-32243.946618472088,287.9658962238235,53.114314335292775,1.2773894890241404,41.2
238000,476.0000000015447,-50721.96988964914,18478.71593947343,-32243.25395017571,290.57706533386016,53.41138488450347,1.2702847341506063,41.2
238500,477.0000000015495,-50575.034091803485,18241.34257083619,-32333.691520967295,286.84437865406335,53.05014991380961,1.2789344979959354,41.2
239000,478.00000000155427,-50767.48418728913,18311.694647330878,-32455.78953995825,287.9506622289031,53.0190880416094,1.2796837771970038,41.2
239500,479.00000000155904,-50661.80381044254,18330.56242661534,-32331.241383827204,288.24735729969717,53.03537743709427,1.2792907324757314,41.2
240000,480.0000000015638,-50809.3472816912,18493.161756455505,-32316.185525235698,290.80422522520496,53.21266302306615,1.2750285927095437,41.2
240500,481.0000000015686,-50757.6587414593,18533.721623308687,-32223.937118150614,291.4420275010305,52.96159130123485,1.2810730414560876,41.2
241000,482.00000000157337,-50862.37928614695,18386.354146684873,-32476.025139462075,289.1246798550541,53.15433745231993,1.276427665183248,41.2
241500,483.00000000157814,-50864.73833498729,18453.880732792444,-32410.857602194847,290.1865327071366,52.618919333427,1.2894158167464664,41.2
242000,484.0000000015829,-50895.23213110649,18149.84671788296,-32745.38541322353,285.4056100443584,52.88323808594323,1.282971113424721,41.2
242500,485.0000000015877,-50718.617783617,18037.583568402733,-32681.03421521427,283.6402765315781,53.30543129556429,1.2728096405867189,41.2
243000,486.00000000159247,-50876.75890197878,18076.900356813232,-32799.858545165545,284.2585314488622,53.00360456729079,1.2800575999032502,41.2
243500,487.00000000159724,-51521.9921504428,18388.350401858923,-33133.641748583876,289.15607088741984,53.260556395256025,1.273882051571479,41.2
244000,488.000000001602,-51353.250965260915,18095.021740970442,-33258.22922429047,284.5434894862841,52.526009766032004,1.2916965737706494,41.2
244500,489.0000000016068,-51151.72197661594,17936.093786770532,-33215.6281898454,282.0443537951361,52.73801000013369,1.28650411436562,41.2
245000,490.00000000161157,-51004.22289892593,18058.864745735715,-32945.35815319022,283.97492218967045,52.88366380927715,1.282960785268531,41.2
245500,491.00000000161634,-51217.02511862544,18306.431692243743,-32910.593426381696,287.8679024717202,52.48685899685807,1.292660070450942,41.2
246000,492.0000000016211,-50683.11094617331,17921.71467340752,-32761.396272765785,281.81824281551974,52.820933620793795,1.2844844306560665,41.2
246500,493.0000000016259,-50914.931847076594,18152.5017109373,-32762.430136139294,285.44735970341156,53.10129084048618,1.2777027784962602,41.2
247000,494.00000000163067,-51076.50287334396,18240.040985122898,-32836.46188822106,286.82391127104347,52.8507002417136,1.2837609821312626,41.2
247500,495.00000000163544,-50725.7618424892,17762.838580891876,-32962.92326159732,279.319922647272,53.10929649141838,1.2775101786481078,41.2
248000,496.0000000016402,-50893.03064089974,18121.597816385296,-32771.43282451444,284.96139720386765,53.10549559794344,1.2776016132547812,41.2
248500,497.000000001645,-50903.178821811096,18165.266346346776,-32737.91247546432,285.6480830821079,52.80503234603659,1.2848712297724725,41.2
249000,498.00000000164977,-51185.06335962595,18455.640063201477,-32729.423296424473,290.2141981070965,52.96024613186539,1.2811055802062121,41.2
249500,499.00000000165454,-50848.60040822312,18300.890567167517,-32547.709841055606,287.78076850264074,53.26860095061311,1.2736896715483623,41.2
250000,500.0000000016593,-50761.682040756976,18235.387171601178,-32526.294869155798,286.75073024049016,52.82748903650772,1.2843250377041282,41.2
250500,501.0000000016641,-51214.71161404196,18621.2153318418,-32593.49628220016,292.8178625506087,53.02087971616487,1.27964053429204,41.2
251000,502.00000000166887,-50865.88603997663,18461.531348863242,-32404.354691113385,290.30683833730757,53.2405236844671,1.2743613727530207,41.2
251500,503.00000000167364,-50802.1825348269,18396.17651401183,-32406.006020815068,289.2791361864273,52.815227042511864,1.2846232165965221,41.2
252000,504.0000000016784,-51043.842143634916,18611.269661388535,-32432.57248224638,292.66146728253096,52.846213562519665,1.2838699743049724,40.6
252500,505.0000000016832,-50731.45198437918,18304.513997707305,-32426.937986671874,287.8377468022229,53.16616099560656,1.276143802337616,41.2
253000,506.00000000168797,-50850.66515673073,18616.017247473173,-32234.647909257554,292.7361228828666,52.626826229180274,1.289222089000065,41.2
253500,507.00000000169274,-50987.59927185779,18753.594588669555,-32234.004683188236,294.89952104279416,52.58969779264713,1.2901322824888601,41.2
254000,508.0000000016975,-51003.83705891846,18568.538698304485,-32435.29836061398,291.9895246057496,52.54095681765325,1.2913291070068795,41.2
254500,509.0000000017023,-50854.94329061114,18393.409164022163,-32461.534126588977,289.2356197190828,52.5494238890415,1.2911210404872955,41.2
255000,510.00000000170706,-51107.9304508926,18664.502195039593,-32443.428255853007,293.4985467343325,52.79819721327853,1.285037566236519,41.2
255500,511.00000000171184,-51078.74061021586,18619.14144514641,-32459.599165069445,292.7852507656906,52.80075464965052,1.2849753246675666,41.2
256000,512.0000000017166,-50929.16363773281,18605.497234098737,-32323.666403634074,292.57069609544106,52.78581181774072,1.2853390809426628,41.2
256500,513.0000000016929,-50901.63259236752,18523.933069944833,-32377.699522422685,291.2881028928678,53.00792093888364,1.2799533663441223,41.2
257000,514.0000000016693,-50725.34142739927,18498.31649842046,-32227.024928978808,290.8852833353916,52.928766969455175,1.281867512382853,41.2
257500,515.0000000016456,-50989.04776185602,18721.996679392825,-32267.051082463193,294.4026451896022,52.95190007675169,1.2813075026634493,41.2
258000,516.000000001622,-50908.20021590257,18648.611379687856,-32259.588836214716,293.24866430171136,52.71635781632621,1.2870325200580313,41.2
258500,517.0000000015983,-50759.22322922492,18585.126242437073,-32174.096986787845,292.2503630704422,52.78892757360648,1.2852632164959878,41.2
259000,518.0000000015747,-50710.543400196264,18560.615337690117,-32149.928062506147,291.8649300785948,52.65768924756025,1.2884664674451272,41.2
259500,519.000000001551,-50618.4961570721,18463.797537696606,-32154.698619375493,290.34247406561514,52.66394023302606,1.288313531961653,41.2
260000,520.0000000015274,-50923.850999201284,18482.49046042595,-32441.360538775334,290.63641952410893,52.96740094854414,1.280932528944335,41.2
260500,521.0000000015037,-50853.92597106036,18510.508288592766,-32343.417682467592,291.07699874576093,52.74118088381192,1.2864267676921126,41.2
261000,522.0000000014801,-51058.149678903916,18731.93173397799,-32326.217944925927,294.5588735235808,53.09271213606478,1.2779092293260281,41.2
261500,523.0000000014564,-50835.71433455536,18649.857744891073,-32185.85658966429,293.26826334443007,52.85183604017925,1.2837333938039117,41.2
262000,524.0000000014328,-50643.18220287736,18555.150857715555,-32088.031345161806,291.77900135065806,52.864648571104105,1.2834222619936764,41.2
262500,525.0000000014091,-50638.71286691147,18716.125173933804,-31922.587692977664,294.310316002284,52.609430155019,1.2896483890570036,41.2
263000,526.0000000013855,-50649.2460206458,18569.294533807086,-32079.951486838712,292.00141008864455,53.01487003569957,1.279785592286455,41.2
263500,527.0000000013619,-50769.22262052349,18747.879364574837,-32021.343255948654,294.8096493736474,52.69071573215009,1.287658858033482,41.2
264000,528.0000000013382,-50645.92798009531,18695.949842427093,-31949.978137668215,293.99305972535655,53.21369297109228,1.2750039146030452,41.2
264500,529.0000000013146,-50473.61981428965,18489.645932648426,-31983.97388164122,290.748939037169,52.800930227516496,1.2849710517650939,41.2
265000,530.0000000012909,-50511.74986800217,18496.136098193016,-32015.61376980915,290.85099662946357,53.158916030098666,1.2763177264602563,41.2
265500,531.0000000012673,-50534.89105784796,18751.526515396523,-31783.36454245144,294.86700067370884,52.974343094279355,1.2807646661682532,41.2
266000,532.0000000012436,-50515.15946823625,18773.041480366406,-31742.117987869842,295.20532263299367,52.70519129661916,1.287305200483721,41.2
266500,533.00000000122,-50613.366100428124,18760.648211025684,-31852.71788940244,295.01043897080007,52.864551458946096,1.283424619639813,41.2
267000,534.0000000011963,-50611.08561648669,18780.470311341378,-31830.615305145315,295.3221407014481,52.85534590618724,1.2836481473236365,41.2
267500,535.0000000011727,-50609.29338808896,18763.022143042537,-31846.271245046424,295.0477689563369,53.05586530246286,1.278796726089353,41.2
268000,536.000000001149,-50659.16189020852,18901.887869294733,-31757.274020913785,297.23142691947606,52.76081950405584,1.285947934213031,41.2
268500,537.0000000011254,-50523.712015997684,18775.359786631307,-31748.352229366377,295.24177790581706,52.46651198439773,1.2931613763233103,41.2
269000,538.0000000011017,-50472.235825460826,18587.75808102764,-31884.477744433185,292.29174862648324,52.48406458578169,1.2927288956009637,41.2
269500,539.0000000010781,-50673.385538619616,18738.521326953633,-31934.864211665983,294.66249460823184,52.417575703038786,1.2943686528542353,41.2
270000,540.0000000010544,-50940.71449169536,18733.933111541897,-32206.781380153465,294.5903451053211,52.57243597306451,1.2905558890858506,41.2
270500,541.0000000010308,-50472.03395009164,18385.222365405265,-32086.811584686373,289.1068826399281,52.731618108216885,1.286660058665161,41.2
271000,542.0000000010072,-50718.31485683796,18613.864587031647,-32104.450269806315,292.70227238395705,52.83414001024602,1.2841633617102435,41.2
271500,543.0000000009835,-50568.98753082541,18555.102215603387,-32013.885315222025,291.77823645539956,52.777934914904826,1.2855309128335484,41.2
272000,544.0000000009599,-50642.1499710423,18657.760989022092,-31984.38898202021,293.3925415406928,52.963499038855474,1.281026897389319,41.2
272500,545.0000000009362,-50419.535738082755,18337.60749519051,-32081.928242892245,288.35814071984146,52.74516128160534,1.2863296878815083,41.2
273000,546.0000000009126,-50732.184099043334,18632.8264434499,-32099.357655593434,293.00044681389824,52.43120715476697,1.29403213335054,41.2
273500,547.0000000008889,-50956.75957534233,18753.343086798817,-32203.416488543513,294.89556618598675,52.65029014884566,1.2886475393928052,41.2
274000,548.0000000008653,-50904.97890045434,18617.657471263487,-32287.321429190855,292.761915336035,52.94098175433399,1.2815717540612643,41.2
274500,549.0000000008416,-51125.334590178165,18716.2386688607,-32409.095921317465,294.31210070544716,52.24838834163973,1.2985599939463686,41.2
275000,550.000000000818,-50832.51053147952,18385.08581120577,-32447.424720273753,289.10473533063026,52.73911932654086,1.2864770537509336,41.2
275500,551.0000000007943,-50655.78408267199,18290.43770245873,-32365.34638021326,287.6163976252833,52.8333727730353,1.2841820101111314,41.2
276000,552.0000000007707,-51047.81966386726,18730.041214090226,-32317.778449777034,294.5291451743416,52.58966104112202,1.2901331840791734,41.2
276500,553.000000000747,-51144.613555458454,18686.98231780401,-32457.631237654445,293.85204576113847,52.59287605644622,1.2900543179233726,41.2
277000,554.0000000007234,-50844.43381554615,18639.92487076223,-32204.508944783924,293.1120692980394,53.0568641013329,1.278772652658956,41.2
277500,555.0000000006997,-50828.784586319474,18769.689345784514,-32059.09524053496,295.15261045144376,52.68018184617394,1.287916337243146,41.3
278000,556.0000000006761,-50819.212912341834,18669.705138948317,-32149.507773393518,293.58036281814725,53.06554159697807,1.2785635424946071,41.3
278500,557.0000000006524,-50576.62030886405,18361.229638836354,-32215.390670027693,288.72959797910056,52.647644413137,1.2887122986208552,41.3
279000,558.0000000006288,-50571.25081589731,18395.847515589383,-32175.403300307924,289.27396269945956,52.76882692329141,1.2857527977124732,41.3
279500,559.0000000006052,-50905.11886117691,18655.98534257892,-32249.13351859799,293.364619571752,52.35000806177599,1.2960392817621555,41.3
280000,560.0000000005815,-50527.00493797652,18450.753749797695,-32076.251188178823,290.1373610252438,52.940010996353905,1.2815952541698568,41.3
280500,561.0000000005579,-50336.25200572714,18287.8942378585,-32048.357767868638,287.5764017466878,52.308078314373574,1.2970781767370636,41.3
281000,562.0000000005342,-50653.750437633564,18548.4586834051,-32105.291754228463,291.6737671786407,52.363948184461016,1.2956942553228057,41.3
281500,563.0000000005106,-50984.93069386835,19004.03747975805,-31980.8932141103,298.83772543776337,52.54145945606162,1.2913167534937924,41.3
282000,564.0000000004869,-50483.820871279386,18505.019125569637,-31978.80174570975,290.9906818778777,52.42261824436902,1.2942441472944757,41.3
282500,565.0000000004633,-50801.55041646131,18651.388243817084,-32150.162172644224,293.29233037851805,52.69633925301433,1.2875214447604382,41.3
283000,566.0000000004396,-50730.41485087786,18648.801013915792,-32081.613836962068,293.2516462923226,52.92711634343072,1.2819074896954672,41.3
283500,567.000000000416,-50782.93552504383,18731.235620017054,-32051.699905026777,294.5479271595278,52.44762040708046,1.2936271716813244,41.3
284000,568.0000000003923,-50472.915916928854,18603.396953367075,-31869.51896356178,292.53766926536355,52.7852937954775,1.2853516949533434,41.3
284500,569.0000000003687,-50808.252190526095,18937.63761137161,-31870.614579154484,297.79359017655344,52.822275437980664,1.2844518015564865,41.3
285000,570.000000000345,-50399.86031739517,18351.14063829979,-32048.719679095382,288.57094885122456,53.13904663873515,1.2767949585149378,41.3
285500,571.0000000003214,-50789.232214345284,18578.595674821983,-32210.6365395233,292.1476701572131,52.86429733383327,1.2834307892181998,41.3
286000,572.0000000002977,-50533.14294703643,18453.143011531378,-32079.999935505053,290.1749320699616,52.87647557085892,1.283135196060971,41.3
286500,573.0000000002741,-50716.20321993101,18675.7472047497,-32040.456015181313,293.6753740599928,52.70849676103054,1.2872244707762117,41.3
287000,574.0000000002505,-50561.03265256121,18628.625136512725,-31932.407516048486,292.9343814311969,52.69334776167034,1.2875945395517319,41.3
287500,575.0000000002268,-50823.66882864156,18740.73034897303,-32082.93847966853,294.6972313906878,52.93789425212855,1.28164649930138,41.3
288000,576.0000000002032,-50354.7651778325,18612.64690850021,-31742.11826933229,292.6831244379989,53.18083482037872,1.2757916846884134,41.3
288500,577.0000000001795,-50510.20036538334,18485.87481219241,-32024.325553190927,290.6896383195911,53.39294330803473,1.2707234822624451,41.3
289000,578.0000000001559,-50796.850735719396,18724.945909932023,-32071.904825787373,294.4490217212768,53.01071241421951,1.279885965660553,41.3
289500,579.0000000001322,-50426.22256423637,18455.52129058118,-31970.70127365519,290.21233041241675,53.13401233175681,1.2769159314565153,40.7
290000,580.0000000001086,-50484.903744872674,18641.687336290423,-31843.21640858225,293.13978399762203,53.04513493708547,1.2790554106252794,40.7
290500,581.0000000000849,-50360.26813245272,18783.38496820217,-31576.883164250554,295.3679735634196,53.05483154941733,1.278821642953126,40.7
291000,582.0000000000613,-50944.80526627558,19087.159223102626,-31857.646043172954,300.1448115104978,53.47972074633983,1.2686615767953637,40.7
291500,583.0000000000376,-50381.03487076266,18543.588336957633,-31837.44653380503,291.59718117653426,53.02762751685114,1.279477699187401,40.7
292000,584.000000000014,-50077.125503733405,18468.70622211016,-31608.419281623246,290.4196629306971,53.227899590365325,1.2746636138336027,40.7
292500,584.9999999999903,-50060.64080336613,18442.229571110463,-31618.411232255665,290.00331865804526,53.16864680186732,1.2760841384859987,40.8
293000,585.9999999999667,-50470.28389693556,18649.10467851885,-31821.17921841671,293.2564214059989,53.36616106780075,1.2713612051357404,41.3
293500,586.999999999943,-51134.72038457659,18978.052416665578,-32156.667967911013,298.42911136519155,52.75809168309376,1.286014423269386,41.3
294000,587.9999999999194,-50420.21741380343,18482.9304568992,-31937.28695690423,290.6433384509637,52.69119290355996,1.2876471969956715,41.3
294500,588.9999999998957,-50532.69733874109,18679.35122771958,-31853.34611102151,293.7320471763183,52.98096810408859,1.2806045128380985,41.3
295000,589.9999999998721,-50603.72002462484,18623.526777940308,-31980.193246684532,292.85420994759136,53.250499901508846,1.2741226274704842,41.3
295500,590.9999999998485,-50716.36245435336,18584.692299117483,-32131.670155235875,292.24353932918547,52.692538696192564,1.2876143098705872,41.3
296000,591.9999999998248,-50899.7508767028,18679.019692636655,-32220.731184066142,293.7268338004664,52.83715152509806,1.2840901693271454,41.3
296500,592.9999999998012,-50782.96348920318,18520.89412813414,-32262.069361069043,291.24031565505516,52.71797281031944,1.286993092331998,41.3
297000,593.9999999997775,-50849.235248107485,18401.116335777544,-32448.11891232994,289.35681468512036,52.58905228491172,1.2901481183012937,41.3
297500,594.9999999997539,-50649.226873314976,18292.47064383112,-32356.756229483857,287.64836554664316,52.80513282787463,1.284868784816539,41.3
298000,595.9999999997302,-50557.96723837702,18193.299860067425,-32364.667378309598,286.08890895846343,53.04419993571895,1.2790779563241161,41.3
298500,596.9999999997066,-50606.93395410416,18320.843747457344,-32286.09020664682,288.09453146061287,52.80938969551512,1.2847652139102306,41.3
299000,597.9999999996829,-50821.484652702326,18405.773380822095,-32415.71127188023,289.4300465312403,52.78194120803757,1.285433337535063,41.3
299500,598.9999999996593,-50756.91046269882,18307.69011745177,-32449.22034524705,287.8876911575298,52.954144476175934,1.2812531959448776,41.3
300000,599.9999999996356,-51012.22166154906,18458.429535088504,-32553.792126460557,290.25806244038773,53.20272803622506,1.2752666893778566,41.3
300500,600.999999999612,-51002.25576850208,18433.20466733831,-32569.05110116377,289.8614024090146,53.264876934067864,1.2737787216257002,41.3
301000,601.9999999995883,-50695.14584414608,18061.16435366433,-32633.981490481747,284.0110834319075,53.45902170816842,1.269152795556306,41.3
301500,602.9999999995647,-50720.05022426358,18053.924162706342,-32666.126061557236,283.89723172013703,53.43145100583338,1.2698076801474085,41.3
302000,603.999999999541,-50852.8394450201,18363.34171809732,-32489.497726922782,288.7628103405771,53.17589729380436,1.2759101454134238,41.3
302500,604.9999999995174,-51205.446761552856,18403.310285540298,-32802.13647601256,289.3913144569464,52.477872849503676,1.2928814215317208,41.3
303000,605.9999999994938,-50743.56747599288,18119.619716323446,-32623.947759669434,284.93029165991146,52.83002086695026,1.2842634876010768,41.3
303500,606.9999999994701,-50760.71296392888,18167.057861540976,-32593.655102387907,285.6762545865207,52.42289855843004,1.2942372267532072,41.3
304000,607.9999999994465,-50952.02905564066,18424.52529694356,-32527.5037586971,289.72491965845376,52.78051063937666,1.2854681780590764,41.3
304500,608.9999999994228,-50893.7615602727,18277.01153544981,-32616.750024822893,287.40527168877804,52.563588671298334,1.2907731105063331,41.3
305000,609.9999999993992,-50947.21329960196,18229.029136950674,-32718.184162651283,286.65075040119365,52.450419038568334,1.2935581467659356,40.8
305500,610.9999999993755,-50893.529704029264,18286.987772245568,-32606.541931783697,287.5621476113629,52.51190219764678,1.292043594102894,41.3
306000,611.9999999993519,-50778.342686515076,18339.86194290419,-32438.480743610886,288.393591819514,52.9064697986394,1.2824077491250805,41.3
306500,612.9999999993282,-50771.71398506491,18439.11558408778,-32332.59840097713,289.9543513372908,52.255742885617224,1.2983772328553285,41.3
307000,613.9999999993046,-51035.312326137784,18661.801883582208,-32373.510442555576,293.4560844452132,52.65339418519578,1.2885715707137357,41.3
307500,614.9999999992809,-50642.3874775147,18197.68607502908,-32444.701402485618,286.1578820124168,53.06078369720517,1.2786781898247934,41.3
308000,615.9999999992573,-51234.54229666626,18843.011165403033,-32391.531131263226,296.30559311752694,52.44696941246009,1.2936432287450397,41.3
308500,616.9999999992336,-50900.3801323587,18487.747140406864,-32412.63299195184,290.71908060549885,52.91068883375571,1.2823054914632313,41.3
309000,617.99999999921,-50730.646470716856,18340.3220947407,-32390.324375976157,288.40082768864573,52.48107989468936,1.2928024153613655,41.3
309500,618.9999999991863,-50985.35865085577,18466.747054730746,-32518.611596125025,290.3888551024112,52.727647411420655,1.2867569516088746,41.3
310000,619.9999999991627,-50760.77119392911,18481.668039822787,-32279.103154106324,290.6234869931842,52.640440178449474,1.2888886684576668,41.3
310500,620.999999999139,-50527.7232829663,18293.756700066348,-32233.96658289995,287.66858872924473,53.104191957982714,1.2776329767395742,41.3
311000,621.9999999991154,-50646.95163230063,18554.485140842127,-32092.466491458505,291.76853297958417,53.1664027264978,1.2761380001136011,41.3
311500,622.9999999990918,-51022.55409716125,18737.034030459636,-32285.520066701614,294.63910693065066,52.56406019029621,1.2907615317956829,41.3
312000,623.9999999990681,-50715.875924324566,18117.069515903924,-32598.80640842064,284.89018986082834,53.22222134693181,1.2747996068476488,41.3
312500,624.9999999990445,-50884.61495910636,18323.282540579894,-32561.332418526465,288.1328813844294,52.546965067167974,1.2911814557111179,41.3
313000,625.9999999990208,-51033.10140839549,18486.966596139064,-32546.134812256423,290.70680657826426,52.58941565744017,1.290139203876633,41.3
313500,626.9999999989972,-50940.12592269297,18524.808659416674,-32415.317263276294,291.3018715021152,52.76829649175873,1.2857657222120775,41.3
314000,627.9999999989735,-50883.96563853154,18498.008163085527,-32385.95747544601,290.88043477464436,52.91702719363723,1.2821518979203965,41.3
314500,628.9999999989499,-50859.85584086753,18524.71623909509,-32335.13960177244,291.3004181962735,52.9299632783328,1.281838539956083,41.3
315000,629.9999999989262,-50768.25461075151,18310.02743864826,-32458.22717210325,287.9244454393881,52.684630169316506,1.2878075945599339,41.3
315500,630.9999999989026,-50905.84438040435,18582.937499637177,-32322.906880767172,292.2159451778977,52.551547242795166,1.2910688725331325,41.3
316000,631.9999999988789,-51019.30685192758,18450.623972469835,-32568.68287945774,290.13532028198006,52.65505170945811,1.2885310078698515,41.3
316500,632.9999999988553,-51026.75120609248,18351.301278804487,-32675.44992728799,288.57347491670345,52.65066290111641,1.2886384161212254,41.3
317000,633.9999999988316,-50800.16558406905,18095.323618566315,-32704.841965502736,284.5482364993442,52.60647472509613,1.2897208414587076,41.3
317500,634.999999998808,-50914.66826057404,18451.538465547223,-32463.12979502682,290.14970064886086,52.98005579600743,1.2806265646428443,41.3
318000,635.9999999987843,-50729.35080601667,18298.660864006244,-32430.689942010427,287.7457065100602,52.748094652004234,1.2862581538961662,41.3
318500,636.9999999987607,-50559.152979525315,18231.905044216073,-32327.247935309242,286.6959739273353,52.974489391378455,1.2807611291420837,41.3
319000,637.999999998737,-50851.55644857521,18604.27566186303,-32247.28078671218,292.5514869211398,52.9926239521597,1.2803228409651548,41.3
319500,638.9999999987134,-50502.72838381194,18531.063158756493,-31971.665225055447,291.4002232528132,52.610961974010564,1.2896108396980739,41.3
320000,639.9999999986898,-50505.55669415102,18560.18526260731,-31945.37143154371,291.85816716520594,53.3577094093129,1.2715625839212894,41.3
320500,640.9999999986661,-50494.91026549511,18526.45794557941,-31968.452319915705,291.3278064607256,52.85354381778387,1.2836919144444994,41.3
321000,641.9999999986425,-50768.07295533749,18832.277841033992,-31935.7951143035,296.136812023286,52.936848003375076,1.2816718298811722,41.3
321500,642.9999999986188,-50560.039768113435,18601.225013728334,-31958.8147543851,292.50351560185277,53.396044672856924,1.2706496757261974,41.3
322000,643.9999999985952,-50662.92035845655,18494.712978233336,-32168.20738022321,290.82861812530473,52.987306437723596,1.2804513271186773,41.3
322500,644.9999999985715,-50826.33981979243,18663.301391329795,-32163.038428462638,293.4796641442662,52.77686405233386,1.285556996742911,41.3
323000,645.9999999985479,-50643.27681258308,18539.49151502712,-32103.785297555958,291.53275881636256,53.00980764653679,1.2799078106645383,41.3
323500,646.9999999985242,-50855.41846502341,18783.991493677946,-32071.426971345463,295.3775111521449,53.01217723505372,1.2798506001327499,41.3
324000,647.9999999985006,-50512.62528876266,18491.357185065455,-32021.268103697206,290.7758484126373,53.18940900098073,1.275586025920615,41.3
324500,648.9999999984769,-50711.050466199296,18623.92976904474,-32087.120697154558,292.860546966509,53.157930072338,1.2763413992286612,41.3
325000,649.9999999984533,-50512.29450339171,18277.942691191154,-32234.35181220056,287.41991407537984,52.94606485185901,1.2814487165091928,41.3
325500,650.9999999984296,-50692.176276452155,18323.255004845178,-32368.921271606978,288.1324483861079,52.74800101556181,1.286260437217529,41.3
326000,651.999999998406,-51000.53808962636,18721.36070434386,-32279.1773852825,294.39264450752233,52.7698516811916,1.2857278291879242,41.3
326500,652.9999999983823,-50605.916283854145,18386.062256804013,-32219.854027050133,289.1200898984111,52.572320098272954,1.2905587336035425,41.3
327000,653.9999999983587,-50773.79158719567,18524.61665811028,-32249.17492908539,291.2988522892903,52.819266479872475,1.284524972994116,41.3
327500,654.999999998335,-50827.94205636066,18617.153187151373,-32210.78886920929,292.7539854886434,53.01637131375021,1.2797493522728212,41.3
328000,655.9999999983114,-50591.027948913,18482.846187704297,-32108.1817612087,290.6420133212613,52.98768691271763,1.2804421329126374,41.3
328500,656.9999999982878,-50740.92056364214,18684.350686661604,-32056.569876980535,293.81066346721144,53.09909058250665,1.2777557224488405,41.3
329000,657.9999999982641,-50497.76394525276,18575.864130734022,-31921.899814518736,292.1047167362335,52.251338795256636,1.2984866687241017,41.3
329500,658.9999999982405,-50514.79844831312,18681.682252695515,-31833.116195617607,293.7687024503614,52.591563594215906,1.290086512204197,41.3
330000,659.9999999982168,-50456.19647837436,18603.0311760711,-31853.16530230326,292.531917432088,52.883431208962755,1.2829664281906181,41.3
330500,660.9999999981932,-50624.95498988797,18633.759098978335,-31991.195890909636,293.0151127845917,53.08823257837804,1.278017058647766,41.3
331000,661.9999999981695,-50473.25743225606,18271.41931807255,-32201.838114183513,287.3173342953187,53.268302794290335,1.2736968007154077,41.3
331500,662.9999999981459,-50781.967171526165,18451.619467628334,-32330.34770389783,290.1509744033302,53.01280569036755,1.2798354277814643,41.3
332000,663.9999999981222,-50483.68791734665,18308.082220389642,-32175.60569695701,287.8938569604659,53.010837171822494,1.2798829535310774,41.3
332500,664.9999999980986,-50796.38989713214,18416.879405595988,-32379.51049153615,289.6046883243656,53.17078092046994,1.2760329202256815,41.3
333000,665.9999999980749,-50901.83805405359,18515.95084523583,-32385.887208817756,291.1625827301912,53.000756253931144,1.280126391471911,41.3
333500,666.9999999980513,-50923.87308908525,18430.327775379126,-32493.545313706127,289.81616339860284,53.31599249383202,1.2725575137042853,41.3
334000,667.9999999980276,-50740.96167550754,18454.040328289317,-32286.921347218224,290.1890423399095,52.65272583754542,1.2885879272036973,41.3
334500,668.999999998004,-51061.056681627495,18654.951785315712,-32406.104896311783,293.34836692533537,52.86563881961666,1.2833982216715636,41.3
335000,669.9999999979804,-51035.57598951505,18658.178247848817,-32377.39774166623,293.3991029189699,52.74561625806038,1.2863185921779612,41.3
335500,670.9999999979567,-50618.96563988025,18247.96799346732,-32370.99764641293,286.9485631586066,53.18028131201424,1.2758049633201054,41.3
336000,671.9999999979331,-51023.297032295384,18743.404219510237,-32279.892812785147,294.73927789740014,52.663519163343395,1.288323832636175,41.3
336500,672.9999999979094,-50832.13639228118,18408.655178912602,-32423.481213368577,289.47536269036993,52.96768500673318,1.2809256594846934,41.3
337000,673.9999999978858,-50807.515056258264,18287.55474209821,-32519.960314160053,287.5710631895044,52.89016681629944,1.2828030413342963,41.3
337500,674.9999999978621,-50720.69964271521,18321.845180491022,-32398.85446222419,288.11027895481146,53.099445481317105,1.2777471823599218,41.3
338000,675.9999999978385,-50748.510676254686,18691.422890266338,-32057.087785988348,293.9218735846048,52.66544045247436,1.288276833265135,41.3
338500,676.9999999978148,-50580.30766883195,18480.00064727136,-32100.307021560588,290.59726731233945,52.96684447714279,1.2809459864634007,41.3
339000,677.9999999977912,-50666.164763403154,18483.243477786742,-32182.921285616412,290.6482606918373,52.640412008427816,1.288889358194322,41.3
339500,678.9999999977675,-50843.4611748054,18314.298227160343,-32529.162947645058,287.9916034170618,52.56419162111877,1.2907583043922999,41.3
340000,679.9999999977439,-51085.94203578374,18494.864982460014,-32591.077053323723,290.8310083856589,52.59567725867598,1.2899856106983643,40.9
340500,680.9999999977202,-50700.76725222245,18091.881523150714,-32608.88572907174,284.4941096873005,52.92334532633984,1.2819988311445527,41.3
341000,681.9999999976966,-51221.697507608966,18533.83188628453,-32687.865621324436,291.4437613818932,52.67475640188881,1.288048991265849,41.3
341500,682.999999997673,-50788.099225075566,18220.287009410637,-32567.81221566493,286.5132807970459,52.63626687005694,1.288990859023544,41.3
342000,683.9999999976493,-50850.35576616747,18385.49480402477,-32464.860962142702,289.1111667262682,52.480921123229706,1.292806326499397,41.3
342500,684.9999999976257,-50664.53388651341,18360.67491302025,-32303.85897349316,288.7208749379414,52.67035922831342,1.2881565237579602,41.3
343000,685.999999997602,-50863.89352613448,18627.985450418957,-32235.908075715524,292.92432239308675,52.37040964842639,1.2955343924957416,41.3
343500,686.9999999975784,-50594.90848356454,18279.42758258459,-32315.48090097995,287.4432639328514,52.50660094789293,1.2921740433352105,41.3
344000,687.9999999975547,-50673.52261903885,18428.466182751366,-32245.056436287483,289.7868899293643,53.53912785106881,1.267253867813477,41.3
344500,688.9999999975311,-50521.4069741279,18271.744958327545,-32249.662015800357,287.3224549752383,52.96434523380603,1.2810064308190763,41.3
345000,689.9999999975074,-50910.145605284924,18674.283670959445,-32235.86193432548,293.6523600499727,52.80728300328816,1.2848164682966652,41.3
345500,690.9999999974838,-50924.07976749739,18613.81674550358,-32310.263021993807,292.7015200778514,53.00211057102492,1.2800936815093176,41.3
346000,691.9999999974601,-50562.869656898234,18447.604375577044,-32115.26528132119,290.0878372422238,53.13190970631263,1.276966463725022,41.3
346500,692.9999999974365,-50439.027774213086,18347.9000944551,-32091.127679757985,288.5199914295314,52.640066874655766,1.2888978087771643,41.3
347000,693.9999999974128,-50840.495646243224,18866.33911334889,-31974.156532894332,296.67242416122997,52.26882485586958,1.2980522718028582,41.3
347500,694.9999999973892,-50516.86539601186,18698.531976587798,-31818.333419424063,294.033663681236,52.77135102226231,1.285691299053624,41.3
348000,695.9999999973655,-50737.364546355595,18970.694754516804,-31766.66979183879,298.3134124236682,52.691083922457054,1.2876498602396445,41.3
348500,696.9999999973419,-50593.38349294151,18580.78121542111,-32012.6022775204,292.1820376952792,53.01006670771169,1.2799015557314326,41.3
349000,697.9999999973182,-50564.730823172504,18249.324213447595,-32315.40660972491,286.96988966327865,52.59944261845594,1.289893266375051,41.3
349500,698.9999999972946,-51104.11759797485,18717.438209150656,-32386.679388824195,294.33096342828713,52.38675154988932,1.2951302541447727,41.3
350000,699.999999997271,-50972.17010521939,18355.47472109175,-32616.69538412764,288.639102128905,52.559557962070734,1.290872097851147,41.3
350500,700.9999999972473,-50985.46140567495,18457.484439006115,-32527.976966668833,290.2432008424835,52.83581247882468,1.284122712711552,41.3
351000,701.9999999972237,-50795.338454392084,18481.049628152294,-32314.28882623979,290.6137624945248,52.80960522870964,1.2847599703650543,41.3
351500,702.9999999972,-50881.467424592396,18528.228373569567,-32353.23905102283,291.3556463697025,52.42048675425009,1.2942967730669979,41.3
352000,703.9999999971764,-50615.250457200746,18427.746880501283,-32187.503576699462,289.77557893039653,52.75064211826678,1.2861960371309404,40.9
352500,704.9999999971527,-50685.33746411218,18478.793169296398,-32206.54429481578,290.57827976972186,52.79169500869471,1.2851958406990496,41.3
353000,705.9999999971291,-50658.94902209369,18559.53270216407,-32099.416319929624,291.8479056784679,52.83892249514076,1.284047131257582,41.3
353500,706.9999999971054,-50769.88147309907,18526.171683352237,-32243.709789746834,291.3233049987106,52.71334277746586,1.287106134305545,41.3
354000,707.9999999970818,-51291.61098881936,18874.42411955833,-32417.18686926103,296.7995605588693,52.4524113062018,1.293509014343543,41.3
354500,708.9999999970581,-50982.58707972817,18619.142734825637,-32363.44434490253,292.78527104584464,52.738078948219176,1.2865024324310972,41.3
355000,709.9999999970345,-50715.56315842254,18442.499396914427,-32273.063761508114,290.00756165796605,52.46849105817097,1.2931125992055994,41.3
355500,710.9999999970108,-51043.5850374044,18719.65784023848,-32323.927197165922,294.3658670379176,52.60594056728348,1.2897339372128405,41.3
356000,711.9999999969872,-50591.73611281523,18446.76693258572,-32144.969180229513,290.07466848484916,52.85658009133354,1.2836181745279363,41.3
356500,712.9999999969635,-50843.42141514485,18568.587806181393,-32274.833608963454,291.99029682513986,52.71102868805983,1.2871626401022251,41.3
357000,713.9999999969399,-50612.478533489535,18539.36112324731,-32073.117410242226,291.5307084108665,52.79402813509615,1.2851390440413046,41.3
357500,714.9999999969162,-50582.2333968715,18430.140754829772,-32152.09264204173,289.8132225079821,52.86041781052329,1.2835249825649375,41.3
358000,715.9999999968926,-50767.44076407834,18544.073760311727,-32223.367003766612,291.60481443926415,53.277000480719884,1.2734888645463482,41.3
358500,716.999999996869,-51232.820380765384,18845.219772432418,-32387.600608332967,296.34032337428164,52.8585058206454,1.2835714100364781,41.3
359000,717.9999999968453,-50927.08502817455,18544.82824496615,-32382.256783208402,291.6166786801259,52.8833349580348,1.2829687632685656,41.3
359500,718.9999999968217,-50955.52410992321,18507.449373343126,-32448.07473658008,291.0288974264238,52.43965156156611,1.2938237541294781,41.3
360000,719.999999996798,-50605.94214838092,18526.65558486015,-32079.28656352077,291.3309143304705,52.735468995720474,1.2865661032451063,41.3
360500,720.9999999967744,-50627.22693186895,18342.35636210353,-32284.870569765422,288.43281646115196,52.69432108059355,1.2875707563412253,41.3
361000,721.9999999967507,-50795.97876102107,18471.11666690866,-32324.86209411241,290.45756707825757,52.51924723450012,1.291862896390826,41.3
361500,722.9999999967271,-50767.85090862554,18616.88238047273,-32150.968528152815,292.7497270645077,52.81273420748142,1.2846838526117428,41.3
362000,723.9999999967034,-50973.85647269205,18696.56722787578,-32277.28924481627,294.00276808671924,52.77797710082233,1.2855298852969883,41.3
362500,724.9999999966798,-50558.81426829781,18387.7173143623,-32171.096953935506,289.14611561198456,52.752865901015866,1.2861418178859674,41.3
363000,725.9999999966561,-50787.56872417427,18484.256479455584,-32303.312244718687,290.6641901023588,52.934437687187994,1.2817301895142024,41.3
363500,726.9999999966325,-50762.45318551563,18503.321913514046,-32259.131272001585,290.96399328652865,52.87040593395457,1.283282502755552,41.3
364000,727.9999999966088,-50938.4192710852,18763.33439812591,-32175.08487295929,295.0526791549708,52.605557027067114,1.2897433404938108,41.3
364500,728.9999999965852,-50662.81384368883,18454.590624047254,-32208.22321964158,290.19769571858205,52.98373691343505,1.2805375913646273,41.3
365000,729.9999999965615,-50715.897303782156,18497.477554843797,-32218.41974893836,290.8720909813727,52.70061965067372,1.2874168709657638,41.3
365500,730.9999999965379,-50943.06492873677,18731.31614064139,-32211.74878809538,294.54919334310864,52.93429759927285,1.2817335815476885,41.3
366000,731.9999999965142,-50887.54048769324,18638.889920020396,-32248.65056767284,293.0957947392274,52.72153583846414,1.2869061147328615,41.3
366500,732.9999999964906,-50846.22953628686,18533.51628505689,-32312.713251229972,291.4387985652752,53.261653798825954,1.2738558044948047,41.3
367000,733.999999996467,-50636.96432992435,18477.148201816195,-32159.816128108152,290.55241272222065,53.47737852820614,1.2687171420125163,41.3
367500,734.9999999964433,-50864.28940396948,18814.40984620659,-32049.87955776289,295.8558385228894,52.75683486345404,1.2860450598340758,41.3
368000,735.9999999964197,-50686.66287625409,18556.437337300267,-32130.225538953826,291.7992311904133,52.82337254829155,1.2844251242496931,41.3
368500,736.999999996396,-50981.634200665794,18579.1823240224,-32402.451876643394,292.15689519230733,52.61880053864269,1.2894187277948421,41.3
369000,737.9999999963724,-50687.36539312144,18106.750740638032,-32580.61465248341,284.7279275345702,53.129318678824845,1.2770287392311035,41.3
369500,738.9999999963487,-50876.25399438158,18367.813775531846,-32508.440218849733,288.8331332639656,52.73728192421214,1.2865218754756824,41.3
370000,739.9999999963251,-51060.25868364714,18541.54619563602,-32518.71248801112,291.5650685863427,52.56059964781032,1.2908465143710313,41.3
370500,740.9999999963014,-50935.817921289155,18412.611317539497,-32523.20660374966,289.53757281124746,53.07605850437206,1.2783101978651703,41.3
371000,741.9999999962778,-50862.00795873529,18335.0627376044,-32526.94522113089,288.318124509095,52.90406980566254,1.2824659255489865,41.3
371500,742.9999999962541,-50792.51251919949,18295.60997389786,-32496.90254530163,287.6977313857467,52.753453388242285,1.2861274948067973,41.3
372000,743.9999999962305,-50836.76631388336,18155.18011973113,-32681.58619415223,285.4894775740268,52.54629538410383,1.291197911340336,41.3
372500,744.9999999962068,-50903.05234360341,18303.82608011606,-32599.22626348735,287.8269293257538,52.986300553392034,1.2804756350230566,40.9
373000,745.9999999961832,-50922.48834609672,18276.22543791004,-32646.262908186676,287.3929103365651,52.63624236682378,1.2889914590748042,41.3
373500,746.9999999961595,-51172.9303215398,18476.01382549055,-32696.916496049253,290.5345747001,52.60582505084187,1.2897367693226858,41.3
374000,747.9999999961359,-50820.12102709325,18219.873024421955,-32600.248002671295,286.5067708997404,52.554460722318005,1.290997299108708,41.3
374500,748.9999999961123,-51110.71292348534,18422.67394603615,-32688.038977449192,289.69580723985604,52.29346085729128,1.297440745675321,41.3
375000,749.9999999960886,-50830.649571250804,18127.98151838684,-32702.668052863963,285.0617806612275,52.19684533223268,1.29984228772404,41.3
375500,750.999999996065,-50947.822457895614,18138.60159301627,-32809.220864879346,285.2287809078655,52.71298669652037,1.2871148288227405,41.3
376000,751.9999999960413,-51115.3614674139,18431.556179473366,-32683.805287940537,289.8354800036049,52.29959573279832,1.2972885525782052,41.3
376500,752.9999999960177,-50792.12325988543,18206.337426825656,-32585.785833059777,286.29392417164763,52.78602248661355,1.2853339511578707,41.3
377000,753.999999995994,-51111.94823022407,18570.18265574428,-32541.765574479792,292.0153757704059,52.970707212244044,1.2808525771946724,41.3
377500,754.9999999959704,-51279.03506279012,18622.737426175394,-32656.297636614727,292.8417974228188,52.19597122657443,1.2998640556779997,41.3
378000,755.9999999959467,-51366.947405087696,18656.190735961864,-32710.756669125833,293.3678493744423,52.15368749513416,1.3009179236838675,41.3
378500,756.9999999959231,-51360.67349514481,18451.269360319042,-32909.40413482577,290.1454689799653,52.435739514491026,1.293920281793241,41.3
379000,757.9999999958994,-51280.09460836334,18384.499339182672,-32895.59526918067,289.09551308164225,52.31451577273625,1.2969185673699013,41.3
379500,758.9999999958758,-51298.189160829956,18459.227532299337,-32838.96162853062,290.2706109144499,52.373224322027056,1.2954647671003126,41.3
380000,759.9999999958521,-51296.77664834971,18502.450911974054,-32794.32573637566,290.95029682232513,52.55232306500876,1.2910498126733174,41.3
380500,760.9999999958285,-51188.050987479066,18473.663632553536,-32714.38735492553,290.49761801063937,52.566789653229556,1.2906945106635181,41.3
381000,761.9999999958048,-50964.01256440917,18296.81785979343,-32667.194704615737,287.7167253428995,52.42154908501072,1.2942705439436812,41.3
381500,762.9999999957812,-51065.36261804028,18408.573289192136,-32656.789328848143,289.4740749778074,52.603379234204695,1.289796736185916,41.4
382000,763.9999999957575,-51018.880518011145,18575.24014040194,-32443.640377609205,292.09490451334494,52.73092783227422,1.2866769017309176,41.4
382500,764.9999999957339,-50959.495619064975,18590.98322959469,-32368.512389470285,292.34246395805434,52.549189080884986,1.2911268096676893,41.4
383000,765.9999999957103,-50984.89183256445,18563.806767680115,-32421.085064884333,291.9151151868972,52.45925999956872,1.2933401433642981,41.4
383500,766.9999999956866,-50798.74247101434,18186.692759074118,-32612.04971194022,285.9850125609384,52.52308765181354,1.291768437118615,41.4
384000,767.999999995663,-51123.41515859476,18555.56666350513,-32567.84849508963,291.7855398799844,52.53712717043801,1.2914232372950198,41.4
384500,768.9999999956393,-50966.53603102596,18336.012626188152,-32630.523404837804,288.33306146889055,52.77781130199253,1.2855339237242251,41.4
385000,769.9999999956157,-51202.80748669165,18581.58922476846,-32621.21826192319,292.1947436097856,52.28253005456413,1.2977120039489038,41.4
385500,770.999999995592,-50966.23336394117,18560.77961671246,-32405.453747228712,291.8675133596175,52.722241762124845,1.286888883722853,41.4
386000,771.9999999955684,-50701.738145272364,18239.493275957167,-32462.244869315196,286.81529856642936,52.86576688250853,1.2833951127468781,41.4
386500,772.9999999955447,-50903.355993388854,18574.947113150905,-32328.40888023795,292.0902966716016,52.69422284999148,1.2875731565825375,41.4
387000,773.9999999955211,-50593.18290036693,18260.67544287647,-32332.507457490465,287.14838728974667,52.67471572111142,1.2880499860283943,41.4
387500,774.9999999954974,-50878.253554500894,18436.338295972673,-32441.91525852822,289.9106785933232,52.712586188570256,1.2871246082655439,41.4
388000,775.9999999954738,-51203.23765667365,18828.854739587998,-32374.38291708565,296.08298389065084,52.31553377062919,1.2968933308813533,41.4
388500,776.9999999954501,-51032.10984837313,18674.020695670253,-32358.08915270288,293.64822477412133,52.83937179328725,1.2840362128840948,41.4
389000,777.9999999954265,-50670.9987847018,18440.254935114932,-32230.743849586866,289.97226758639266,52.7289073809711,1.2867262042511465,41.4
389500,778.9999999954028,-50567.10541981186,18358.638249247742,-32208.467170564116,288.6888484819893,52.520768539907856,1.2918254765650128,41.4
390000,779.9999999953792,-50774.60841777969,18495.468957128833,-32279.139460650855,290.84050586304727,52.806094947659524,1.2848453746840516,41.4
390500,780.9999999953556,-50818.22856016158,18448.970660921907,-32369.257899239674,290.10932202434935,52.93832945459079,1.2816359629713152,41.4
391000,781.9999999953319,-50833.28472051701,18437.67766494109,-32395.60705557592,289.9317401165111,52.79128578940924,1.2852058030804492,41.4
391500,782.9999999953083,-51063.55106383064,18562.278357705916,-32501.27270612472,291.8910810014926,52.79502275239911,1.28511483301793,41.4
392000,783.9999999952846,-50889.42427778753,18440.058139181783,-32449.36613860575,289.9691729782548,52.433114676468115,1.2939850563383968,41.4
392500,784.999999995261,-50546.761772694255,18120.339744564033,-32426.422028130222,284.9416140750507,52.35627174382139,1.2958842291255006,41.4
393000,785.9999999952373,-50949.08020574368,18577.351495289393,-32371.72871045429,292.1281054840771,52.60711743672182,1.2897050846824556,41
393500,786.9999999952137,-51021.23400409897,18591.106051212828,-32430.127952886145,292.3443953230623,52.529351459841315,1.2916144015312419,41.4
394000,787.99999999519,-51051.34215630839,18668.62690248285,-32382.71525382554,293.56340759307113,52.9084052527453,1.2823608370828137,41.4
394500,788.9999999951664,-50820.89577264836,18363.721130998303,-32457.174641650054,288.76877659319325,52.69730765617306,1.2874977843517856,41.4
395000,789.9999999951427,-51038.97897943379,18710.35587417627,-32328.62310525752,294.2195939955133,52.992525242474784,1.2803252258347875,41.4
395500,790.9999999951191,-50698.73745669148,18464.084349349345,-32234.653107342136,290.34698416732505,52.77837474372206,1.2855201998560524,41.4
396000,791.9999999950954,-50749.546118060294,18360.803303974375,-32388.74281408592,288.7228938805339,52.709769737917235,1.2871933834273686,41.4
396500,792.9999999950718,-50962.20910597926,18397.12128314518,-32565.087822834077,289.2939926430711,52.33676585061916,1.296367204696592,41.4
397000,793.9999999950481,-50774.65427306737,18226.343134552957,-32548.31113851441,286.60851312146247,52.599304050379054,1.2898966644814052,41.4
397500,794.9999999950245,-50913.123945231244,18366.85691754073,-32546.267027690516,288.81808671051937,52.28712072945627,1.2975980681683397,41.4
398000,795.9999999950008,-50987.615870944675,18434.367094425084,-32553.24877651959,289.87968152822646,52.446593022097005,1.2936525127579088,41.4
398500,796.9999999949772,-50931.93396984767,18327.61932917367,-32604.314640673998,288.20107721073475,52.90529155879228,1.282436309291101,41.4
399000,797.9999999949536,-50971.817629291785,18542.589271576966,-32429.22835771482,291.5814709135841,53.085998809071654,1.2780708354503636,41.4
399500,798.9999999949299,-50675.70539612683,18548.505151848607,-32127.200244278225,291.6744978930469,53.20978686898871,1.2750975119610866,41.4
400000,799.9999999949063,-50621.18591828197,18501.853370046396,-32119.332548235572,290.940900499533,52.77201614441289,1.2856750945986062,41.4
400500,800.9999999948826,-50517.81034026284,18398.1309622757,-32119.67937798714,289.30986980681104,52.70890638800937,1.2872144671182502,41.4
401000,801.999999994859,-50732.42132845785,18554.514639346264,-32177.906689111587,291.7689968423759,52.46161623989723,1.293282054795499,41.4
401500,802.9999999948353,-50830.858932899595,18635.27217359304,-32195.586759306556,293.03890582208476,52.933116883171046,1.2817621716547345,41
402000,803.9999999948117,-50502.3403384213,18293.504057006605,-32208.836281414697,287.66461592728615,52.87890181122615,1.2830763220242067,41.4
402500,804.999999994788,-50587.8022232704,18143.32408743716,-32444.478135833244,285.3030419427974,52.32146201675041,1.296746387302904,41.4
403000,805.9999999947644,-51021.86113035389,18284.752189153653,-32737.10894120024,287.52699315710936,52.99921707301613,1.2801635683628045,41.4
403500,806.9999999947407,-50856.457868097634,18354.694793919145,-32501.76307417849,288.62683780546763,52.97638008287685,1.2807154196357988,41.4
404000,807.9999999947171,-51146.948503479856,18677.07426828903,-32469.874235190826,293.6962420808029,52.91287583068474,1.2822524911655173,41.4
404500,808.9999999946934,-50657.94074405616,18268.35219104577,-32389.58855301039,287.26910384611614,53.063448685829584,1.2786139711787277,41.4
405000,809.9999999946698,-51029.357751955795,18580.55479592253,-32448.802956033265,292.1784772577657,52.671015768260794,1.2881404669911791,41.4
405500,810.9999999946461,-50689.1010137644,18392.924658937012,-32296.176354827385,289.2280008960951,52.638894291419774,1.288926520245819,41.4
406000,811.9999999946225,-51053.67529022505,18811.98233555065,-32241.692954674403,295.81766601540676,52.71371596332616,1.2870970222594436,41.4
406500,812.9999999945989,-50857.1110501648,18621.99684243181,-32235.11420773299,292.8301517732212,52.76299070663737,1.2858950173211514,41.4
407000,813.9999999945752,-50609.01282600819,18536.682107442342,-32072.33071856585,291.4885809950256,52.243710050865914,1.2986762766765387,41.4
407500,814.9999999945516,-50603.511790372344,18535.62767305861,-32067.884117313733,291.4720000567279,52.95975263208282,1.2811175180513463,41.4
408000,815.9999999945279,-50942.630927203216,18769.265346051576,-32173.36558115164,295.14594307268743,52.36441599222665,1.2956826799844192,41.4
408500,816.9999999945043,-50873.56027127885,18693.01302218048,-32180.547249098374,293.94687834503395,52.899965866346626,1.2825654182848891,41.4
409000,817.9999999944806,-51012.264186340486,18652.52108128565,-32359.743105054837,293.310144202173,52.592280067155805,1.2900689371518328,41.4
409500,818.999999994457,-50673.49117916419,18429.308780893167,-32244.182398271027,289.80013975127304,52.803743634644334,1.2849025879315232,41.4
410000,819.9999999944333,-50430.23857551494,18399.625126013852,-32030.613449501085,289.33336547153056,52.96939114866596,1.2808844009213416,41.4
410500,820.9999999944097,-50547.17871098332,18514.600449551384,-32032.578261431932,291.141347812337,52.73356627325048,1.286612524877603,41.4
411000,821.999999994386,-50611.918434148465,18543.556659065212,-32068.361775083253,291.5966830429494,52.73657656677264,1.286539082845501,41.4
411500,822.9999999943624,-50540.954215720114,18363.458906883912,-32177.4953088362,288.7646531295355,53.15426526053703,1.2764293987711068,41.4
412000,823.9999999943387,-50511.4296821604,18547.823742369284,-31963.605939791116,291.6637827563761,52.910084918070346,1.2823201276975316,41.4
412500,824.9999999943151,-50541.148477161274,18747.234508771122,-31793.913968390152,294.7995090420562,52.3869377039808,1.295125651970903,41.4
413000,825.9999999942914,-50498.08794283635,18593.136653281756,-31904.951289554592,292.3763264589693,52.73348298731456,1.2866145569210454,41.4
413500,826.9999999942678,-50708.506046947026,18657.594756084858,-32050.91129086217,293.38992753443705,52.80867549690853,1.2847825894175111,41.4
414000,827.9999999942441,-50583.63531586977,18274.355657477823,-32309.279658391944,287.36350811443054,52.82869561680323,1.2842957043793994,41.4
414500,828.9999999942205,-50786.3673505255,18504.58978949594,-32281.777561029558,290.98393058537744,52.85759536170669,1.283593519234896,41.4
415000,829.9999999941969,-50863.84356223209,18521.376652041363,-32342.466910190728,291.24790332409964,52.97782378800567,1.2806805187039056,41.4
415500,830.9999999941732,-50813.29230817511,18726.3703287895,-32086.921979385606,294.47142065055124,52.812006407671376,1.2847015567803117,41.4
416000,831.9999999941496,-50840.10559438086,18590.748964524766,-32249.356629856095,292.3387801492469,52.31131720826827,1.2969978671824243,41
416500,832.9999999941259,-50836.68898052942,18561.651279703186,-32275.037700826233,291.88122022510714,52.388325518753405,1.295091342905011,41.4
417000,833.9999999941023,-50923.52717183111,18555.105013154352,-32368.42215867676,291.778280446776,52.836401305664324,1.284108402010975,41.4
417500,834.9999999940786,-50580.02643624639,18196.053846307437,-32383.972589938956,286.1322152813819,52.77810019545718,1.2855268870490173,41.4
418000,835.999999994055,-50663.52745415416,18386.931666266177,-32276.59578788798,289.1337613272548,52.904140519601675,1.282464211350126,41.4
418500,836.9999999940313,-50503.38715851213,18396.501277360956,-32106.885881151175,289.2842430770374,53.15508956044045,1.2764096046057911,41.4
419000,837.9999999940077,-50480.46710564051,18128.48777656795,-32351.979329072565,285.0697415507746,52.97534151870181,1.2807405276410542,41.4
419500,838.999999993984,-50837.148191430126,18271.977642068305,-32565.17054936182,287.32611391770826,52.37699555048891,1.2953714915401229,41.4
420000,839.9999999939604,-51015.066149433216,18474.901566643464,-32540.164582789752,290.5170844744406,52.619651273859965,1.289397880945899,41.4
420500,840.9999999939367,-50913.93205523144,18296.62963499466,-32617.302420236778,287.71376551550514,52.95194342100759,1.2813064538384826,41.4
421000,841.9999999939131,-50911.195722420816,18245.18973390924,-32666.005988511577,286.90487513873734,52.857147309736355,1.283604399818406,41.4
421500,842.9999999938894,-51050.40228404435,18634.525333415462,-32415.876950628888,293.02716179031415,52.03284510990045,1.3039392081160217,41.4
422000,843.9999999938658,-50620.162751871074,18348.404684382178,-32271.758067488896,288.527926085851,52.72147521571797,1.2869075945052393,41.4
422500,844.9999999938422,-51133.188873592066,18604.453461678157,-32528.73541191391,292.5542828160854,52.57311138133071,1.2905393092774162,41.4
423000,845.9999999938185,-51041.04398623681,18632.258066372713,-32408.785919864094,292.9915091072073,52.84991910549125,1.283779956468801,41.4
423500,846.9999999937949,-51200.04576257135,18689.151590181886,-32510.894172389468,293.88615748207934,52.84203489602437,1.2839715007593662,41.4
424000,847.9999999937712,-50730.908152507516,18525.400825239965,-32205.50732726755,291.3111832858824,52.99444199378877,1.2802789178642418,41.4
424500,848.9999999937476,-50524.67749129944,18434.0694320436,-32090.608059255836,289.87500079924314,52.731235729138916,1.2866693888445149,41.4
425000,849.9999999937239,-50488.275767048675,18567.182358778628,-31921.093408270048,291.9681962212281,52.657021804533656,1.2884827991313716,41.4
425500,850.9999999937003,-50371.298174420335,18633.719934539276,-31737.57823988106,293.01449692536187,53.264539610506944,1.2737867884479677,41.4
426000,851.9999999936766,-50154.62091340298,18607.716324743054,-31546.904588659923,292.6055912066191,53.094327969591276,1.2778703383812602,41.4
426500,852.999999993653,-50340.982497937715,18881.91663218368,-31459.065865754037,296.917380018716,52.888122999454566,1.2828526141743943,41.4
427000,853.9999999936293,-50468.13440429515,18854.652610332,-31613.481793963154,296.48865437106775,53.11719149478028,1.2773202976157816,41.4
427500,854.9999999936057,-50803.40192600185,18875.69103753235,-31927.710888469497,296.81948279308267,52.5808588652136,1.2903491558125502,41.4
428000,855.999999993582,-50458.35694192926,18643.41903716548,-31814.93790476378,293.16701492427075,52.774807578454414,1.2856070909925281,41.4
428500,856.9999999935584,-50457.777484761355,18675.94670248557,-31781.830782275785,293.67851115386986,52.96128475763179,1.2810804563960332,41.4
429000,857.9999999935347,-50418.01004495709,18411.772958466994,-32006.237086490095,289.52438964853303,53.01265816703928,1.2798389893003257,41.4
429500,858.9999999935111,-50435.378267752756,18397.309688302375,-32038.06857945038,289.2969553065944,52.82403340068748,1.2844090555141932,41.4
430000,859.9999999934874,-50471.173704652865,18513.64244931111,-31957.531255341753,291.12628329706877,52.80260668903845,1.2849302544510939,41.4
430500,860.9999999934638,-50380.29768781448,18545.13996697127,-31835.157720843206,291.6215804961257,53.00525402727795,1.2800177660446819,41
431000,861.9999999934402,-50629.865469455035,18651.463515077376,-31978.40195437766,293.2935140160603,52.55859891310777,1.290895652694167,41.4
431500,862.9999999934165,-50718.13693876024,18570.459011765706,-32147.677926994533,292.01972145773374,52.683542339011964,1.2878341857127984,41.4
432000,863.9999999933929,-50590.25828718356,18567.099878952446,-32023.158408231116,291.9668992292769,52.858987415788164,1.2835597154924339,41.4
432500,864.9999999933692,-50513.007344779464,18508.29273527571,-32004.714609503753,291.0421592589119,52.871023472190444,1.283267513902285,41.4
433000,865.9999999933456,-50980.39764481234,18837.280219458993,-32143.11742535335,296.2154742229317,53.08167687780392,1.2781748964866946,41.4
433500,866.9999999933219,-50870.17839531638,18719.259416148307,-32150.918979168076,294.35960183511565,52.8486946206425,1.2838097011789988,41.4
434000,867.9999999932983,-50827.848392066735,18995.295379664778,-31832.553012401957,298.7002562652149,52.744189120671074,1.2863533970235388,41.4
434500,868.9999999932746,-50669.523060593994,18555.53236150799,-32113.990699086004,291.78500048245826,52.82122386926957,1.2844773725150231,41.4
435000,869.999999993251,-50719.571164627894,18547.578941592186,-32171.992223035708,291.6599332739968,52.82273059431056,1.2844407338520842,41.4
435500,870.9999999932273,-50529.520717567524,18518.062713755182,-32011.458003812342,291.1957917777643,52.633542231900854,1.2890575851743675,41.4
436000,871.9999999932037,-50787.065340569454,18798.359088600027,-31988.706251969426,295.6034410047406,53.13214835728347,1.2769607280396467,41.4
436500,872.99999999318,-50676.58181768393,18523.052020061485,-32153.529797622446,291.274248418869,52.85760371434187,1.283593316399587,41
437000,873.9999999931564,-50722.34602553052,18484.886549140014,-32237.459476390504,290.6740979228187,52.64153322617681,1.2888619059995179,41.4
437500,874.9999999931327,-50575.46464686902,18385.43606604379,-32190.02858082523,289.11024307387845,52.3892537898583,1.2950683955296458,41.4
438000,875.9999999931091,-50801.6506026417,18576.07015299886,-32225.58044964284,292.1079564280663,52.64693143236049,1.2887297512447855,41.4
438500,876.9999999930855,-50455.403912803515,18667.06546457708,-31788.338448226434,293.5388540447702,52.183683320442015,1.3001701400033046,41.4
439000,877.9999999930618,-50479.91274251499,18807.764580102736,-31672.148162412257,295.75134198053524,52.717163375293055,1.2870128532072225,41.4
439500,878.9999999930382,-50440.455092026765,18967.10969363487,-31473.345398391895,298.2570374854134,52.85681055309609,1.2836125778053218,41.4
440000,879.9999999930145,-50573.70613164966,19201.496612870287,-31372.209518779375,301.94276236841694,52.897504338650265,1.282625101068396,41.4
440500,880.9999999929909,-50296.528466435164,18689.058986529082,-31607.46947990608,293.8847012933615,52.92598724058136,1.281934837421503,41.4
441000,881.9999999929672,-50690.1385651743,18762.792282047092,-31927.346283127205,295.04415440142355,53.027733018739035,1.2794751535889923,41.4
441500,882.9999999929436,-50732.45392330104,18683.948317846956,-32048.50560545408,293.8043362337757,53.043472956894355,1.279095486522224,41.4
442000,883.9999999929199,-50574.26676202397,18621.597266763456,-31952.669495260518,292.8238684618986,53.29124323350382,1.2731485086835406,41.4
442500,884.9999999928963,-50453.48016558054,18584.919805814174,-31868.56035976637,292.2471168628455,53.13734674798084,1.2768358038351877,41.4
443000,885.9999999928726,-50797.027381560125,18808.135668064308,-31988.891713495817,295.75717732381383,53.014902242058575,1.2797848148213935,41.4
443500,886.999999992849,-50442.6364567042,18610.545329009954,-31832.091127694242,292.65007718499476,52.61830790358941,1.2894307998832268,41.4
444000,887.9999999928253,-50721.95646098067,18813.352387668336,-31908.604073312334,295.83921002988353,52.9364087663258,1.2816824644853286,41.4
444500,888.9999999928017,-50953.53496477731,18855.568172936153,-32097.966791841158,296.50305155621396,52.724625004337554,1.2868307141690531,41.4
445000,889.999999992778,-50445.73964004588,18558.396391940583,-31887.3432481053,291.8300372458814,53.21213098665713,1.2750413409611414,41.4
445500,890.9999999927544,-50613.175384203736,18686.516457388185,-31926.65892681555,293.8447201248265,52.557730185499516,1.2909169899301727,41.4
446000,891.9999999927307,-50797.70068936913,18881.191920766483,-31916.508768602645,296.9059839608129,52.53699249941749,1.291426547672661,41.4
446500,892.9999999927071,-50434.15662975429,18462.791061928743,-31971.365567825545,290.3266472746242,52.736798080282895,1.286533678918856,41.4
447000,893.9999999926835,-50618.888887352005,18498.817806357696,-32120.07108099431,290.89316638255286,52.97214924390626,1.2808177092499635,41.4
447500,894.9999999926598,-50723.58871916267,18383.32681814125,-32340.26190102142,289.0770752353993,52.75787476269251,1.286019710873672,41.4
448000,895.9999999926362,-50605.1351151199,18416.97293230371,-32188.162182816188,289.6061590280849,52.658377830438944,1.2884496189210022,41.4
448500,896.9999999926125,-50714.26755709661,18460.46150052505,-32253.80605657156,290.2900150151957,52.6039001274673,1.2897839643870876,41.4
449000,897.9999999925889,-50708.40610082752,18384.249689936485,-32324.15641089103,289.09158735728147,53.026647948849075,1.2795013351414346,41.4
449500,898.9999999925652,-50593.78914663659,18407.022956698078,-32186.766189938513,289.4496960616592,52.960152881068744,1.281107835942071,41.4
450000,899.9999999925416,-50451.316148463906,18246.23301997655,-32205.083128487357,286.9212807702074,52.93811147593711,1.281641240252161,41.4
450500,900.9999999925179,-50877.71340026204,18506.542493623696,-32371.17090663834,291.01463677929087,52.908088186109225,1.2823685219916963,41.4
451000,901.9999999924943,-51120.01171536693,18735.103821122342,-32384.907894244585,294.608754466413,53.04283481423157,1.2791108749418394,41.4
451500,902.9999999924706,-51149.764365465,18778.609864786566,-32371.154500678436,295.29288525416064,52.54851073477851,1.291143476759336,41.4
452000,903.999999992447,-50837.736308484455,18457.535947516553,-32380.2003609679,290.24401081173954,52.68650670213866,1.2877617267776291,41.4
452500,904.9999999924233,-50757.65400974362,18342.86648260226,-32414.78752714136,288.4408380854885,52.653519762034314,1.2885684975147398,41.4
453000,905.9999999923997,-50885.29873038245,18683.1508768184,-32202.14785356405,293.79179650565743,52.565137188911415,1.2907350855909043,41.4
453500,906.999999992376,-50495.34185497087,18369.95004476567,-32125.391810205205,288.8667260117929,52.69651051843172,1.287517260272785,41.4
454000,907.9999999923524,-50965.67083450913,18693.4112616367,-32272.259572872434,293.95314064447444,52.73301607192435,1.2866259490275973,41.4
454500,908.9999999923288,-50823.42532622043,18578.74913173605,-32244.67619448438,292.1500832610181,52.33052676279402,1.296521763600239,41.4
455000,909.9999999923051,-50895.16373473758,18756.887758031877,-32138.275976705703,294.95130599863654,52.866734672902524,1.283371618625868,41.4
455500,910.9999999922815,-50937.97725875714,18865.672881067105,-32072.304377690038,296.66194768538037,52.50733682632638,1.2921559338086523,41.4
456000,911.9999999922578,-50363.28351693426,18419.149618809242,-31944.133898125016,289.6403873358852,52.12101709708889,1.301733362613461,41.4
456500,912.9999999922342,-50560.59932690023,18591.38844980733,-31969.210877092897,292.34883602960895,52.40059115574108,1.2947881951746592,41.4
457000,913.9999999922105,-50526.43801941269,18711.060540620223,-31815.37747879247,294.230674847018,52.753501171978854,1.2861263298418937,41.1
457500,914.9999999921869,-50869.41309770947,18695.546100398566,-32173.866997310903,293.9867108981877,52.54693200412873,1.2911822681350125,41.4
458000,915.9999999921632,-50721.28478108762,18698.180203823547,-32023.104577264072,294.0281320686589,52.63093857642399,1.289121354925248,41.4
458500,916.9999999921396,-50910.92897059167,18967.0769357815,-31943.852034810167,298.256522369486,52.58708308781132,1.2901964297075263,41.4
459000,917.9999999921159,-50509.52492448067,18679.039701738926,-31830.485222741743,293.7271484427953,52.68190989505202,1.2878740915769187,41.4
459500,918.9999999920923,-50494.99198721886,18671.36592199516,-31823.626065223703,293.60647856479807,52.86567972226287,1.2833972286949542,41.4
460000,919.9999999920686,-50799.669874634266,18839.67932872722,-31959.990545907047,296.25320011973423,52.600131688116925,1.2898763685786532,41.4
460500,920.999999992045,-50485.8360224203,18487.692389441,-31998.1436329793,290.7182196487615,52.42890446327187,1.2940889675876535,41.4
461000,921.9999999920213,-50717.332989468916,18564.802109973483,-32152.530879495433,291.9307669044493,52.78657458537487,1.2853205077532193,41.4
461500,922.9999999919977,-50917.7121033203,18815.210802642312,-32102.50130067799,295.86843353064404,52.35436660563822,1.2959313854313816,41.4
462000,923.999999991974,-50610.88621631369,18534.36131199252,-32076.524904321166,291.45208657986933,52.78496234899722,1.285359765912879,41.4
462500,924.9999999919504,-50566.79475420108,18704.57987375523,-31862.214880445852,294.1287666210782,53.27694932520346,1.2734900873262058,41.4
463000,925.9999999919268,-50507.74748339308,18422.79475787099,-32084.952725522093,289.69770700110246,52.677742290864025,1.2879759818482979,41.4
463500,926.9999999919031,-50803.30671443244,18536.707191738,-32266.599522694436,291.48897544456645,52.68204956477553,1.2878706771877717,41.4
464000,927.9999999918795,-51108.633980184015,18762.492970975552,-32346.141009208462,295.03944774685544,52.635105221745846,1.289019306844596,41.4
464500,928.9999999918558,-50860.95433376245,18416.599672677625,-32444.354661084824,289.60028953546913,52.54076197567374,1.2913338957672624,41.4
465000,929.9999999918322,-50581.03049482021,18281.69900315009,-32299.33149167012,287.4789819299364,52.89498041990453,1.2826863023678508,41.4
465500,930.9999999918085,-50834.203031670084,18220.618198139535,-32613.58483353055,286.5184887264945,52.440314392236026,1.293807400564942,41.4
466000,931.9999999917849,-51030.40452760641,18341.68714523175,-32688.717382374663,288.42229305274464,52.11187008871631,1.3019618511698383,41.4
466500,932.9999999917612,-51155.33816489311,18727.578111665025,-32427.760053228085,294.490412987718,52.833191308990244,1.284186420839622,41.4
467000,933.9999999917376,-50819.86061042854,18515.053107857806,-32304.807502570737,291.14846584600934,52.90066910798118,1.2825483683417334,41.4
467500,934.9999999917139,-50874.27429314162,18571.86497916238,-32302.409313979242,292.04183023852886,52.82168701183537,1.2844661101684443,41.4
468000,935.9999999916903,-50511.842918289294,18299.889451662806,-32211.953466626488,287.7650260015724,52.66984396366572,1.288169125684745,41.4
468500,936.9999999916666,-50665.78987835572,18277.159567695977,-32388.63031065974,287.4075994898984,52.74389313614523,1.2863606156924243,41.4
469000,937.999999991643,-50786.13754656127,18262.90936209561,-32523.228184465665,287.18351557966776,52.68450386317959,1.2878106819573736,41.4
469500,938.9999999916193,-50663.652682289714,18155.896778221613,-32507.7559040681,285.5007469999812,52.93299259520226,1.2817651812638453,41.4
470000,939.9999999915957,-51161.38398755135,18533.93518413545,-32627.4488034159,291.4453857364465,52.77067453824614,1.2857077807382176,41.4
470500,940.999999991572,-51039.173687260336,18434.581160959046,-32604.59252630129,289.88304771586786,52.695856388598465,1.287533242619567,41.4
471000,941.9999999915484,-50826.00051663953,18334.888243732363,-32491.112272907165,288.3153805999716,53.151682944034256,1.2764914127002713,41.4
471500,942.9999999915248,-51149.50704621434,18529.029294724438,-32620.477751489903,291.36824082266713,53.23587080084983,1.274472753576976,41.1
472000,943.9999999915011,-50865.42169880573,18419.702452802274,-32445.719246003457,289.64908062820257,52.96569637509254,1.2809737526746274,41.4
472500,944.9999999914775,-50803.83218542362,18498.68678382225,-32305.14540160137,290.89110605844985,52.97448030489561,1.2807613488254854,41.4
473000,945.9999999914538,-50596.443924942694,18510.91075002114,-32085.533174921555,291.0833274355438,52.88465907958914,1.2829366404068026,41.4
473500,946.9999999914302,-50747.4066697989,18405.49598960807,-32341.910680190827,289.4256845655504,53.074146970480356,1.2783562378565185,41.4
474000,947.9999999914065,-50884.81919673394,18475.49950293177,-32409.31969380217,290.5264869985381,52.73510949225209,1.2865748739669434,41.4
474500,948.9999999913829,-50882.09412517397,18708.248857648483,-32173.84526752549,294.1864612453125,52.47774677118483,1.2928845276924483,41.4
475000,949.9999999913592,-50638.51652348499,18492.639035827353,-32145.87748765764,290.79600546433977,52.40860020679897,1.2945903264141239,41.4
475500,950.9999999913356,-50464.732842255886,18391.470538630958,-32073.262303624928,289.2051349127357,53.02135437597445,1.2796290786447921,41.4
476000,951.9999999913119,-50708.11414388346,18391.166313913272,-32316.947829970188,289.2003509912794,52.4480814807347,1.2936157993414708,41.4
476500,952.9999999912883,-50668.30092554161,18529.707398661674,-32138.593526879937,291.37890397982153,53.005894732982625,1.2800022939035376,41.4
477000,953.9999999912646,-50683.02527254797,18467.39944522165,-32215.625827326323,290.3991139166556,53.13482020390065,1.2768965169782671,41.4
477500,954.999999991241,-50623.14243897279,18513.022561198857,-32110.119877773934,291.1165355814221,52.5455748345821,1.2912156173420386,41.4
478000,955.9999999912174,-50879.76009463035,18682.54519536587,-32197.21489926448,293.78227218916385,52.54785146451177,1.2911596755663393,41.4
478500,956.9999999911937,-50452.891671075886,18561.333163229698,-31891.558507846188,291.87621785634934,52.78718192603217,1.2853057195532522,41.4
479000,957.9999999911701,-50663.325839021716,18813.68944441354,-31849.636394608176,295.8445102336527,52.40520855920541,1.2946741118676304,41.4
479500,958.9999999911464,-50497.0678865171,18629.679718556254,-31867.388167960846,292.95096469143897,52.825595037270624,1.284371085659478,41.4
480000,959.9999999911228,-50449.750528327204,18625.39684490768,-31824.353683419526,292.88361667547963,52.941452070899196,1.2815603689480526,41.4
480500,960.9999999910991,-50602.884273993746,18731.03759265112,-31871.846681342628,294.5448131871588,52.471233894138734,1.2930450041542874,41.4
481000,961.9999999910755,-50464.998261285014,18449.264808580465,-32015.73345270455,290.1139474844559,52.70968275299642,1.2871955076369763,41.4
481500,962.9999999910518,-50682.10696738286,18771.247068747085,-31910.859898635776,295.17710558241225,52.49814942098645,1.2923820667382362,41.4
482000,963.9999999910282,-50706.01128975445,18641.25695532451,-32064.754334429945,293.1330162742336,53.19866157668196,1.2753641696573472,41.4
482500,964.9999999910045,-51175.63790709219,19024.155645531333,-32151.482261560857,299.15408278583067,52.48949536367284,1.292595144581701,41.4
483000,965.9999999909809,-51042.92323834175,18721.967776244346,-32320.9554620974,294.40219068875416,52.705772251305994,1.2872910110324018,41.4
483500,966.9999999909572,-51059.53058332464,18765.667831608775,-32293.862751715864,295.0893723026886,52.34932927508058,1.2960560868336508,41.4
484000,967.9999999909336,-50928.89152505273,18734.98412537205,-32193.907399680676,294.60687225555125,52.65533355525505,1.2885241108088272,41.4
484500,968.9999999909099,-50852.83219068685,18785.55033293389,-32067.28185775296,295.4020238367818,52.89447362757477,1.2826985920369778,41.4
485000,969.9999999908863,-50959.231945697175,18904.051269690353,-32055.18067600682,297.265446303732,52.53557770585642,1.2914613260465557,41.4
485500,970.9999999908626,-50737.574429121,18709.31105450973,-32028.26337461127,294.203164248257,52.78405059033895,1.2853819684131127,41.4
486000,971.999999990839,-50760.102292017466,18871.025773142293,-31889.076518875172,296.7461216980851,52.73374774254431,1.286608097339711,41.4
486500,972.9999999908154,-50797.4846747435,18916.61615831632,-31880.86851642718,297.46302867228724,52.80252973616867,1.2849321270710428,41.4
487000,973.9999999907917,-50720.625812495455,18607.342485798967,-32113.283326696488,292.59971260425107,53.10659781894095,1.2775750967882324,41.4
487500,974.9999999907681,-50680.75472054986,18613.01533291657,-32067.739387633294,292.68891789713615,52.69030352358115,1.2876689316899168,41.4
488000,975.9999999907444,-50468.90509639072,18606.769129647164,-31862.135966743557,292.59069660181194,52.99387498360618,1.2802926162620885,41.4
488500,976.9999999907208,-50587.463709830176,18783.180023716493,-31804.283686113682,295.36475081962084,52.805542010064656,1.2848588285618874,41.4
489000,977.9999999906971,-50425.14947860699,18555.996775685497,-31869.152702921492,291.79230337673084,53.17533246801731,1.2759236980687367,41.4
489500,978.9999999906735,-50530.139073184364,18630.615386951038,-31899.523686233326,292.96567803933453,52.76591283625302,1.285823805591632,41.4
490000,979.9999999906498,-50774.28225861724,18793.224182229296,-31981.058076387944,295.52269480847576,52.90775538916653,1.2823765882632736,41.4
490500,980.9999999906262,-50611.98418595771,18705.30377347577,-31906.680412481943,294.1401499150842,53.05954419000078,1.2787080606209447,41.4
491000,981.9999999906025,-50349.16652294085,18435.024729192155,-31914.1417937487,289.8900228085028,53.47337288878183,1.2688121804050434,41.4
491500,982.9999999905789,-50848.795881812825,18750.14315486835,-32098.652726944474,294.8452473850122,53.30335100400512,1.2728593150462386,41.4
492000,983.9999999905552,-50873.13562008627,18551.350619687888,-32321.785000398384,291.7192427604364,53.183989595452665,1.2757160071050464,41.4
492500,984.9999999905316,-50957.065577066925,18567.400559796482,-32389.665017270443,291.9716274234625,53.14503516010049,1.2766510859242963,41.4
493000,985.999999990508,-50843.1340260766,18506.455282871895,-32336.678743204706,291.0132653937245,52.97769569676692,1.280683615175957,41.4
493500,986.9999999904843,-50805.17983124746,18531.87175968177,-32273.308071565687,291.4129384698587,52.77215288714365,1.2856717631687953,41.4
494000,987.9999999904607,-50781.17932826473,18480.19149953477,-32300.987828729958,290.6002684565096,53.33742334575303,1.2720462030723416,41.4
494500,988.999999990437,-50791.87750628078,18698.01054222737,-32093.866964053414,294.02546414687913,53.025946058725644,1.2795182715549607,41.4
495000,989.9999999904134,-50721.37356334951,18580.39514067441,-32140.9784226751,292.1759666854069,52.96477032372772,1.280996149590251,41.4
495500,990.9999999903897,-51115.241083427805,18885.20809232093,-32230.032991106877,296.9691380970629,52.80150712976871,1.2849570123420908,41.4
496000,991.9999999903661,-50676.20394216097,18534.149717798813,-32142.05422436216,291.448759269679,53.02699895410212,1.2794928656504438,41.4
496500,992.9999999903424,-50958.844432883736,18793.24078437259,-32165.603648511147,295.5229558765117,52.695686027104784,1.2875374051251327,41.4
497000,993.9999999903188,-50867.853982001885,18715.771550112855,-32152.08243188903,294.30475528191477,52.96957319467964,1.2808799987733703,41.4
497500,994.9999999902951,-50558.692052670565,18382.02062388585,-32176.671428784717,289.05653538324003,53.05329269185681,1.2788587363031134,41.4
498000,995.9999999902715,-50627.76374471174,18543.936860323083,-32083.826884388654,291.6026616924459,52.79814128967667,1.2850389273436997,41.4
498500,996.9999999902478,-50429.08380892396,18486.07990049497,-31943.003908428993,290.69286332490464,52.68130712160691,1.2878888272838604,41.4
499000,997.9999999902242,-50681.07924227881,18721.662814449344,-31959.416427829463,294.39739517678674,53.147866140027794,1.2765830836908878,41.4
499500,998.9999999902005,-50658.72762767934,18609.234762716373,-32049.49286496297,292.62946858271084,52.989949522552095,1.2803874595078033,41.4
500000,999.9999999901769,-50438.765665828476,18466.90914589996,-31971.856519928515,290.3914039795313,52.84332968291913,1.2839400404126695,41.4
500500,1000.9999999901532,-50787.80466049823,18857.75928563455,-31930.04537486368,296.5375067153171,52.967034278774996,1.280941396332156,41.1
501000,1001.9999999901296,-50650.817762979845,18861.57673265093,-31789.241030328914,296.5975359161945,52.79481089824133,1.285119989905813,41.4
501500,1002.999999990106,-50311.65511291121,18464.70951843347,-31846.945594477744,290.35681492604215,52.59448692906387,1.290014805927014,41.4
502000,1003.9999999900823,-50541.62257178974,18706.877476351743,-31834.745095437996,294.1648963295486,52.80604490988661,1.2848465921734735,41.4
502500,1004.9999999900587,-50796.37461104892,18847.282316292436,-31949.092294756487,296.3727567935695,52.65525801513904,1.2885259593471208,41.4
503000,1005.999999990035,-50620.81452931531,18747.00374593329,-31873.810783382018,294.7958803057075,53.07722754295197,1.2782820427785622,41.4
503500,1006.9999999900114,-51011.57814787995,19138.029210082634,-31873.548937797314,300.9447400108676,52.56452479530777,1.2907501230693843,41.4
504000,1007.9999999899877,-50300.554956956075,18474.347153336756,-31826.20780361932,290.50836634747907,52.81454250331861,1.2846398668390242,41.4
504500,1008.9999999899641,-50636.2989110257,18671.402230566957,-31964.89668045874,293.60704951563,52.455418871503845,1.2934348501692192,41.4
505000,1009.9999999899404,-50975.4998317557,18788.49596767497,-32187.003864080725,295.44834382467553,52.3429140935615,1.2962149323087246,41.4
505500,1010.9999999899168,-50772.793769254386,18529.648100461993,-32243.145668792393,291.3779715180152,52.55696104490356,1.2909358817504608,41.4
506000,1011.9999999898931,-50862.13827537203,18549.754949803748,-32312.383325568284,291.6941509156516,52.40689004777593,1.294632571915161,41.4
506500,1012.9999999898695,-50692.429552553134,18437.50982340233,-32254.919729150803,289.9291008150611,53.114952543045675,1.2773741404295105,41.4
507000,1013.9999999898458,-50591.04520125332,18603.531440231553,-31987.513761021768,292.5397840659013,52.93230576802811,1.2817818129058,41.4
507500,1014.9999999898222,-50635.99052761898,18431.30159240126,-32204.68893521772,289.83147663213003,53.029676143424666,1.2794282707879572,41.4
508000,1015.9999999897985,-50701.304934397696,18383.45972530151,-32317.845209096187,289.07916519515175,52.89663981255567,1.2826460638908623,41.4
508500,1016.9999999897749,-50868.112461155026,18602.481286890732,-32265.631174264294,292.52327044683136,53.01840856166055,1.2797001775283425,41.4
509000,1017.9999999897512,-50816.28009262835,18489.0863881502,-32327.19370447815,290.7401402224272,53.03971386578962,1.2791861400366384,41.4
509500,1018.9999999897276,-50763.14299346042,18372.276309795954,-32390.866683664462,288.9033064358821,52.3923302276562,1.2949923500980804,41.4
510000,1019.999999989704,-50848.77828139869,18200.492858821694,-32648.285422577,286.20201857472745,52.818268622020724,1.2845492406076429,41.4
510500,1020.9999999896803,-51064.47310779667,18445.695152957807,-32618.777954838864,290.05781479328397,52.7259739671777,1.2867977913667914,41.4
511000,1021.9999999896567,-50755.89971621857,18296.805782112497,-32459.093934106073,287.71653542185226,52.79639797907676,1.2850813586850238,41.4
511500,1022.999999989633,-50918.053027199334,18455.953249768143,-32462.09977743119,290.2191229532677,53.13740909388633,1.2768343057289435,41.4
512000,1023.9999999896094,-51098.58756920562,18481.31525742406,-32617.272311781562,290.61793950414545,52.94383236127384,1.2815027515509982,41.4
512500,1024.9999999895858,-51018.81720280643,18363.878137282154,-32654.939065524275,288.77124551069545,52.48264150782592,1.2927639482191486,41.4
513000,1025.9999999895622,-50959.27024606296,18650.26560060109,-32309.004645461868,293.274676859075,52.68175776811528,1.287877810517758,41.4
513500,1026.9999999895385,-50964.6528249365,18548.407009265626,-32416.245815670874,291.6729546048747,52.843919881917245,1.2839257004445674,41.4
514000,1027.999999989515,-50983.35464660619,18433.943632025333,-32549.411014580855,289.87302259901287,52.795440733062335,1.2851046587842696,41.4
514500,1028.9999999894912,-50745.3365742217,18124.807882490582,-32620.528691731117,285.01187536433383,52.860248357502456,1.283529097134815,41.4
515000,1029.9999999894676,-51033.94997786352,18264.121069341138,-32769.82890852238,287.20256962739506,52.94473618863735,1.281480874829408,41.4
515500,1030.999999989444,-50988.06627185164,18174.025469830212,-32814.04080202142,285.78581994678245,53.02251873815688,1.2796009782877706,41.4
516000,1031.9999999894203,-50918.519168931394,18165.615081406584,-32752.90408752481,285.65356692690483,52.92914923899824,1.2818582543668962,41.4
516500,1032.9999999893967,-50793.48244717576,18336.944743585784,-32456.537703589976,288.3477189774987,53.13010452329039,1.2770098507689769,41.4
517000,1033.999999989373,-50935.26811650614,18540.54766205314,-32394.720454452996,291.5493666858913,52.78053291202049,1.2854676356095538,41.4
517500,1034.9999999893494,-50642.22409926299,18121.221093078624,-32521.003006184364,284.9554732450139,52.78799932559793,1.2852858171445523,41.4
518000,1035.9999999893257,-50671.277006541066,18161.452718395805,-32509.82428814526,285.5881139358806,52.63696438368988,1.2889737780860806,41.4
518500,1036.999999989302,-50699.25944422398,18038.662202664273,-32660.597241559706,283.65723801198146,52.89113493529709,1.282779560915582,41.4
519000,1037.9999999892784,-50599.30974413571,18007.079118835558,-32592.23062530015,283.1605952883636,52.84209351529949,1.2839700764123418,41.4
519500,1038.9999999892548,-50644.303959300974,18308.245206778665,-32336.05875252231,287.8964199148815,52.87118560073151,1.283263578785502,41.4
520000,1039.9999999892311,-50603.39280461224,18157.725852065367,-32445.66695254687,285.5295091126484,52.48837682130084,1.2926226901551519,41.4
520500,1040.9999999892075,-50648.6594142593,18533.721542678333,-32114.93787158097,291.4420262331214,52.7957688424084,1.2850966722569692,41.4
521000,1041.9999999891838,-50837.702262355444,18568.97254035571,-32268.729721999734,291.9963467545653,52.610191784261396,1.2896297190257378,41.4
521500,1042.9999999891602,-50733.52390556103,18529.982917571608,-32203.54098798942,291.3832365036048,52.77884838902304,1.2855086634049822,41.4
522000,1043.9999999891365,-50804.51912744832,18758.44628829579,-32046.072839152534,294.9758138243862,52.80248329029562,1.2849332573170227,41.4
522500,1044.999999989113,-50837.63392980911,18693.26266027859,-32144.371269530522,293.9508038940917,52.80143523369446,1.2849587619794702,41.4
523000,1045.9999999890892,-50872.876611247455,18763.140325833378,-32109.736285414077,295.04962737597214,52.69499996422454,1.287554168226398,41.4
523500,1046.9999999890656,-50718.99566058626,18509.875620345483,-32209.120040240778,291.0670500630047,52.76568414839328,1.2858293783857473,41.4
524000,1047.999999989042,-50671.81417211378,18419.248064941465,-32252.566107172315,289.6419353973569,52.88389831402583,1.2829550961948033,41.4
524500,1048.9999999890183,-50514.147449037664,18310.036765090277,-32204.110683947387,287.92459209731385,52.768734287709016,1.2857550548531993,41.4
525000,1049.9999999889947,-50579.722842032985,18435.15519228651,-32144.567649746474,289.89207433541713,52.95650694493523,1.2811960373288211,41.4
525500,1050.999999988971,-50838.236379099035,18521.136792696783,-32317.09958640225,291.244131545548,52.530241762990386,1.2915925107435646,41.4
526000,1051.9999999889474,-51083.871098985255,18596.292679526305,-32487.57841945895,292.42595484479773,52.66037391638964,1.2884007803733193,41.4
526500,1052.9999999889237,-51106.88724877171,18638.91321646999,-32467.974032301718,293.09616107496083,52.142881870651024,1.301187514279216,41.4
527000,1053.9999999889,-51019.03146133207,18243.622049204205,-32775.40941212787,286.88022335976905,52.859656865434644,1.28354345964348,41.4
527500,1054.9999999888764,-51218.95490212549,18636.08671252615,-32582.868189599343,293.0517144140648,52.92141287096539,1.2820456440582089,41.4
528000,1055.9999999888528,-51261.231882752654,18501.850563150143,-32759.38131960251,290.9408563612022,52.59891652456798,1.2899061678758499,41.4
528500,1056.9999999888291,-51171.09808224316,18290.26968916854,-32880.82839307462,287.6137556230489,52.58129429689324,1.2903384702844025,41.4
529000,1057.9999999888055,-51280.1907550309,18324.081929698375,-32956.10882533252,288.14545174618337,52.44834323303399,1.2936093433337306,41.4
529500,1058.9999999887818,-50846.80376627884,18132.373731914333,-32714.430034364508,285.1308480423874,52.60464778070878,1.2897656330950353,41.4
530000,1059.9999999887582,-51172.122184415995,18514.397993636485,-32657.72419077951,291.1381642012136,52.60533981725603,1.2897486659019977,41.4
530500,1060.9999999887345,-51275.28915546078,18634.850661528464,-32640.438493932314,293.03227756181343,52.62036367336714,1.28938042446421,41.4
531000,1061.999999988711,-50890.75442340369,18138.590927719928,-32752.163495683762,285.2286131965093,52.53133874206944,1.2915655392252885,41.4
531500,1062.9999999886873,-51298.843051768934,18346.932026742972,-32951.91102502596,288.5047686036729,52.5435668919347,1.2912649609069773,41.4
532000,1063.9999999886636,-50928.10559320204,18000.372239504715,-32927.733353697324,283.05512988049173,52.60502253295045,1.2897564449502734,41.4
532500,1064.99999998864,-51324.86417416354,18698.865591819616,-32625.99858234392,294.0389097673456,52.5983210976487,1.2899207699551496,41.4
533000,1065.9999999886163,-50876.24068746591,18243.601807964696,-32632.63887950121,286.87990506709144,52.5455082283702,1.2912172540752993,41.4
533500,1066.9999999885927,-50891.62563640613,18415.982646365293,-32475.642990040833,289.5905868215112,53.03978656360221,1.279184386748394,41.4
534000,1067.999999988569,-50820.70715722799,18286.915465369144,-32533.791691858845,287.56101058863777,52.94649196904824,1.2814383791147104,41.4
534500,1068.9999999885454,-51048.426023614236,18253.511527049115,-32794.91449656512,287.03573500133933,52.53468062590207,1.291483378984798,41.4
535000,1069.9999999885217,-50986.41248045807,18290.43829975835,-32695.974180699723,287.6164070177958,52.441654301838405,1.293774343160809,41.4
535500,1070.999999988498,-51140.64029811277,18501.142172940934,-32639.498125171835,290.9297169536385,52.62468415898618,1.2892745663546477,41.4
536000,1071.9999999884744,-51040.01843327149,18277.542789896557,-32762.475643374935,287.41362564359764,52.91720215173942,1.282147658791084,41.4
536500,1072.9999999884508,-51010.48548611124,18423.41739209503,-32587.06809401621,289.7074978992466,52.52206995487833,1.2917934671446707,41.4
537000,1073.9999999884271,-50775.54197003713,18142.92209976898,-32632.619870268147,285.29672070287455,52.77382251726805,1.2856310877694497,41.4
537500,1074.9999999884035,-51165.18933424914,18590.881786230995,-32574.307548018143,292.3408687652381,52.6376929376448,1.2889559375066137,41.4
538000,1075.9999999883798,-50869.92967267579,18156.653367721374,-32713.276304954416,285.51264433945124,52.82036121191441,1.284498350483131,41.4
538500,1076.9999999883562,-51041.197504552714,18185.537950534042,-32855.65955401867,285.96685324306713,52.782648517154655,1.2854161122016516,41.4
539000,1077.9999999883325,-50933.47559267511,18431.60981577277,-32501.86577690234,289.8363234322569,52.710531290520144,1.2871747862808858,41.1
539500,1078.999999988309,-51035.32565856372,18484.754159342312,-32550.57149922141,290.67201609857176,52.79179835103341,1.2851933248699243,41.4
540000,1079.9999999882853,-51154.48617978936,18617.59918175375,-32536.88699803561,292.7609987358375,52.91419987979876,1.2822204059165914,41.4
540500,1080.9999999882616,-50835.7550469605,18191.29086874728,-32644.464178213217,286.0573176507124,52.829063228990115,1.284286767579774,41.4
541000,1081.999999988238,-50878.29052781302,18404.059543203195,-32474.230984609825,289.4030965035766,52.881633871496526,1.2830100335685253,41.4
541500,1082.9999999882143,-50663.16655324366,18285.56841913229,-32377.59813411137,287.5398283407123,52.8453426127211,1.283891133904669,41.4
542000,1083.9999999881907,-50858.13845664133,18358.824112439983,-32499.31434420135,288.6917711732159,52.50685512444815,1.2921677881453635,41.4
542500,1084.999999988167,-50941.98468485785,18450.030295715776,-32491.954389142076,290.1259847388873,52.45387486721146,1.2934729230278144,41.4
543000,1085.9999999881434,-50713.42329757023,18413.239788566832,-32300.1835090034,289.5474554928888,52.742622074891166,1.286391616106758,41.4
543500,1086.9999999881197,-50631.41648483169,18543.13237342245,-32088.284111409237,291.59001116827255,53.1724403498661,1.275993097217289,41.4
544000,1087.999999988096,-50704.48589961532,18512.87236922196,-32191.61353039336,291.1141738186229,53.07365530129219,1.2783680804245514,41.4
544500,1088.9999999880724,-50402.92270755119,18209.441874399512,-32193.480833151676,286.34274148495274,52.8432633038255,1.2839416532346422,41.4
545000,1089.9999999880488,-50533.860269999466,18263.108133241214,-32270.752136758252,287.18664124794213,52.69015045597621,1.2876726724345842,41.4
545500,1090.9999999880251,-50573.95801397243,18099.0850431121,-32474.872970860328,284.6073847491235,53.07621850555979,1.2783063443285827,41.4
546000,1091.9999999880015,-50593.69127397804,18433.21172215714,-32160.4795518209,289.8615133457571,53.093898083237235,1.2778806849378426,41.4
546500,1092.9999999879778,-50733.496072418675,18526.567683615755,-32206.92838880292,291.32953208693584,52.778963511419434,1.285505859431049,41.4
547000,1093.9999999879542,-50637.26261255054,18457.40425362003,-32179.858358930513,290.24193993051057,52.78104187439695,1.2854552399720398,41.4
547500,1094.9999999879306,-50772.09739083354,18377.978865440375,-32394.11852539317,288.9929788941571,52.897932732111435,1.282614713739855,41.4
548000,1095.999999987907,-50677.56810562644,18406.859453714853,-32270.708651911584,289.4471249838205,52.86856906810039,1.2833270891298785,41.4
548500,1096.9999999878833,-50476.01100325048,18289.793430388032,-32186.21757286245,287.60626647287023,53.15819141344437,1.2763351243636871,41.4
549000,1097.9999999878596,-50965.49485931512,18651.317057881854,-32314.177801433267,293.2912109825481,52.74645387780587,1.2862981652909842,41.4
549500,1098.999999987836,-50794.17491226753,18480.813334612692,-32313.36157765484,290.6100467881132,52.710115319276255,1.2871849442494978,41.4
550000,1099.9999999878123,-50627.95046641127,18247.07650684875,-32380.87395956252,286.93454456736595,53.026256874533246,1.2795107716006293,41.4
550500,1100.9999999877887,-50563.99986692223,18222.501086200748,-32341.498780721486,286.54809706556813,52.79524106420577,1.2851095189832693,41.4
551000,1101.999999987765,-50932.09701587299,18562.419497838346,-32369.677518034645,291.89330042440145,52.79570517823623,1.2850982219022578,41.4
551500,1102.9999999877414,-50914.33021468087,18608.383518320188,-32305.946696360683,292.6160827987994,53.11701217453543,1.2773246097820563,41.4
552000,1103.9999999877177,-50779.90779153646,18517.764669626136,-32262.143121910325,291.19110504581596,52.84746203372304,1.2838396440936413,41.4
552500,1104.999999987694,-50665.539829095906,18549.40221650309,-32116.137612592815,291.6886041986781,53.235539719018014,1.2744806797626798,41.4
553000,1105.9999999876704,-50904.16338900859,18697.484353138105,-32206.679035870482,294.0171898446024,52.8971008634634,1.2826348843531863,41.4
553500,1106.9999999876468,-50697.66887478439,18621.582218970063,-32076.086655814324,292.82363183595237,52.99122607349004,1.2803566151599086,41.4
554000,1107.9999999876231,-50626.631952175616,18634.654522553956,-31991.97742962166,293.02919328432375,53.037980756267324,1.279227939698852,41.4
554500,1108.9999999875995,-50372.490139885675,18627.422091349476,-31745.0680485362,292.9154635943653,52.64994751127527,1.288655925708136,41.4
555000,1109.9999999875758,-50784.20314169096,18886.63759662783,-31897.56554506313,296.99161699482516,52.980110056290556,1.2806252530721454,41.4
555500,1110.9999999875522,-50571.20849671171,18802.22477722502,-31768.983719486692,295.6642288029742,53.19146449709649,1.2755367330096872,41.4
556000,1111.9999999875286,-50481.68376566683,18798.01094496086,-31683.672820705968,295.5979664600095,53.132529083891264,1.2769515778460712,41.4
556500,1112.999999987505,-50362.10573627244,18559.97695950015,-31802.12877677229,291.8548916072193,52.99567476303139,1.280249136406057,41.4
557000,1113.9999999874813,-50516.401089976076,18736.96422524961,-31779.436864726467,294.63800924652907,53.42002054593156,1.270079385130346,41.4
557500,1114.9999999874576,-50543.36402134991,18816.75768085084,-31726.60634049907,295.8927581282911,52.58539560317612,1.290237832584248,41.4
558000,1115.999999987434,-50620.33086464434,18720.324774167937,-31900.006090476403,294.37635454714865,52.55230301315443,1.2910503052862243,41.4
558500,1116.9999999874103,-50662.8815547509,18773.15336784622,-31889.728186904682,295.207082059116,52.896034827069414,1.28266073384212,41.4
559000,1117.9999999873867,-50640.65410693635,18758.69747053935,-31881.956636397,294.9797636550691,53.04196305324619,1.27913189752269,41.4
559500,1118.999999987363,-50923.21687964297,18875.87564474672,-32047.34123489625,296.82238573410774,52.77419793791659,1.2856219421551986,41.4
560000,1119.9999999873394,-50439.20706712022,18361.75170881161,-32077.455358308605,288.7378075084751,52.869769044116715,1.2832979616765927,41.4
560500,1120.9999999873157,-50743.21996884174,18583.70235971266,-32159.517609129078,292.22797257183856,52.54004166656836,1.2913515995895988,41.4
561000,1121.999999987292,-50487.05741911599,18603.799870885643,-31883.257548230347,292.5440051271464,53.2242157363188,1.2747518382376042,41.4
561500,1122.9999999872684,-50717.70361464035,18754.595516883757,-31963.10809775659,294.9152605987268,53.07512301552293,1.278332729041132,41.4
562000,1123.9999999872448,-50753.08577591966,18459.06387617094,-32294.021899748717,290.26803742840957,53.16282880647147,1.2762237896635058,41.4
562500,1124.9999999872211,-50665.66354219247,18387.990629729567,-32277.672912462906,289.15041348514796,52.87002335680337,1.2832917888222664,41.4
563000,1125.9999999871975,-50699.49240853177,18378.406556315247,-32321.08585221652,288.999704315972,52.83672241598565,1.2841005979602556,41.4
563500,1126.9999999871739,-50921.38258580069,18536.618606955897,-32384.763978844792,291.4875824524288,53.17788555169631,1.2758624406506314,41.4
564000,1127.9999999871502,-50948.01103876149,18519.87563475255,-32428.135404008943,291.2242998875714,52.98087174362526,1.2806068419738819,41.4
564500,1128.9999999871266,-50751.85113418177,18431.708327038563,-32320.14280714321,289.83787251795155,52.983687026491225,1.2805387970585014,41.4
565000,1129.999999987103,-50965.814854996905,18688.231931840746,-32277.58292315616,293.8716958916337,52.66759972031936,1.2882240164525918,41.4
565500,1130.9999999870793,-50907.07524330163,18505.916168578267,-32401.159074723364,291.0047878431287,52.56714178357545,1.2906858647168475,41.4
566000,1131.9999999870556,-51045.49159044592,18482.301282844768,-32563.19030760115,290.6334447142495,53.03460584019099,1.2793093447903123,41.4
566500,1132.999999987032,-51145.92493496876,18331.66856747195,-32814.25636749681,288.2647513202023,52.429957364596916,1.2940629796209033,41.4
567000,1133.9999999870083,-51313.819873790126,18705.857597300157,-32607.96227648997,294.14885877245985,52.878613907772845,1.2830833078749442,41.4
567500,1134.9999999869847,-50933.07921923267,18290.131313097678,-32642.947906134992,287.6115796648971,53.008065066985,1.2799498861709018,41.4
568000,1135.999999986961,-50715.65425660481,18186.43562801605,-32529.21862858876,285.9809691853866,52.60954909433292,1.28964547342862,41.4
568500,1136.9999999869374,-51087.36342319197,18536.415983666404,-32550.947439525567,291.48439620934664,52.82935346031813,1.284279712027705,41.4
569000,1137.9999999869137,-51011.35693207928,18666.63665626524,-32344.72027581404,293.5321110513039,53.05461954268074,1.278826753135906,41.4
569500,1138.99999998689,-51109.4116962059,18797.41250278277,-32311.99919342313,295.58855598081544,52.75771003436329,1.2860237262844654,41.4
570000,1139.9999999868664,-50911.98345710006,18686.40757973688,-32225.575877363182,293.8430080281364,52.96479974727483,1.2809954379581723,41.4
570500,1140.9999999868428,-50810.412655120985,18588.510103530338,-32221.902551590647,292.30357415010803,52.58926630561672,1.2901428678304423,41.4
571000,1141.9999999868191,-51105.11117502774,18662.41563702572,-32442.695538002023,293.46573569344054,52.61842609365781,1.289427903599059,41.4
571500,1142.9999999867955,-50852.62974991427,18483.82472175183,-32368.80502816244,290.6574007298233,52.273800293356985,1.2979287227611298,41.4
572000,1143.9999999867719,-50897.01939268612,18472.312131181145,-32424.707261504973,290.4763657058867,52.40886354507703,1.294583821499415,41.4
572500,1144.9999999867482,-50906.24179364134,18541.485782063617,-32364.756011577723,291.5641185853452,52.584156509265014,1.2902682357693207,41.4
573000,1145.9999999867246,-50715.97427612587,18463.62650422423,-32252.347771901637,290.3397845711373,52.532258209452074,1.2915429330700168,41.4
573500,1146.999999986701,-51012.28723033825,18652.08663564992,-32360.200594688326,293.3033125620152,52.45727827876443,1.293389002915408,41.4
574000,1147.9999999866773,-50941.52473304841,18371.657548349758,-32569.867184698654,288.89357643701385,52.942200888778736,1.281542242476129,41.2
574500,1148.9999999866536,-50990.06570466774,18369.780086750823,-32620.285617916914,288.8640534288415,53.07613200497214,1.2783084276426038,41.4
575000,1149.99999998663,-50967.056057074806,18442.557982012007,-32524.4980750628,290.00848290627044,52.504110487980896,1.2922353358249679,41.4
575500,1150.9999999866063,-51107.934704966,18511.535546841194,-32596.399158124805,291.0931523404234,52.46669146526932,1.2931569526075306,41.4
576000,1151.9999999865827,-50900.48148266155,18438.031068808654,-32462.450413852894,289.9372973781223,52.55825542725563,1.2909040891308354,41.4
576500,1152.999999986559,-50951.313197325195,18500.02255100696,-32451.290646318233,290.9121109437338,52.76341910149834,1.285884576928422,41.4
577000,1153.9999999865354,-50993.478441111736,18579.858224970816,-32413.62021614092,292.167523707551,52.759986815122026,1.2859682297945678,41.4
577500,1154.9999999865117,-50542.73718140344,18367.781342921386,-32174.955838482056,288.83262326246984,53.03184727496612,1.2793758908084456,41.4
578000,1155.999999986488,-50873.83464573516,18765.93671734954,-32107.897928385617,295.09360052015336,52.53365054839387,1.2915087023340612,41.4
578500,1156.9999999864644,-50768.531752041694,18516.59097046903,-32251.940781572663,291.1726486737513,53.201119922622034,1.2753052369444053,41.4
579000,1157.9999999864408,-50693.8911513797,18634.37899174114,-32059.512159638558,293.02486057336813,52.757981078916785,1.2860171193271948,41.4
579500,1158.9999999864172,-50686.964058211415,18706.994487363525,-31979.96957084789,294.1667363230052,52.6713130934489,1.2881331955452215,41.4
580000,1159.9999999863935,-50422.34925012431,18564.938090994532,-31857.411159129777,291.9329052005391,52.828799415128316,1.2842931809879066,41.4
580500,1160.9999999863699,-50537.39135830593,18682.258498619336,-31855.132859686597,293.77776389434933,52.65567777425485,1.2885156875105357,41.4
581000,1161.9999999863462,-50749.798173141666,18831.10350837844,-31918.694664763225,296.1183456894837,52.449771085023656,1.2935741271137828,41.4
581500,1162.9999999863226,-50921.97199911062,18772.696813750637,-32149.27518535998,295.1999027643157,52.99985656229041,1.2801481220781468,41.4
582000,1163.999999986299,-51230.110018062485,18768.44965023129,-32461.660367831195,295.1331162887031,52.55901531584107,1.290885425476725,41.4
582500,1164.9999999862753,-50788.09768470092,18379.14040465634,-32408.957280044582,289.01124405163614,52.751551753070224,1.2861738582823465,41.4
583000,1165.9999999862516,-51089.550436179125,18578.38266028984,-32511.167775889284,292.144320512258,52.54339510334037,1.291269182647733,41.4
583500,1166.999999986228,-51069.278998331974,18478.561740127043,-32590.71725820493,290.5746405553368,52.37219620844473,1.2954901982454414,41.4
584000,1167.9999999862043,-51114.50125818409,18608.76727589906,-32505.733982285034,292.62211737130076,53.00502586154471,1.2800232760163763,41.4
584500,1168.9999999861807,-50771.261513148085,18374.13696318975,-32397.124549958335,288.93256513570424,52.767938504629,1.2857744450766322,41.4
585000,1169.999999986157,-50639.7224811505,18381.65431565147,-32258.06816549903,289.05077520097944,53.182572688187285,1.2757499951426248,41.4
585500,1170.9999999861334,-50724.73908656726,18367.596229280814,-32357.142857286442,288.8297123579131,53.05934433217097,1.2787128771112568,41.4
586000,1171.9999999861097,-51039.4477121476,18665.311407384117,-32374.136304763484,293.51127156592105,53.07863457739484,1.2782481574520799,41.4
586500,1172.999999986086,-51015.4340023455,18475.123197239853,-32540.310805105648,290.52056960665954,53.08725438463442,1.2780406075825432,41.4
587000,1173.9999999860624,-50858.12250605014,18304.797662825862,-32553.324843224276,287.8422074248093,52.60756702812724,1.2896940626878195,41.4
587500,1174.9999999860388,-50986.321184264496,18257.643917204077,-32728.67726706042,287.10071667041075,52.78812326431522,1.285282799483274,41.4
588000,1175.9999999860152,-51132.63843966097,18431.548505339666,-32701.089934321306,289.83535932816096,52.65457222837052,1.28854274144251,41.4
588500,1176.9999999859915,-51179.58038353215,18428.637463020325,-32750.942920511825,289.7895833047085,52.66521017408584,1.288282466249645,41.4
589000,1177.9999999859679,-50935.74620101114,18168.75317296688,-32766.99302804426,285.7029132905443,52.57328689025605,1.2905350009835912,41.4
589500,1178.9999999859442,-50944.57735951768,18408.616483754682,-32535.960875762998,289.47475421056714,52.68003147529275,1.2879200134959707,41.4
590000,1179.9999999859206,-51052.27516079642,18608.356471355404,-32443.918689441012,292.6156574863655,52.660845835031914,1.2883892344071024,41.4
590500,1180.999999985897,-50940.19502188445,18448.976138864306,-32491.218883020145,290.10940816477336,52.72825699001622,1.2867420757237196,41.4
591000,1181.9999999858733,-50723.1348597046,18525.61902783749,-32197.515831867113,291.31461451295706,53.03535214822045,1.2792913424805794,41.4
591500,1182.9999999858496,-50703.7846457067,18570.861208522212,-32132.923437184487,292.0260459855621,53.04219613439386,1.2791262766858387,41.4
592000,1183.999999985826,-50353.79355269171,18354.221892945265,-31999.57165974645,288.6194014566632,52.964613060208045,1.2809999531479765,41.4
592500,1184.9999999858023,-50902.41518930867,18832.4870813716,-32069.928107937067,296.14010231918377,52.93886381257579,1.2816230263051054,41.4
593000,1185.9999999857787,-50344.83080208894,18429.476651678237,-31915.3541504107,289.80277951262013,52.87794980853006,1.283099422241259,41.4
593500,1186.999999985755,-50622.42094118573,18841.274901138167,-31781.146040047563,296.27829043175694,52.71634103511617,1.287032929759513,41.4
594000,1187.9999999857314,-50668.022318907846,18494.16216301684,-32173.860155891005,290.81995657816725,52.953705781900574,1.281263810470038,41.4
594500,1188.9999999857077,-51053.11536555641,18544.61668078369,-32508.498684772723,291.6133518418613,52.343318812475005,1.2962049099656447,41.4
595000,1189.999999985684,-50832.43972567645,18306.847070437023,-32525.592655239427,287.874434277112,53.01715239538031,1.2797304982102202,41.4
595500,1190.9999999856605,-50851.14685318185,18392.866131193114,-32458.280721988733,289.227080549675,53.20804694381666,1.2751392081778303,41.4
596000,1191.9999999856368,-51006.816589189584,18698.36413314014,-32308.452456049443,294.0310243497687,52.87264198354296,1.2832282311473169,41.4
596500,1192.9999999856132,-50729.91304272571,18375.880224723453,-32354.03281800226,288.95997785324545,53.07949577125366,1.2782274183804805,41.4
597000,1193.9999999855895,-50945.154424570064,18840.400535881887,-32104.753888688178,296.26454107325003,52.86869551911746,1.2833240196761297,41.4
597500,1194.9999999855659,-50362.97602503683,18504.155977369046,-31858.82004766778,290.9771089071205,53.009523021777184,1.279914682891115,41.4
598000,1195.9999999855422,-50368.51121210838,18619.3496411327,-31749.16157097568,292.78852463920583,52.7820285324103,1.285431210870685,41.4
598500,1196.9999999855186,-50407.89248971715,18662.070183282318,-31745.822306434835,293.46030344721225,53.39588786182408,1.2706534073223188,41.4
599000,1197.999999985495,-50315.02907354215,18498.634920841458,-31816.394152700694,290.8902905151617,53.39498904891128,1.2706747965895615,41.4
599500,1198.9999999854713,-50955.00177833084,19194.77736342541,-31760.22441490543,301.8371024409992,53.06421334949886,1.2785955461500866,41.4
600000,1199.9999999854476,-50601.18899324482,18802.10814319773,-31799.08085004709,295.6623947375836,52.93946180638707,1.281608549341948,41.4
600500,1200.999999985424,-50415.401277869074,18566.592825718202,-31848.80845215087,291.9589258375512,53.24711818098115,1.2742035469040855,41.4
601000,1201.9999999854003,-50534.30250138783,18468.075721716963,-32066.226779670866,290.40974833735925,52.76443176088577,1.2858598981240736,41.4
601500,1202.9999999853767,-50394.38387305302,18333.759507338575,-32060.624365714444,288.29763126555264,53.01661875269544,1.2797433794319018,41.4
602000,1203.999999985353,-50735.40815961669,18589.133300990394,-32146.274858626293,292.3133739051159,52.87021821138184,1.283287059216658,41.4
602500,1204.9999999853294,-50713.00019878582,18275.835537376726,-32437.164661409093,287.3867791663521,52.40181400316799,1.2947579800295734,41.4
603000,1205.9999999853057,-50704.187260449326,18339.3317406205,-32364.855519828827,288.3852544099162,52.93263282192172,1.2817738931838758,41.4
603500,1206.999999985282,-50594.01622873677,18328.935683794436,-32265.080544942335,288.2217768342309,53.12220611000457,1.2771997214899058,41.4
604000,1207.9999999852585,-50841.180520434806,18465.48034961881,-32375.700170815995,290.3689362154455,52.723233447536806,1.2868646782853377,41.4
604500,1208.9999999852348,-50851.2710768485,18552.023489590058,-32299.24758725844,291.7298236125998,52.62648308908047,1.2892304951060847,41.4
605000,1209.9999999852112,-50849.41937264783,18704.76977461161,-32144.649598036223,294.1317528044111,52.934804450043835,1.2817213089482005,41.4
605500,1210.9999999851875,-50363.53672656562,18306.07690313198,-32057.459823433637,287.8623234271996,52.99430795443018,1.2802821560943762,41.4
606000,1211.9999999851639,-50673.38601443863,18662.861444674512,-32010.524569764115,293.47274600079703,53.23950765470001,1.274385692833085,41.4
606500,1212.9999999851402,-50856.705883864925,18815.22401801658,-32041.481865848345,295.8686413418731,52.66953827709308,1.2881766020366912,41.2
607000,1213.9999999851166,-50686.777906857606,18488.41904020609,-32198.358866651517,290.7296462028324,52.66232213636576,1.288353116540132,41.4
607500,1214.999999985093,-50659.39812956372,18406.81475694937,-32252.58337261435,289.4464221289801,53.07712430384909,1.278284529135784,41.4
608000,1215.9999999850693,-50793.613749090444,18601.054721074004,-32192.55902801644,292.5008377567089,52.764688074243836,1.2858536518430754,41.4
608500,1216.9999999850456,-50475.59267331103,18398.81043633063,-32076.7822369804,289.32055450901106,52.78786047301124,1.2852891979457202,41.4
609000,1217.999999985022,-50636.356590509335,18720.11970135494,-31916.236889154396,294.37312978540785,52.678998872886986,1.287945259027071,41.4
609500,1218.9999999849983,-50676.84716229297,18902.57422928664,-31774.27293300633,297.2422199027583,52.509027608901306,1.2921143265872572,41.4
610000,1219.9999999849747,-50782.89281188885,18905.225512208017,-31877.667299680834,297.28391122011965,52.44156412116462,1.2937765679884616,41.4
610500,1220.999999984951,-50433.406379545915,18360.29263815737,-32073.113741388544,288.71486368108947,52.97145980959644,1.2808343793526296,41.4
611000,1221.9999999849274,-50656.659073974246,18718.93250954029,-31937.726564433957,294.3544612418457,52.806492515319775,1.2848357013854654,41.4
611500,1222.9999999849038,-50869.21860671493,18824.601501604637,-32044.617105110294,296.01610189433575,52.113074593801166,1.3019317585360366,41.4
612000,1223.99999998488,-50912.1805302305,18935.463051686762,-31976.71747854374,297.75939531292295,52.52667889652371,1.2916801190169567,41.4
612500,1224.9999999848565,-50704.94429187792,18717.009528164224,-31987.934763713693,294.3242224370078,52.83727907321196,1.2840870695596696,41.4
613000,1225.9999999848328,-50681.27539297167,18635.86027707086,-32045.41511590081,293.0481537256327,52.570163429515276,1.2906116782306682,41.4
613500,1226.9999999848092,-50888.90960555733,18611.766779714882,-32277.14282584245,292.66928444822935,52.34208523519449,1.2962354584033053,41.4
614000,1227.9999999847855,-50924.83536415789,18547.624083654784,-32377.211280503103,291.6606431311165,52.369922443216026,1.2955464450456937,41.4
614500,1228.9999999847619,-51066.3458574702,18389.306769490213,-32677.03908797999,289.17110972997745,52.50580069733592,1.2921937375972579,41.4
615000,1229.9999999847382,-50865.09979659044,18290.49820071384,-32574.6015958766,287.6173489579129,52.66883726394767,1.28819374744522,41.4
615500,1230.9999999847146,-51029.1402071351,18382.46094416965,-32646.67926296545,289.0634594020026,52.51165739068485,1.2920496175514513,41.4
616000,1231.999999984691,-50945.50404332129,18375.674024165764,-32569.830019155528,288.9567353577647,52.6751787020001,1.2880386648987485,41.4
616500,1232.9999999846673,-51028.53618582019,18417.60047030106,-32610.93571551913,289.6160270378672,52.97643580700611,1.280714072494367,41.4
617000,1233.9999999846436,-50687.64828441081,18073.62974006733,-32614.018544343482,284.2071011320063,53.07942353117755,1.2782291580234506,41.4
617500,1234.99999998462,-50994.88648822749,18517.747584615907,-32477.13890361158,291.1908363847169,52.56556683764818,1.2907245356675918,41.4
618000,1235.9999999845963,-51418.42607429691,18819.41813207537,-32599.007942221542,295.9345936168511,52.20660384043337,1.2995993199634261,41.5
618500,1236.9999999845727,-51072.18199791478,18482.747660946923,-32589.434336967854,290.6404639919622,52.844414451501386,1.2839136842152965,41.5
619000,1237.999999984549,-50920.49700857898,18372.009643955233,-32548.48736462375,288.8991131262563,52.75339852709261,1.286128832321251,41.5
619500,1238.9999999845254,-51193.05173360992,18486.44731249934,-32706.604421110584,290.69864086390396,52.362911082732424,1.2957199178905305,41.5
620000,1239.9999999845018,-51116.83328648452,18698.94764393715,-32417.88564254737,294.04020003359545,52.60214613530732,1.2898269715859916,41.5
620500,1240.999999984478,-50978.044949575895,18636.064671134976,-32341.98027844092,293.0513678140746,52.70708144849234,1.287259035864676,41.5
621000,1241.9999999844545,-50983.92270846181,18779.422009863003,-32204.500698598808,295.30565620284074,52.54769283968211,1.291163573168166,41.5
621500,1242.9999999844308,-50849.6896311419,18592.32660951154,-32257.363021630357,292.36358855324505,52.87489114335338,1.283173645968933,41.5
622000,1243.9999999844072,-50521.63256823158,18374.96372978046,-32146.66883845112,288.9455660071085,52.814913278715416,1.2846308483094686,41.5
622500,1244.9999999843835,-50674.37373506966,18569.40309821742,-32104.970636852242,292.003117259633,52.83212112672438,1.284212433679999,41.5
623000,1245.9999999843599,-50956.22180510404,18651.791888168565,-32304.429916935474,293.2986776697192,52.33672283321769,1.296368270226596,41.5
623500,1246.9999999843362,-50899.042555861095,18675.826882440837,-32223.215673420258,293.67662698848295,52.50365811096401,1.2922464698599545,41.5
624000,1247.9999999843126,-51047.58217815627,18760.667418292403,-32286.914759863866,295.01074100429713,52.86690777941335,1.2833674163754938,41.5
624500,1248.999999984289,-50722.88092111811,18379.425311978935,-32343.45560913917,289.01572420783117,52.76559178227381,1.2858316292288814,41.5
625000,1249.9999999842653,-51128.572065109016,18836.426420544612,-32292.145644564403,296.20204826932434,52.97038552065317,1.280860355871365,41.5
625500,1250.9999999842416,-50686.49608273295,18536.397520317838,-32150.09856241511,291.48410587393266,52.781443502191394,1.2854454586072528,41.5
626000,1251.999999984218,-50810.22207022521,18638.79298925404,-32171.429080971167,293.09427050682297,52.553754322023664,1.2910146520244763,41.5
626500,1252.9999999841943,-50416.20132516511,18561.98027888769,-31854.221046277416,291.8863937240583,52.629826258983854,1.2891486001636892,41.5
627000,1253.9999999841707,-50625.834755317206,18870.249579024498,-31755.58517629271,296.7339160767845,52.93020408465319,1.281832708223002,41.5
627500,1254.999999984147,-50538.6640594599,18730.7684609335,-31807.8955985264,294.5405811017179,53.037296192928615,1.2792444509581398,41.5
628000,1255.9999999841234,-50856.398147342334,18831.23838591474,-32025.159761427592,296.1204666333201,52.84710306463098,1.2838483646994014,41.5
628500,1256.9999999840998,-50654.57662068921,18671.55279078773,-31983.023829901478,293.6094170690494,53.25915214642507,1.2739156391767938,41.5
629000,1257.999999984076,-50441.063077288716,18588.6727422517,-31852.390335037016,292.30613163746364,52.76804291781913,1.2857719008888213,41.5
629500,1258.9999999840525,-50517.81345895772,18461.996289066905,-32055.81716989081,290.3141495033203,52.50180634453822,1.2922920480751312,41.5
630000,1259.9999999840288,-50670.72897659199,18751.930992213493,-31918.7979843785,294.8733610553964,52.459979883132796,1.2933223954674438,41.5
630500,1260.9999999840052,-50534.71884847645,18745.580882595063,-31789.137965881386,294.7735058369107,52.610925176992055,1.289611741674874,41.5
631000,1261.9999999839815,-50523.882703574425,18798.42383672193,-31725.458866852496,295.60445916635473,52.90258404094863,1.2825019434988376,41.5
631500,1262.9999999839579,-50574.063790479675,18826.14983360337,-31747.913956876306,296.0404493527754,53.00466633882949,1.2800319582225956,41.5
632000,1263.9999999839342,-50466.079867559034,18838.676199580674,-31627.40366797836,296.2374259542289,52.72925347185959,1.2867177587643253,41.5
632500,1264.9999999839106,-50527.78228403149,18732.443609961785,-31795.338674069706,294.5669227528494,53.06140422437436,1.2786632363087862,41.5
633000,1265.999999983887,-50791.31616799055,18828.760845345885,-31962.55532264467,296.08150740746805,52.82126148307436,1.284476457843927,41.5
633500,1266.9999999838633,-50555.387057361906,18700.332436029687,-31855.05462133222,294.0619758335842,52.85965213794433,1.2835435744368815,41.5
634000,1267.9999999838396,-50645.3876272202,18696.667269478472,-31948.72035774173,294.00434123690013,52.93518386503536,1.2817121221608112,41.5
634500,1268.999999983816,-50672.34648022529,18755.96222064685,-31916.384259578444,294.9367519604621,52.76978826513494,1.2857293743104563,41.5
635000,1269.9999999837923,-50563.23169458774,18647.753637886875,-31915.478056700864,293.23517634637074,53.179163440148656,1.2758317818404092,41.5
635500,1270.9999999837687,-50762.532841468186,18760.666253947606,-32001.86658752058,295.01072269502197,52.424447356704235,1.294198990539298,41.5
636000,1271.999999983745,-50638.11342783968,18497.37293945477,-32140.74048838491,290.8704459085857,52.8268819964581,1.2843397960374834,41.5
636500,1272.9999999837214,-51129.127843558344,19024.996200941277,-32104.131642617067,299.1673004858631,52.63688962291572,1.2889756088302264,41.5
637000,1273.9999999836978,-50813.168619738775,18598.553803159877,-32214.614816578898,292.4615109230421,52.651844310122286,1.2886095014830001,41.5
637500,1274.9999999836741,-51569.81367384672,18992.884722181327,-32576.928951665395,298.66234877319215,52.19955944875621,1.2997747024135824,41.5
638000,1275.9999999836505,-50907.12126960422,18456.599017518245,-32450.522252085975,290.22927762517924,52.547455844680755,1.2911693964627071,41.5
638500,1276.9999999836268,-51061.6019663918,18639.910931650935,-32421.691034740863,293.11185010607466,52.79736586290864,1.2850578005121984,41.5
639000,1277.9999999836032,-51111.18529417277,18743.909020057778,-32367.276274114993,294.74721586571803,52.44275772876913,1.293747121376251,41.5
639500,1278.9999999835795,-50859.144501899194,18412.070476941873,-32447.07402495732,289.52906811459076,52.51003795791077,1.2920894649325954,41.5
640000,1279.9999999835559,-50869.74593225157,18484.584069769364,-32385.161862482208,290.66934144687445,52.74821140622374,1.2862553068599762,41.5
640500,1280.9999999835322,-50550.26583230961,18130.931019656848,-32419.334812652764,285.1081614501332,52.80048139375574,1.2849819747410671,41.5
641000,1281.9999999835086,-50953.82314180033,18654.523793192864,-32299.299348607463,293.34163676640816,52.79141628586216,1.2852026261473344,41.5
641500,1282.999999983485,-50876.07210410784,18558.451838467176,-32317.620265640668,291.8309091402832,52.94163435453121,1.2815559564005075,41.5
642000,1283.9999999834613,-51033.54623676793,18675.885017497225,-32357.661219270703,293.6775411599077,52.78630511630194,1.285327069192306,41.5
642500,1284.9999999834376,-50801.530645169594,18535.609179873783,-32265.92146529581,291.4717092521399,52.601003467649804,1.289854990891082,41.5
643000,1285.999999983414,-50540.213239111035,18330.43863394933,-32209.774605161707,288.24541066500046,53.02496440291598,1.279541959388776,41.5
643500,1286.9999999833904,-50811.669034776256,18380.590754178855,-32431.0782805974,289.034050739576,53.08791456442452,1.2780247143875103,41.5
644000,1287.9999999833667,-51049.88261644145,18441.180333721837,-32608.702282719612,289.9868194422868,53.00435591356783,1.2800394548565743,41.5
644500,1288.999999983343,-50895.32707770532,18427.7230494272,-32467.604028278118,289.77520418771456,52.75026494191332,1.2862052337242023,41.5
645000,1289.9999999833194,-50845.92917581584,18461.08299429815,-32384.846181517692,290.29978797979464,52.46222248275827,1.2932671098889372,41.5
645500,1290.9999999832958,-50562.63873730972,18203.552575518388,-32359.08616179133,286.25013249678733,52.72416719817791,1.2868418877742263,41.5
646000,1291.9999999832721,-50632.08176193063,17986.013107274382,-32646.06865465625,282.82933310338353,52.97439763312454,1.2807633475798603,41.5
646500,1292.9999999832485,-50620.63825492639,18099.516516046075,-32521.121738880312,284.6141696436658,52.5709078327601,1.2905934031891921,41.5
647000,1293.9999999832248,-50973.56929925213,18493.486676082437,-32480.082623169692,290.80933457327717,52.70408215043727,1.287332291547445,41.5
647500,1294.9999999832012,-50715.09875082652,18385.220000401765,-32329.878750424752,289.1068454503431,52.401449784457874,1.2947669793050391,41.5
648000,1295.9999999831775,-50573.05028962322,18150.631604856586,-32422.418684766635,285.4179523604675,52.611762343901546,1.2895912211633358,41.5
648500,1296.9999999831539,-50640.908277919436,18215.725792609108,-32425.182485310328,286.44155584619534,52.86230449997931,1.2834791727374233,41.5
649000,1297.9999999831302,-51179.562793335754,18568.687427491397,-32610.875365844357,291.99186336623507,52.35845463407312,1.295830202071591,41.5
649500,1298.9999999831066,-50866.46293782111,18214.434879315137,-32652.028058505974,286.42125628654026,52.86899798823918,1.2833166776438636,41.5
650000,1299.999999983083,-50793.55316127111,18309.455493275032,-32484.09766799608,287.91545162138533,52.741438657516305,1.286420480283165,41.5
650500,1300.9999999830593,-50782.29045932518,18376.007306996435,-32406.283152328746,288.9619762168796,53.050358976406386,1.2789294579288666,41.5
651000,1301.9999999830357,-50635.24279202325,18347.972564927113,-32287.270227096138,288.5211310247906,52.686722632527974,1.2877564490363478,41.5
651500,1302.999999983012,-50879.03351376092,18495.12628534383,-32383.90722841709,290.835117363003,53.14394109506581,1.2766773681172578,41.5
652000,1303.9999999829884,-50653.56151669226,18462.989397641544,-32190.572119050714,290.3297660957352,52.923758108128325,1.281988832123522,41.5
652500,1304.9999999829647,-50389.116878190354,18035.988276109678,-32353.128602080677,283.615190624398,52.91524836124103,1.2821949995480653,41.5
653000,1305.999999982941,-50895.0396307604,18587.464206994508,-32307.575423765895,292.28712746912544,52.63930910607462,1.2889163630910483,41.5
653500,1306.9999999829174,-51007.11524781977,18936.52917321605,-32070.586074603718,297.77616003111467,52.74651256042316,1.2862967342325256,41.5
654000,1307.9999999828938,-50846.17362947326,18574.367514973343,-32271.80611449992,292.08118251355836,52.71628489489495,1.2870343003855642,41.5
654500,1308.9999999828701,-50829.65080450448,18691.7875123817,-32137.863292122784,293.92760725271165,52.666315195743515,1.2882554360687577,41.5
655000,1309.9999999828465,-50882.64994622305,18610.890602839274,-32271.759343383776,292.65550660208135,52.49019299489055,1.2925779650920997,41.5
655500,1310.9999999828228,-50987.71806136068,18413.06407297979,-32574.653988380895,289.54469237234605,52.63584001253106,1.2890013122707769,41.5
656000,1311.9999999827992,-50877.64927115528,18407.460902885792,-32470.188368269486,289.4565827478563,52.41547284942649,1.2944205815624836,41.5
656500,1312.9999999827755,-50966.17848308469,18659.474335546758,-32306.70414753793,293.41948384591944,52.279893360894484,1.2977774529926158,41.5
657000,1313.999999982752,-50784.45459804763,18241.57134298471,-32542.883255062923,286.8479760869025,52.70959500798292,1.2871976504154816,41.5
657500,1314.9999999827282,-50615.53651866769,18343.82829223465,-32271.708226433042,288.45596250329464,53.21183610272821,1.2750484068552674,41.5
658000,1315.9999999827046,-50785.335681948054,18745.680009977623,-32039.65567197043,294.7750646110167,52.84859488280072,1.2838121240326081,41.5
658500,1316.999999982681,-50777.61738869448,18458.438478240292,-32319.17891045419,290.25820307109007,53.06959193916821,1.278465960816103,41.5
659000,1317.9999999826573,-50709.04062251109,18456.385450349648,-32252.655172161445,290.2259192900381,52.80727030670869,1.28481677720819,41.5
659500,1318.9999999826337,-50990.03214937283,18549.633425982833,-32440.39872339,291.6922399584528,53.1098517421902,1.277496822585354,41.2
660000,1319.99999998261,-50694.80966203252,18385.98103537673,-32308.82862665579,289.11881269473207,52.837491062100504,1.284081917683886,41.5
660500,1320.9999999825864,-50947.75345514123,18625.387663750735,-32322.365791390497,292.8834723021558,52.49827626989836,1.292378944021252,41.5
661000,1321.9999999825627,-50861.09485254674,18462.209497012427,-32398.885355534312,290.3175021896931,53.07510623816317,1.278333133129783,41.5
661500,1322.999999982539,-50800.02219042376,18445.764068609547,-32354.258121814215,290.0588984891373,53.45116310568096,1.2693393914456492,41.5
662000,1323.9999999825154,-50950.7030611901,18497.085469737198,-32453.6175914529,290.8659254588327,52.77842408614159,1.285518998026363,41.5
662500,1324.9999999824918,-50842.56007001323,18554.3172760653,-32288.242793947928,291.7658933127164,52.80574088698255,1.2848539895281108,41.5
663000,1325.9999999824681,-51225.19954571284,18770.660654003208,-32454.538891709635,295.1678842341377,52.37861502490742,1.2953314404430862,41.5
663500,1326.9999999824445,-50769.94083266217,18471.021805072392,-32298.919027589778,290.45607537969556,52.714502943033914,1.2870778070685214,41.5
664000,1327.9999999824208,-50822.02034211471,18514.990041578312,-32307.030300536397,291.1474741312995,52.85358588996749,1.2836908926080235,41.5
664500,1328.9999999823972,-50968.84030520991,18507.679587806277,-32461.160717403633,291.03251753960257,52.48843935968077,1.2926211500345104,41.5
665000,1329.9999999823735,-50762.85655595007,18511.203187885185,-32251.653368064886,291.08792600920043,52.55868155163412,1.2908936230063734,41.5
665500,1330.99999998235,-50811.934548506615,18384.879170971628,-32427.055377534987,289.101485921255,52.72315609222403,1.2868665663707077,41.5
666000,1331.9999999823262,-50905.577051495246,18527.50789398464,-32378.069157510607,291.34431685719164,52.59530718318221,1.289994687402873,41.5
666500,1332.9999999823026,-50848.867763602095,18371.670141298295,-32477.1976223038,288.8937744606234,52.74108751613221,1.2864290450566507,41.5
667000,1333.999999982279,-51118.05082019956,18544.213697667994,-32573.837122531568,291.60701494856625,52.69470327839722,1.2875614175142744,41.5
667500,1334.9999999822553,-51290.35200733285,18531.209106814284,-32759.142900518564,291.40251828015505,52.492060702993605,1.2925319741687695,41.5
668000,1335.9999999822317,-51192.71546628091,18394.556558444834,-32798.15890783608,289.2536624502559,52.53933494466969,1.291368969936126,41.5
668500,1336.999999982208,-51258.920448037585,18372.456347705694,-32886.46410033189,288.9061375247755,52.38964042644291,1.2950588378992212,41.5
669000,1337.9999999821844,-51638.32452711338,18437.157698871662,-33201.166828241716,289.92356367097113,52.56784348192597,1.2906686360827184,41.5
669500,1338.9999999821607,-51212.360731165405,18292.77498514027,-32919.585746025135,287.6531513014955,52.760334828292876,1.2859597474018247,41.5
670000,1339.999999982137,-51245.662016734714,18454.657967975447,-32791.00404875926,290.19875469914575,52.74300763852578,1.2863822122852988,41.5
670500,1340.9999999821134,-51351.95341122954,18584.239224621626,-32767.71418660791,292.2364147509509,52.46661765111283,1.2931587719222482,41.5
671000,1341.9999999820898,-51007.78782519397,18454.347087853872,-32553.440737340097,290.1938661217309,52.58654198101728,1.2902097056147732,41.5
671500,1342.9999999820661,-50997.06531755994,18510.649074453726,-32486.41624310621,291.0792125977652,52.26304994086683,1.298195702803293,41.5
672000,1343.9999999820425,-51200.61436363049,18650.963264809307,-32549.651098821185,293.2856476007042,52.87119915399188,1.2832632498274736,41.5
672500,1344.9999999820188,-51373.081359102216,18835.743458137382,-32537.337900964834,296.1913087129246,52.68784651900467,1.2877289798540985,41.5
673000,1345.9999999819952,-51099.786024815265,18732.153484163733,-32367.63254065153,294.5623605363377,52.3952152208016,1.2949210450363942,41.5
673500,1346.9999999819715,-50708.38537476404,18284.29598217851,-32424.089392585527,287.519819320764,53.15478965436136,1.2764168062710093,41.5
674000,1347.999999981948,-50996.24472219235,18498.618965149963,-32497.625757042388,290.89003961255435,52.39794763277355,1.2948535183883856,41.5
674500,1348.9999999819242,-50935.59231872712,18389.220308093878,-32546.37201063324,289.1697501279957,52.59351016977067,1.29003876390103,41.5
675000,1349.9999999819006,-50861.88675278792,18364.575620139713,-32497.311132648207,288.78221340059287,52.73538146487611,1.2865682387035826,41.5
675500,1350.999999981877,-51062.6641980093,18820.12680916823,-32242.53738884107,295.94573753564856,52.684190255811174,1.2878183477659784,41.5
676000,1351.9999999818533,-51145.101816862756,18859.524991454342,-32285.576825408414,296.5652723683548,52.35016548872303,1.2960353843244785,41.5
676500,1352.9999999818297,-51094.9309308195,18591.07687678376,-32503.85405403574,292.343936556338,52.42036212682878,1.2942998502084504,41.5
677000,1353.999999981806,-50906.7631095535,18436.942773295348,-32469.820336258155,289.92018397492325,52.80674695118896,1.2848295107316698,41.5
677500,1354.9999999817824,-50729.66923447565,18505.34302950874,-32224.326204966914,290.99577525429964,52.692594439918885,1.2876129476977725,41.5
678000,1355.9999999817587,-50887.32868285121,18717.018573649264,-32170.310109201942,294.32436467689644,52.432650043459795,1.2939965230136257,41.5
678500,1356.999999981735,-50996.69727900973,18876.135733934716,-32120.561545075012,296.82647562613386,52.95246577951562,1.2812938141753867,41.5
679000,1357.9999999817114,-50645.13695224552,18562.41243313734,-32082.724519108182,291.89318933226207,52.94643673555062,1.2814397159057773,41.5
679500,1358.9999999816878,-50970.90615305175,18941.392532455942,-32029.513620595808,297.85263615966284,52.43648899202817,1.293901787721561,41.5
680000,1359.9999999816641,-50629.55821524711,18698.79181450013,-31930.76640074698,294.03774962196246,52.73737299096281,1.286519653913245,41.2
680500,1360.9999999816405,-50448.004284168164,18512.702964508313,-31935.30131965985,291.11150993631054,52.681697710890276,1.287879278700653,41.5
681000,1361.9999999816168,-50468.52788172914,18488.81950283135,-31979.70837889779,290.7359434615166,53.0480839041091,1.2789843073553828,41.5
681500,1362.9999999815932,-50554.81054827677,18400.47093118686,-32154.33961708991,289.3466657238761,52.55657397403004,1.2909453892895113,41.5
682000,1363.9999999815695,-50900.09914536326,18807.07213569837,-32093.02700966489,295.7404533201117,52.4173399962073,1.2943744732856794,41.5
682500,1364.999999981546,-50735.88903324674,18637.961685561462,-32097.92734768528,293.0811982896742,52.5445974289291,1.2912396358235834,41.5
683000,1365.9999999815223,-50472.765720135845,18330.674312460025,-32142.09140767582,288.24911670010727,52.60201167320743,1.2898302686622358,41.5
683500,1366.9999999814986,-50769.60629644954,18495.71860272224,-32273.8876937273,290.8444315299683,52.523799863397194,1.2917509210126459,41.5
684000,1367.999999981475,-50839.7586787607,18705.53179372631,-32134.22688503439,294.14373552435785,52.507567804266884,1.2921502496848416,41.5
684500,1368.9999999814513,-50838.36125685904,18669.71041359345,-32168.65084326559,293.58044576172995,52.55897858006371,1.290886327733216,41.5
685000,1369.9999999814277,-50713.94718724547,18416.45546637344,-32297.491720872025,289.59802189713275,52.68552882720075,1.2877856284057734,41.5
685500,1370.999999981404,-50934.97061332007,18925.442896798028,-32009.52771652204,297.6018287800916,52.57343658258174,1.2905313264437808,41.5
686000,1371.9999999813804,-50801.034583161585,18745.153244075802,-32055.881339085783,294.7667812383857,52.43109087788149,1.294035003136838,41.5
686500,1372.9999999813567,-50508.832408589675,18611.81035218487,-31897.022056404803,292.6699696235685,53.028964804619385,1.2794454332383451,41.5
687000,1373.999999981333,-50562.69361379557,18634.356557787898,-31928.337056007673,293.0245078003552,52.731361190143296,1.2866663275384875,41.5
687500,1374.9999999813094,-50510.76694278082,18607.431437042196,-31903.335505738625,292.6011113589752,53.176840467230896,1.2758875151756506,41.5
688000,1375.9999999812858,-50657.85913986954,18745.75197847747,-31912.107161392072,294.7761963127838,52.651053958284336,1.288628844968293,41.5
688500,1376.9999999812621,-50520.76631800044,18677.5477617977,-31843.218556202737,293.70368774719316,52.50411253799501,1.2922352853698595,41.5
689000,1377.9999999812385,-50640.41822232021,18900.89602816105,-31739.52219415916,297.2158302575193,52.94352540227864,1.2815101815208383,41.5
689500,1378.9999999812148,-50601.83114273158,18680.382355321446,-31921.448787410132,293.74826161640794,53.031427052865084,1.2793860286088918,41.5
690000,1379.9999999811912,-50701.23533498559,18986.691854946934,-31714.543480038657,298.5649661848745,53.10475893771855,1.277619335928051,41.5
690500,1380.9999999811675,-50496.45687363134,18988.099884762913,-31508.356988868425,298.58710739713024,53.0960341080241,1.2778292764877854,41.5
691000,1381.999999981144,-50792.05621342011,19046.480804999912,-31745.575408420198,299.5051450210389,53.096281326850075,1.2778233268535428,41.5
691500,1382.9999999811203,-50808.15314106372,18861.985030173564,-31946.168110890154,296.60395637832505,53.339556533485684,1.2719953306329717,41.5
692000,1383.9999999810966,-50514.02160716215,18453.639182115927,-32060.38242504622,290.1827343324583,53.25052326320078,1.2741220684964405,41.5
692500,1384.999999981073,-51011.48413677783,18988.257737584496,-32023.226399193332,298.58958962640423,52.71067349773986,1.2871713136341618,41.5
693000,1385.9999999810493,-51070.122651618774,18853.652644622445,-32216.47000699633,296.472929950482,52.86515658126322,1.2834099288882872,41.5
693500,1386.9999999810257,-50725.85960574957,18418.597984870314,-32307.261620879253,289.63171291437027,52.762581560491306,1.2859049887625595,41.5
694000,1387.999999981002,-50992.69903648514,18528.669649608793,-32464.029386876344,291.3625854176808,52.669462731027345,1.288178449723552,41.5
694500,1388.9999999809784,-51213.79978167985,18553.299387267878,-32660.500394411974,291.7498870522944,52.53922228802884,1.291371738939623,41.5
695000,1389.9999999809547,-51190.622255937,18458.83500768831,-32731.78724824869,290.2644384807203,52.403583958701965,1.2947142489738175,41.5
695500,1390.999999980931,-50843.70788539764,18218.118391591284,-32625.589493806357,286.47917936901143,52.84404431231584,1.2839226772204986,41.5
696000,1391.9999999809074,-50996.558097392575,18225.626430016542,-32770.93166737603,286.59724297143777,52.17460510092651,1.3003963655763708,41.5
696500,1392.9999999808838,-51001.21677045638,18283.614808881037,-32717.601961575347,287.5091078980433,52.65244803508375,1.2885947259929582,41.5
697000,1393.9999999808601,-50734.257792862365,18175.257087602855,-32559.00070525951,285.8051870867482,52.865090166124546,1.2834115412538039,41.5
697500,1394.9999999808365,-50947.61866590963,18237.949993986877,-32709.66867192275,286.79103051948397,52.862716628758356,1.283469166465742,41.5
698000,1395.9999999808128,-50929.80915136523,18248.93147333806,-32680.877678027173,286.9637138408437,53.159840338006,1.2762955346974645,41.2
698500,1396.9999999807892,-51317.306242259765,18700.81426997447,-32616.491972285294,294.069552652997,52.90218690932722,1.2825115711173924,41.5
699000,1397.9999999807656,-51142.86133940623,18571.22451663541,-32571.636822770815,292.03175899103786,52.80315875070437,1.2849168203923433,41.5
699500,1398.999999980742,-51082.92032289661,18598.84836872752,-32484.07195416909,292.46614295475223,52.54736223973307,1.2911716964800373,41.5
700000,1399.9999999807183,-50695.00247499476,18185.11816292254,-32509.884312072223,285.9602520997511,52.50113707266609,1.2923085219034436,41.5
700500,1400.9999999806946,-51187.55406114513,18681.939466001626,-32505.614595143503,293.77274711926043,52.70745721769194,1.2872498585618217,41.5
701000,1401.999999980671,-51120.26842839788,18515.12777796144,-32605.140650436442,291.14964003038733,52.681866433212306,1.2878751540559297,41.5
701500,1402.9999999806473,-50955.22424746032,18428.3372060697,-32526.88704139062,289.7848617762298,53.21061437374474,1.275077682284847,41.5
702000,1403.9999999806237,-50947.272888299616,18432.356579940642,-32514.916308358974,289.84806626877804,52.52942096434871,1.2916126925266294,41.5
702500,1404.9999999806,-50938.87520078564,18357.624529764158,-32581.25067102148,288.6729077838598,52.83469248625437,1.2841499336118718,41.5
703000,1405.9999999805764,-51201.35777377291,18748.090446584443,-32453.267327188463,294.8129686297633,52.48992541730311,1.2925845542592727,41.5
703500,1406.9999999805527,-50881.879067720554,18481.51162004193,-32400.367447678625,290.62102729841797,52.61835320617167,1.289429689727904,41.5
704000,1407.999999980529,-50878.480049508216,18691.004794958135,-32187.47525455008,293.91529905269005,52.571457641789934,1.290579905752774,41.5
704500,1408.9999999805054,-51087.102625926986,18825.69265264574,-32261.409973281246,296.03326020059455,52.08756668546414,1.3025693301883723,41.5
705000,1409.9999999804818,-50839.12541629668,18462.096522698266,-32377.028893598414,290.3157256731443,52.86800492926822,1.283340783133394,41.5
705500,1410.9999999804581,-51057.81867269555,18691.724875002168,-32366.09379769338,293.9266222824364,52.37546971216279,1.2954092291963046,41.5
706000,1411.9999999804345,-51072.60716797887,18512.271204374585,-32560.335963604288,291.10472052556366,52.624575739555134,1.2892772225739708,41.5
706500,1412.9999999804108,-50959.93180259094,18323.546701317657,-32636.38510127328,288.1370353014119,52.77666571084195,1.2855618280313075,41.5
707000,1413.9999999803872,-51091.665893154226,18438.693533538008,-32652.97235961622,289.94771460936136,52.85533803578452,1.2836483384647444,41.5
707500,1414.9999999803636,-51279.00120809409,18374.5536903099,-32904.44751778419,288.9391181529168,52.48620489012126,1.2926761801632416,41.5
708000,1415.99999998034,-51107.57025069878,18106.37120002148,-33001.1990506773,284.72195927363185,52.968689723277386,1.2809013627311074,41.5
708500,1416.9999999803163,-50800.779777615564,18093.442460165348,-32707.337317450216,284.51865535910855,52.94283751930203,1.2815268321024753,41.5
709000,1417.9999999802926,-51255.885643670576,18503.486184207213,-32752.399459463362,290.9665764365753,52.78682943488616,1.285314302354889,41.5
709500,1418.999999980269,-51107.481936418895,18605.23697822447,-32502.244958194424,292.5666035822801,52.982620639096325,1.2805645706124593,41.5
710000,1419.9999999802453,-50789.542439757555,18209.364257394816,-32580.17818236274,286.341520960674,52.53565830451729,1.2914593447245966,41.5
710500,1420.9999999802217,-51040.904067673146,18507.58119692515,-32533.322870747994,291.030970346952,52.79654961888112,1.2850776677338682,41.5
711000,1421.999999980198,-50627.11156121851,18200.502082390252,-32426.609478828257,286.2021636149722,52.5021073547127,1.2922846389810114,41.5
711500,1422.9999999801744,-50962.079434750216,18529.11216307999,-32432.967271670226,291.36954392422706,52.40677015309518,1.294635533737812,41.5
712000,1423.9999999801507,-50959.55684761747,18603.376845442446,-32356.18000217502,292.5373530690571,52.712286668137224,1.2871319219327058,41.5
712500,1424.999999980127,-50846.26890191505,18392.35557609312,-32453.91332582193,289.2190520912511,52.88230771093131,1.2829936851375798,41.5
713000,1425.9999999801034,-50865.88433552306,18419.805113903298,-32446.07922161976,289.65069496988934,52.28296155069265,1.297701293811432,41.5
713500,1426.9999999800798,-51083.37221289776,18499.605466376892,-32583.76674652087,290.90555230469204,52.803113355384546,1.2849179250470941,41.5
714000,1427.9999999800561,-51252.646902638204,18382.915270338046,-32869.73163230016,289.07060366273754,52.453618997591846,1.2934792326100912,41.5
714500,1428.9999999800325,-50850.996065387895,18103.44974218945,-32747.546323198447,284.67601946666105,53.229165551079845,1.274633298234201,41.5
715000,1429.9999999800089,-51130.55751902048,18391.986452730584,-32738.5710662899,289.21324764121334,53.10246411802528,1.277674548168411,41.5
715500,1430.9999999799852,-50979.103212731505,18180.246393910966,-32798.85681882054,285.8836437278813,53.00927083504367,1.279920771967572,41.5
716000,1431.9999999799616,-50837.92362773457,18265.581066890256,-32572.342560844314,287.2255280301654,53.17878455708241,1.2758408717634218,41.5
716500,1432.999999979938,-50798.72809913003,18296.524467606054,-32502.203631523975,287.71211176254684,52.496165480092195,1.292430908584298,41.5
717000,1433.9999999799143,-50849.8435688309,18560.1248959082,-32289.718672922696,291.8572179012892,52.80013363919858,1.2849904379457369,41.5
717500,1434.9999999798906,-50723.30026793089,18353.581075150585,-32369.719192780307,288.6093246226017,52.43188868017995,1.2940153131328007,41.5
718000,1435.999999979867,-50780.27704031762,18454.815786731728,-32325.46125358589,290.2012363927442,52.736811642291464,1.2865333480687298,41.5
718500,1436.9999999798433,-50946.2552260048,18378.389574710956,-32567.865651293847,288.99943728092717,52.958400656861954,1.2811502237055572,41.5
719000,1437.9999999798197,-51027.34033111474,18684.517175464447,-32342.823155650294,293.8132814969436,52.54857828060936,1.2911418171262545,41.5
719500,1438.999999979796,-51124.55027696582,18819.414764568097,-32305.135512397723,295.9345406629346,52.31635052838405,1.2968730839093352,41.5
720000,1439.9999999797724,-51024.75071840211,18519.155745630032,-32505.594972772076,291.2129796600583,52.552677959619395,1.2910410940572854,41.5
720500,1440.9999999797487,-50813.45299424372,18307.36661687297,-32506.086377370753,287.8826041239323,52.85663315023419,1.283616885997715,41.5
721000,1441.999999979725,-51047.272863029604,18353.12868562835,-32694.144177401253,288.6022108155499,52.565890017231226,1.2907166001828674,41.5
721500,1442.9999999797014,-51302.70319141886,18671.277888919394,-32631.42530249947,293.60509424822044,52.79960309183217,1.285003349942282,41.5
722000,1443.9999999796778,-50816.130132025646,18139.274469520187,-32676.85566250546,285.23936186384105,52.389182802956995,1.2950701503364106,41.5
722500,1444.9999999796541,-50966.54695326993,18258.974853864092,-32707.572099405836,287.12164559588797,52.59933337103999,1.2898959454490466,41.5
723000,1445.9999999796305,-50999.56973925794,18366.905485788087,-32632.66425346985,288.8188504442568,52.33948451125851,1.2962998677228623,41.5
723500,1446.9999999796069,-51063.45729647373,18343.308123268856,-32720.149173204874,288.4477828672175,52.3707403064667,1.295526212759101,41.5
724000,1447.9999999795832,-50889.37403090951,18289.80662075503,-32599.56741015448,287.606473890861,52.61609027333232,1.2894851460108352,41.5
724500,1448.9999999795596,-50758.71765923567,18265.452683990246,-32493.264975245424,287.2235092142235,53.172906571302995,1.275981909276407,41.5
725000,1449.999999979536,-51123.872928945064,18606.799114764006,-32517.073814181058,292.59116811656895,52.48124761510107,1.2927982838027001,41.5
725500,1450.9999999795123,-50955.66081184211,18425.29004542607,-32530.370766416043,289.73694529759956,52.42780269616036,1.294116162789255,41.5
726000,1451.9999999794886,-50890.81237550642,18342.499794424915,-32548.312581081507,288.43507192864,52.79444390476795,1.2851289232445116,41.5
726500,1452.999999979465,-50944.342535676944,18503.982636999528,-32440.359898677416,290.9743831367779,52.56302011153261,1.290787072444893,41.5
727000,1453.9999999794413,-50786.61114176478,18528.412340254214,-32258.198801510563,291.3585392384234,52.54486870480054,1.2912329694798264,41.5
727500,1454.9999999794177,-51069.169820782205,18748.596661100353,-32320.57315968185,294.820928832677,52.70447319010734,1.2873227402140555,41.5
728000,1455.999999979394,-50850.64215575193,18610.112721911257,-32240.52943384067,292.6432744557578,52.4209359299136,1.2942856827153761,41.5
728500,1456.9999999793704,-50858.73406797793,18781.354681260746,-32077.379386717184,295.33604738288,52.636126656159206,1.2889942926810711,41.5
729000,1457.9999999793467,-50473.030190902486,18493.534220672533,-31979.495970229953,290.8100822100452,53.178842298330885,1.2758394864635243,41.5
729500,1458.999999979323,-50779.55542876899,18665.499732139244,-32114.055696629744,293.5142329651251,52.833881694117636,1.284169640259106,41.5
730000,1459.9999999792994,-50997.05541724636,18903.89742228081,-32093.15799496555,297.2630270594014,52.52484817546291,1.291725139727722,41.5
730500,1460.9999999792758,-50497.49655757852,18678.76046746353,-31818.736090114988,293.72275749503945,52.79015493015473,1.2852333344805424,41.5
731000,1461.9999999792522,-50702.56173782994,19021.910082352326,-31680.651655477617,299.1187713951088,52.790083867314316,1.2852350645844683,41.5
731500,1462.9999999792285,-50517.557393247866,18904.824312959492,-31612.733080288373,297.27760237806416,52.840359061265254,1.2840122219828574,41.5
732000,1463.9999999792049,-50242.054161867716,18548.221061145938,-31693.83310072178,291.67003057816737,52.96847028392819,1.2809066692872515,41.5
732500,1464.9999999791812,-50521.688434889846,18914.37130175803,-31607.317133131815,297.42772839314773,52.678440472204464,1.2879589114720797,41.5
733000,1465.9999999791576,-50546.23718322146,18937.014015235764,-31609.2231679857,297.7837841523848,52.65029228039889,1.2886474872217593,41.5
733500,1466.999999979134,-50404.73802982479,18569.040326779577,-31835.69770304521,291.9974126933557,52.96629465376444,1.2809592834866184,41.5
734000,1467.9999999791103,-50611.44294855297,18651.738557367178,-31959.70439118579,293.29783904501124,52.89820016411938,1.2826082293561283,41.5
734500,1468.9999999790866,-50887.837671074485,18943.123695521408,-31944.713975553077,297.87985862927735,52.62855279076602,1.289179794062881,41.5
735000,1469.999999979063,-50326.0732729471,18255.585630951104,-32070.487641995995,287.06835020182245,52.73504873337522,1.2865763562988317,41.5
735500,1470.9999999790393,-50449.39238730406,18410.429466856825,-32038.962920447237,289.50326329696935,52.937926095938415,1.2816457283511287,41.5
736000,1471.9999999790157,-50563.13087023821,18450.528724975702,-32112.602145262506,290.13382251896365,53.07034890671125,1.2784477254500815,41.5
736500,1472.999999978992,-50916.83652138347,18767.872037756697,-32148.964483626773,295.12403335575914,52.669980376743624,1.288165789379813,41.5
737000,1473.9999999789684,-50803.58764094616,18699.682767849044,-32103.90487309712,294.05175982755924,52.62887877520841,1.2891718088546438,41.5
737500,1474.9999999789447,-50627.74633948591,18457.501791469324,-32170.244548016584,290.2434737092699,52.623792773438474,1.2892964051590157,41.5
738000,1475.999999978921,-50661.42546039445,18523.388641939087,-32138.036818455363,291.27954178436255,52.612320729536094,1.2895775344602527,41.5
738500,1476.9999999788974,-50895.185774062695,18738.959201508867,-32156.226572553827,294.66938016801106,52.95114670565771,1.2813257326753573,41.5
739000,1477.9999999788738,-50614.288150274515,18519.892217780358,-32094.395932494157,291.2245606550171,52.72507108363332,1.2868198269663058,41.5
739500,1478.9999999788502,-50559.711841549775,18444.502606162037,-32115.209235387738,290.039062042859,52.78113483683427,1.2854529759234823,41.5
740000,1479.9999999788265,-50808.465186899266,18553.839868837946,-32254.62531806132,291.7583861032573,52.97728958259942,1.280693432661229,41.5
740500,1480.9999999788029,-50651.60161548891,18504.546463046096,-32147.055152442812,290.98324927869527,52.85432527876165,1.2836729348220495,41.5
741000,1481.9999999787792,-50790.35211140012,18646.401889912,-32143.95022148812,293.2139201638039,52.5594944123328,1.2908736586459082,41.5
741500,1482.9999999787556,-50666.39340245413,18644.344210160238,-32022.049192293893,293.18156323242283,52.28613572111326,1.2976225133660082,41.5
742000,1483.999999978732,-50508.09013484196,18675.33808812197,-31832.752046719987,293.6689407174676,53.07763304120701,1.278272277061666,41.5
742500,1484.9999999787083,-50616.63305603941,18787.023610490563,-31829.60944554885,295.4251910671371,52.5822709991452,1.2903145025769267,41.5
743000,1485.9999999786846,-50658.110585909235,18725.988326135815,-31932.12225977342,294.46541367417797,52.63362356405937,1.2890555932568677,41.5
743500,1486.999999978661,-50763.15692351087,18800.116971071937,-31963.039952438932,295.6310836359474,52.74110812895773,1.2864285422811426,41.5
744000,1487.9999999786373,-50332.853573566295,18511.81698099646,-31821.036592569835,291.09757788120174,52.86257552878495,1.2834725922818973,41.5
744500,1488.9999999786137,-50676.159832599194,18843.442376606432,-31832.717455992763,296.3123738963664,52.598262084678446,1.2899222171903437,41.5
745000,1489.99999997859,-50433.96459847647,18631.169524531448,-31802.795073945024,292.974391830511,52.95545206218641,1.2812215589993006,41.5
745500,1490.9999999785664,-50647.893745437446,18570.669183328027,-32077.22456210942,292.0230263971027,52.70711242057339,1.2872582794375194,41.5
746000,1491.9999999785427,-50897.700914908535,18806.53225655639,-32091.168658352144,295.7319637423064,52.694409937752596,1.2875685851454641,41.5
746500,1492.999999978519,-50363.72577715491,18387.01069542974,-31976.71508172517,289.135004057675,52.966838844328215,1.2809461226869583,41.5
747000,1493.9999999784955,-50675.96129989866,18682.48716102523,-31993.474138873433,293.78135960149024,52.9319215538064,1.2817911169096448,41.5
747500,1494.9999999784718,-50761.644897312406,18689.716131550038,-32071.928765762368,293.89503487239995,52.55656337190876,1.2909456497091185,41.5
748000,1495.9999999784482,-50482.8564603036,18484.513455688706,-31998.343004614893,290.66823104329467,52.543992124287584,1.2912545108514082,41.5
748500,1496.9999999784245,-50460.54410188286,18756.486869649823,-31704.057232233034,294.94500204494386,52.88871368873431,1.2828382865942014,41.5
749000,1497.9999999784009,-50553.655232668956,18956.924272352473,-31596.730960316483,298.09687214518505,52.568324801657006,1.2906568186188156,41.5
749500,1498.9999999783772,-50389.82398146576,18772.335407288236,-31617.48857417752,295.19421966222245,52.6537800319406,1.288562128065065,41.5
750000,1499.9999999783536,-50749.60721312452,18954.173276146612,-31795.433936977905,298.05361284043346,53.154687192149666,1.276419266721741,41.5
750500,1500.99999997833,-50562.51313435522,18674.298914674513,-31888.214219680707,293.65259975677935,52.764751763962344,1.2858520997528184,41.5
751000,1501.9999999783063,-50548.669052498466,18787.8044273113,-31760.864625187165,295.43746938025566,52.86610636316895,1.283386871401895,41.5
751500,1502.9999999782826,-50524.01760389216,18487.450816971916,-32036.566786920248,290.714420931396,52.87997237668831,1.2830503458912033,41.5
752000,1503.999999978259,-50801.243520173186,18633.753419669345,-32167.49010050384,293.0150234776861,52.91285001478455,1.2822531167697389,41.5
752500,1504.9999999782353,-50906.01124045989,18651.614874546438,-32254.396365913453,293.29589413762693,52.90127112973086,1.28253377281319,41.5
753000,1505.9999999782117,-50847.181622416414,18487.64969705862,-32359.531925357795,290.71754831276473,52.73686947487724,1.2865319372236996,41.5
753500,1506.999999978188,-50400.53644828562,18069.055490438503,-32331.480957847114,284.1351712404704,52.74019496909543,1.2864508158982806,41.5
754000,1507.9999999781644,-50687.75816381221,18451.19110526386,-32236.567058548346,290.1442384223683,52.45887476278912,1.2933496411317211,41.5
754500,1508.9999999781407,-50877.239825634344,18615.68215487336,-32261.557670760983,292.7308535652047,52.84432726780885,1.2839158024433386,41.5
755000,1509.999999978117,-50931.72525983182,18552.696701705634,-32379.02855812619,291.7404098460552,52.86506934612832,1.2834120467033145,41.5
755500,1510.9999999780935,-50968.1298515348,18425.954006521075,-32542.175845013728,289.74738605912836,52.626056573107014,1.289240943873016,41.5
756000,1511.9999999780698,-50686.08906420273,18349.950172958623,-32336.138891244107,288.55222883158945,53.03758850786602,1.2792374004441154,41.5
756500,1512.9999999780462,-50535.70998920152,18233.394095845928,-32302.31589335559,286.71938920435724,53.2736630853612,1.2735686438515381,41.5
757000,1513.9999999780225,-50622.14060596597,18573.526823400374,-32048.613782565597,292.0679626723679,53.18664741147761,1.275652257675218,41.5
757500,1514.9999999779989,-50692.131666782014,18596.23825437248,-32095.893412409532,292.42509901144166,53.12720562938428,1.277079531002119,41.5
758000,1515.9999999779752,-50873.91672791919,18875.12450415944,-31998.79222375975,296.8105740785674,52.84504344049034,1.2838984024117903,41.5
758500,1516.9999999779516,-50595.650858198016,18557.327915432845,-32038.32294276517,291.8132354957483,52.817286798934106,1.284573119155307,41.5
759000,1517.999999977928,-50553.31919886366,18424.725852861244,-32128.593346002417,289.7280733921973,53.025700387034604,1.2795241996504914,41.5
759500,1518.9999999779043,-50674.98419649151,18735.22683869447,-31939.75735779704,294.6106889127896,52.58224052189501,1.290315250457533,41.5
760000,1519.9999999778806,-50542.15439044529,18571.443058848054,-31970.71133159724,292.03519555854655,53.32419083629377,1.2723618639975387,41.5
760500,1520.999999977857,-50631.13922441967,18754.938602826587,-31876.20062159308,294.9206556113862,52.64475852551698,1.2887829434290474,41.5
761000,1521.9999999778333,-50825.8255795,18744.424018014113,-32081.401561485887,294.7553141878794,53.187846486019794,1.2756234991853015,41.5
761500,1522.9999999778097,-50915.61991393479,18772.282649328583,-32143.337264606205,295.19339004542763,52.943034162131305,1.2815220722116598,41.5
762000,1523.999999977786,-50780.215381984875,18632.181356437293,-32148.034025547582,292.99030284655646,53.27935418845134,1.2734326059705439,41.5
762500,1524.9999999777624,-50633.42060288764,18670.105771521507,-31963.314831366137,293.5866627492559,52.99764637689564,1.280201508688232,41.5
763000,1525.9999999777388,-50410.89145050729,18504.154972270648,-31906.736478236642,290.97709310198866,53.250525440597585,1.2741220163980003,41.5
763500,1526.999999977715,-50559.07040770916,18500.72097201946,-32058.3494356897,290.9230935860799,53.04242135038842,1.2791208455669487,41.5
764000,1527.9999999776915,-50754.46784383788,18785.340050112565,-31969.127793725318,295.3987171478695,52.6590167328459,1.288433986392827,41.5
764500,1528.9999999776678,-50693.33052943543,18697.29072417594,-31996.03980525949,294.0141450369559,53.04982713002106,1.2789422797238863,41.5
765000,1529.9999999776442,-50811.57092605373,18878.106925268505,-31933.46400078523,296.85747253061896,52.804029477234224,1.2848956324039411,41.5
765500,1530.9999999776205,-50612.322222678704,18546.68876447946,-32065.633458199245,291.64593527468287,53.074995949992676,1.2783357894657845,41.5
766000,1531.9999999775969,-51009.59257547904,18718.997236459654,-32290.595339019383,294.35547907005076,52.98285395681138,1.2805589314598413,41.5
766500,1532.9999999775732,-50946.37736723996,18499.197645049535,-32447.179722190427,290.8991393307131,53.36407673570581,1.2714108628666756,41.5
767000,1533.9999999775496,-50595.17677952396,18053.962939218487,-32541.21384030547,283.8978414792318,53.11537095729972,1.2773640779647575,41.5
767500,1534.999999977526,-50739.58964242186,18322.16944258775,-32417.42019983411,288.11537796324774,52.853188135783356,1.2837005532064034,41.5
768000,1535.9999999775023,-50877.93324148795,18330.71062563431,-32547.222615853643,288.2496877233132,53.11787021813408,1.2773039764208105,41.5
768500,1536.9999999774786,-51011.51925155063,18534.23476364963,-32477.284487900997,291.4500966122644,52.65743265354185,1.2884727460039513,41.5
769000,1537.999999977455,-50713.86241401128,18331.58968088711,-32382.27273312417,288.26351083182686,52.85510928773344,1.2836538938795312,41.5
769500,1538.9999999774313,-50674.96465991369,18377.110670279664,-32297.853989634026,288.97932656015496,52.741256526114114,1.2864249226795226,41.5
770000,1539.9999999774077,-50740.368183386214,18507.437960132957,-32232.930223253257,291.0287179541526,52.97400756911785,1.2807727782366276,41.5
770500,1540.999999977384,-50633.7283829549,18609.64897178967,-32024.07941116523,292.63598200373787,52.41162174845305,1.2945156929937922,41.5
771000,1541.9999999773604,-50761.98538763274,18688.75170387595,-32073.23368375679,293.8798692859933,52.791077483757235,1.285210874309254,41.5
771500,1542.9999999773368,-50529.09434869798,18538.13100097237,-31990.96334772561,291.5113647875421,53.174955892530726,1.2759327339311908,41.5
772000,1543.999999977313,-50646.90767525803,18788.964430702617,-31857.943244555412,295.45571038695385,52.693640421310015,1.2875873882721662,41.5
772500,1544.9999999772895,-50541.71848738034,18537.52052392251,-32004.19796345783,291.5017650604732,52.878145874639614,1.2830946646555357,41.5
773000,1545.9999999772658,-50656.265528290016,18618.077104674005,-32038.18842361601,292.7685140545468,52.63032715078595,1.2891363311165358,41.5
773500,1546.9999999772422,-50376.758717656434,18366.21005785458,-32010.548659801854,288.80791486795744,52.89982588131732,1.2825688122461103,41.5
774000,1547.9999999772185,-50697.622866329955,18682.513453244323,-32015.109413085633,293.7817730455785,52.75697640366695,1.2860416095398404,41.5
774500,1548.9999999771949,-50630.16871319876,18552.996714159366,-32077.17199903939,291.7451275298301,52.523154108946535,1.291766802654191,41.5
775000,1549.9999999771712,-50677.36924230088,18777.75029634849,-31899.618945952392,295.27936857502516,52.63796076649752,1.2889493791296376,41.5
775500,1550.9999999771476,-51100.66055249148,18877.8013859314,-32222.859166560076,296.8526679368252,52.21562041464511,1.299374905628771,41.5
776000,1551.999999977124,-50779.89543737672,18423.900567530072,-32355.994869846647,289.7150958135398,52.962780567345035,1.281044275278471,41.5
776500,1552.9999999771003,-50910.82888626831,18513.159602278174,-32397.669283990137,291.1186905468855,52.41890076981193,1.2943359332651385,41.5
777000,1553.9999999770766,-50900.83432091655,18643.995647518354,-32256.838673398193,293.17608209889084,52.45329417533829,1.2934872426091937,41.5
777500,1554.999999977053,-50842.97847075766,18470.074974035233,-32372.90349672243,290.4411864996973,52.3847661892432,1.295179339037676,41.5
778000,1555.9999999770293,-50665.89451719446,18399.487780135485,-32266.406737058973,289.3312057131143,52.93698677092502,1.2816684701421595,41.5
778500,1556.9999999770057,-50495.450717107546,18299.704872328275,-32195.74584477927,287.76212349895667,53.01038395352292,1.279893896035783,41.5
779000,1557.999999976982,-50928.787541654114,18756.713925883356,-32172.073615770758,294.94857249508885,52.70587442445922,1.2872885155500073,41.5
779500,1558.9999999769584,-50910.31720514153,18901.64781769047,-32008.66938745106,297.22765211764874,52.683901192271065,1.2878254137068483,41.5
780000,1559.9999999769348,-50726.452762788416,18630.946305152032,-32095.506457636384,292.97088171474286,52.79679174556795,1.2850717743530828,41.3
780500,1560.999999976911,-50531.27256623514,18610.564676488433,-31920.707889746704,292.65038142331605,52.86972507099958,1.2832990290286836,41.3
781000,1561.9999999768875,-50637.96826270569,18473.42955328635,-32164.53870941934,290.4939371235725,52.846550338757595,1.283861792561847,41.3
781500,1562.9999999768638,-50461.307886028895,18606.25250946736,-31855.055376561537,292.5825727702518,52.98700946423658,1.2804585035964482,41.3
782000,1563.9999999768402,-50750.02587343624,18834.180810794853,-31915.84506264139,296.1667361462792,53.17509452324917,1.2759294074966412,41.3
782500,1564.9999999768165,-50684.373561627704,18985.08023527665,-31699.293326351053,298.5396235303438,52.38992267083494,1.2950518609258699,41.3
783000,1565.9999999767929,-50338.204188134136,18700.64694480614,-31637.557243327996,294.06692147145117,53.177209926461494,1.2758786506936604,41.3
783500,1566.9999999767692,-50580.95959604637,18717.906490342528,-31863.053105703842,294.3383271312052,52.895990298229876,1.2826618136100514,41.3
784000,1567.9999999767456,-50499.08334476485,18584.7053353047,-31914.378009460146,292.24374432270537,52.77369050482777,1.2856343037525577,41.5
784500,1568.999999976722,-50763.551558269945,18648.550341034417,-32115.001217235527,293.24770447133966,52.59706539330441,1.2899515655727853,41.5
785000,1569.9999999766983,-50809.84135087019,18609.949837544867,-32199.891513325325,292.64071310564407,53.03027080745125,1.2794139236998574,41.5
785500,1570.9999999766746,-50422.294990646995,18243.690739964884,-32178.60425068211,286.8813035192195,52.78187582070609,1.285434929957735,41.5
786000,1571.999999976651,-50748.73012458498,18610.971247477337,-32137.758877107644,292.6567747357731,52.84817789564891,1.2838222536753388,41.3
786500,1572.9999999766274,-50498.753411309524,18456.444435533827,-32042.308975775697,290.2268468296882,52.950851054635656,1.2813328869562597,41.5
787000,1573.9999999766037,-50820.38833197114,18753.225088448802,-32067.163243522336,294.8937106666761,52.90942515262324,1.2823361178639328,41.5
787500,1574.99999997658,-50802.34623727798,18679.61230363998,-32122.733933638003,293.73615258467174,52.77530238215555,1.2855950375675715,41.5
788000,1575.9999999765564,-50791.2578865307,18680.89271271341,-32110.365173817292,293.75628696588103,52.88905183643097,1.2828300847301721,41.5
788500,1576.9999999765328,-50707.05756978661,18577.87882343561,-32129.178746350997,292.1363976979786,52.9404882125579,1.2815837016125815,41.5
789000,1577.9999999765091,-50723.51421817793,18506.986685043557,-32216.527533134373,291.02162167151243,52.986831227791264,1.2804628107868719,41.5
789500,1578.9999999764855,-50703.169496419156,18683.037486827954,-32020.1320095912,293.79001345261577,52.85396142959969,1.2836817716870437,41.5
790000,1579.9999999764618,-50782.89356488258,18650.037447387756,-32132.856117494823,293.2710891589667,53.09008736908263,1.2779724089913393,41.5
790500,1580.9999999764382,-50823.01966482212,18719.162731063938,-32103.85693375818,294.3580814660505,52.66638372213825,1.2882537598667045,41.5
791000,1581.9999999764145,-50592.12623325063,18441.531012452375,-32150.595220798255,289.9923338512277,53.098257181422944,1.2777757774009297,41.5
791500,1582.9999999763909,-50538.197512039595,18490.28270483872,-32047.914807200876,290.75895225426416,52.738101600910866,1.2865018798373922,41.5
792000,1583.9999999763672,-50815.62572686627,18723.53383828019,-32092.091888586077,294.42681695131466,53.44817820776784,1.2694102797084044,41.5
792500,1584.9999999763436,-50427.44216029981,18351.738693357715,-32075.703466942097,288.5803532429695,53.27626813084474,1.2735063702659426,41.5
793000,1585.99999997632,-50767.26511754215,18571.62485113361,-32195.64026640854,292.0380542349292,52.66396633098745,1.2883128935297394,41.5
793500,1586.9999999762963,-50798.72842236332,18517.196003152407,-32281.53241921091,291.18216278837605,53.01087131621168,1.2798821291563676,41.5
794000,1587.9999999762726,-50859.10406142288,18670.711069414618,-32188.39299200826,293.596181034293,52.507288081624495,1.29215713337081,41.5
794500,1588.999999976249,-50591.73323894164,18551.247085146664,-32040.486153794976,291.7176146839376,52.825104255560085,1.2843830183541178,41.5
795000,1589.9999999762254,-50443.57989820753,18398.082906681197,-32045.496991526332,289.30911413451923,52.908151887027174,1.28236697803204,41.5
795500,1590.9999999762017,-50755.332323211056,18707.72440501659,-32047.607918194466,294.17821424875814,52.783907361962974,1.2853854562786582,41.5
796000,1591.999999976178,-50746.24331730147,18754.966391087513,-31991.27692621396,294.9210925806723,52.79239479771146,1.28517880479952,41.5
796500,1592.9999999761544,-50726.45062927346,18874.669989246693,-31851.780640026765,296.80342684983526,52.680391286368796,1.2879112169044005,41.5
797000,1593.9999999761308,-50786.56877101203,18791.154914134087,-31995.413856877945,295.49015565085983,52.64241273018265,1.2888403728069742,41.5
797500,1594.9999999761071,-50638.593211141466,18574.030119895837,-32064.56309124563,292.07587698952733,52.57835969921635,1.2904104889684955,41.5
798000,1595.9999999760835,-50275.94383161241,18480.21559541815,-31795.728236194256,290.60064736330713,52.947751415072624,1.2814078980757815,41.3
798500,1596.9999999760598,-50472.72904624982,18835.51178052882,-31637.217265721,296.1876655918431,53.26393017819102,1.2738013627918037,41.5
799000,1597.9999999760362,-50060.75897414132,18507.388161938346,-31553.37081220297,291.0279348795442,53.140289198563984,1.2767651036882324,41.5
799500,1598.9999999760125,-50599.893230300026,19084.38684202842,-31515.506388271606,300.1012159295511,53.31225416428299,1.2726467472103693,41.5
800000,1599.9999999759889,-50662.48659806544,18796.134994476775,-31866.351603588668,295.5684672140574,52.87593457989932,1.283148324236322,41.5
800500,1600.9999999759652,-50501.39254428011,18584.305596546685,-31917.086947733427,292.23745844680445,53.11704366909458,1.277323852421091,41.5
801000,1601.9999999759416,-50387.017220572874,18437.583751160706,-31949.433469412168,289.93026332608974,53.13649019867505,1.2768563861660358,41.5
801500,1602.999999975918,-50569.617603444494,18774.404141061703,-31795.21346238279,295.22675041765046,53.252296594015114,1.2740796395296203,41.5
802000,1603.9999999758943,-50617.86255746632,18806.766177319325,-31811.09638014699,295.7356421369003,53.06285114660528,1.2786283696134897,41.5
802500,1604.9999999758707,-50410.51145339553,18458.366131272236,-31952.14532212329,290.2570654179256,52.94870731132541,1.281384764498585,41.5
803000,1605.999999975847,-50705.168305176354,18676.852255679587,-32028.316049496767,293.692750941444,52.62348324580163,1.2893039887100248,41.5
803500,1606.9999999758234,-50507.62886452846,18570.475873932606,-31937.152990595852,292.0199866146304,52.81960191684725,1.2845168154701039,41.5
804000,1607.9999999757997,-50417.72150917141,18271.82080237251,-32145.9007067989,287.3236476197966,53.06167267683995,1.2786567672270341,41.5
804500,1608.999999975776,-50872.685103408534,18714.566408357925,-32158.11869505061,294.2858044762632,52.827010316214576,1.2843366763044366,41.5
805000,1609.9999999757524,-50915.824514175176,18610.021821307255,-32305.80269286792,292.641845047414,52.632638501474275,1.2890797189794454,41.5
805500,1610.9999999757288,-50816.22169240003,18367.128099475096,-32449.093592924935,288.82235103553626,52.963438265631005,1.281028367311547,41.5
806000,1611.9999999757051,-50863.38583753136,18575.64173975259,-32287.744097778766,292.1012196469903,52.69723577724711,1.2874995404962313,41.5
806500,1612.9999999756815,-50697.07655536394,18456.358789328104,-32240.71776603584,290.225500046546,53.051465649834206,1.2789027789817387,41.5
807000,1613.9999999756578,-50730.232345876146,18290.825351230444,-32439.406994645702,287.6224933866356,52.700897268711266,1.2874100891050415,41.5
807500,1614.9999999756342,-51035.79405386834,18452.738563626368,-32583.05549024197,290.16857214291343,52.684559170867836,1.287809330027457,41.5
808000,1615.9999999756105,-50814.18508779485,18222.297647249776,-32591.887440545077,286.544897996242,52.66218386154841,1.2883564993620893,41.5
808500,1616.999999975587,-51039.172924603685,18344.848605282757,-32694.324319320927,288.4720068849612,52.74312684240372,1.28637930495391,41.5
809000,1617.9999999755632,-50823.760431686445,18402.99516155463,-32420.765270131815,289.3863591449393,52.74995961509075,1.2862126785252985,41.5
809500,1618.9999999755396,-50971.54415534704,18677.738209874682,-32293.805945472355,293.70668253554794,52.87504524016563,1.2831699063415245,41.5
810000,1619.999999975516,-50872.205005950746,18393.922453797997,-32478.28255215275,289.2436911801743,52.56352141697769,1.2907747620332155,41.5
810500,1620.9999999754923,-51138.58149947505,18680.86784454638,-32457.713654928666,293.7558959149542,52.44914199839935,1.2935896425283333,41.5
811000,1621.9999999754687,-50865.61097025156,18247.371083313472,-32618.23988693809,286.9391767704322,52.779266535214745,1.2854984789028607,41.5
811500,1622.999999975445,-51084.029189211215,18333.234029977968,-32750.795159233247,288.28936815518045,52.752172587847404,1.2861587214373305,41.5
812000,1623.9999999754214,-50904.58627100929,18016.678891399846,-32887.907379609445,283.31155132604175,52.867717483902894,1.2833477607442652,41.5
812500,1624.9999999753977,-51077.302484172586,18270.237409095367,-32807.06507507722,287.29874882416334,53.00160463607697,1.2801059008399316,41.5
813000,1625.999999975374,-50870.32979640268,18074.26690377538,-32796.0628926273,284.2171205057025,52.63096943827106,1.289120599007838,41.5
813500,1626.9999999753504,-51248.58289637621,18425.010524076366,-32823.572372299845,289.7325498356118,52.70593516233983,1.287287032089446,41.5
814000,1627.9999999753268,-50926.0983296508,18215.238257901627,-32710.86007174917,286.4338893825183,52.64867815078573,1.2886869952235385,41.5
814500,1628.9999999753031,-50867.80237748956,18256.17794155435,-32611.624435935213,287.0776642622486,53.23875462445875,1.274403718254087,41.5
815000,1629.9999999752795,-50924.59128453613,18293.60459361528,-32630.98669092085,287.66619686141615,53.030824823595395,1.279400557587391,41.5
815500,1630.9999999752558,-50826.553603527434,18036.47723130264,-32790.076372224794,283.6228794251521,52.85581002406807,1.2836368758275116,41.5
816000,1631.9999999752322,-50778.65982517906,18325.617336968855,-32453.0424882102,288.1695959637908,53.117560417885436,1.2773114261057428,41.5
816500,1632.9999999752085,-50620.97973602004,18354.151632128425,-32266.828103891614,288.61829660814277,52.75521103004429,1.2860846449839374,41.5
817000,1633.999999975185,-50848.845117305675,18853.531818115276,-31995.3132991904,296.47102995851384,53.162410412866706,1.2762338336751993,41.5
817500,1634.9999999751612,-50647.93575125968,18779.288060068546,-31868.647691191138,295.3035498477075,52.5514962577058,1.291070125119006,41.5
818000,1635.9999999751376,-50855.49684574819,19117.2826043206,-31738.214241427588,300.61850046923945,52.88338717145443,1.2829674965534401,41.5
818500,1636.999999975114,-50622.686244685356,18809.56620802498,-31813.120036660377,295.77967250719,52.86352941561849,1.2834494328822033,41.5
819000,1637.9999999750903,-50780.31641916379,18903.369828682487,-31876.946590481304,297.25473067127615,53.03457069949256,1.2793101924604884,41.5
819500,1638.9999999750667,-50645.43489541033,18698.078740455578,-31947.356154954756,294.02653656127626,52.70212458431536,1.287380108179155,41.5
820000,1639.999999975043,-50324.641455569414,18488.333148238336,-31836.308307331077,290.7282955550922,53.02596336101416,1.279517854050159,41.5
820500,1640.9999999750194,-50578.24039194462,18530.09357104624,-32048.146820898382,291.3849765250453,52.7756055816255,1.285587651735999,41.5
821000,1641.9999999749957,-50943.31540757697,18737.75388324768,-32205.561524329292,294.65042658680574,52.8031730290645,1.284916472941536,41.5
821500,1642.999999974972,-50950.23100249422,18651.393737552302,-32298.837264941918,293.2924167672835,52.7493840542015,1.2862267126932094,41.5
822000,1643.9999999749484,-50702.21885586834,18496.658519301716,-32205.560336566625,290.85921168039744,52.88925349616039,1.2828251934687025,41.5
822500,1644.9999999749248,-50914.4439212771,18754.595947536644,-32159.84797374046,294.9152673707261,52.81353810383097,1.2846642979161758,41.5
823000,1645.9999999749011,-50894.684698661964,18620.001133370944,-32274.68356529102,292.7987693284633,52.75904799018997,1.2859911130550121,41.5
823500,1646.9999999748775,-51029.28267443843,18429.268395185944,-32600.014279252486,289.7995046876504,53.13040361958352,1.2770026618736057,41.5
824000,1647.9999999748538,-51227.02605779848,18574.86053388838,-32652.165523910102,292.08893521617875,52.82015054024345,1.2845034736683372,41.5
824500,1648.9999999748302,-51126.72820911476,18449.562452261787,-32677.16575685297,290.11862791937995,52.17327123953149,1.3004296114984504,41.5
825000,1649.9999999748065,-51000.04025119097,18406.08018951069,-32593.96006168028,289.43487108553524,52.41706621713637,1.2943812339204557,41.5
825500,1650.999999974783,-51195.69652216017,18582.998664443287,-32612.697857716885,292.216906992015,53.095753997986016,1.2778360177576675,41.5
826000,1651.9999999747592,-50906.02370365862,18356.003144995448,-32550.02055866317,288.6474115735489,53.16237716890271,1.2762346317409343,41.5
826500,1652.9999999747356,-50869.77140338899,18307.273249244725,-32562.49815414427,287.8811359217314,52.67953303070074,1.287932199571449,41.5
827000,1653.999999974712,-51052.87352834942,18345.425612741306,-32707.44791560811,288.4810803040521,53.255149430144726,1.274011388093533,41.5
827500,1654.9999999746883,-50887.25798441642,18353.465655976037,-32533.792328440384,288.6075096607216,52.8057743248205,1.28485317592884,41.5
828000,1655.9999999746647,-50814.78179412896,18549.043707390338,-32265.738086738624,291.68296665729156,52.92887318209509,1.2818649400527742,41.5
828500,1656.999999974641,-50675.254131156944,18397.698435513346,-32277.555695643598,289.3030683408599,52.95534279202467,1.2812242027228533,41.5
829000,1657.9999999746174,-50879.955781687306,18528.997619846716,-32350.95816184059,291.36774273648825,52.76654639315649,1.285808366973713,41.5
829500,1658.9999999745937,-50928.4651957895,18485.14596352324,-32443.319232266258,290.6781772035669,52.91959210181823,1.2820897545485062,41.5
830000,1659.99999997457,-50868.03419446221,18477.68929378326,-32390.344900678952,290.5609213716517,52.73377180029088,1.286607510374461,41.5
830500,1660.9999999745464,-51321.39833015232,18762.845167157702,-32558.553162994616,295.044986017662,52.72334688666883,1.286861909477575,41.5
831000,1661.9999999745228,-50983.73297180577,18503.0587983914,-32480.674173414372,290.9598558118019,52.79866310506196,1.2850262271531352,41.5
831500,1662.9999999744991,-51075.90813036355,18412.737758345495,-32663.170372018052,289.53956108783905,52.99760653040272,1.2802024712135929,41.5
832000,1663.9999999744755,-51201.323581081,18465.0321891812,-32736.291391899802,290.36188891057935,52.11015715913061,1.3020046483728387,41.5
832500,1664.9999999744518,-50813.11244461664,18274.369491355515,-32538.742953261128,287.36372565160116,52.70396224945743,1.287335220215358,41.5
833000,1665.9999999744282,-51008.62060957601,18577.978474521115,-32430.6421350549,292.1379647072924,52.572812405422624,1.290546648435134,41.5
833500,1666.9999999744045,-50678.46238495898,18368.17471691509,-32310.287668043886,288.83880905270786,52.44185512973465,1.2937693886072583,41.5
834000,1667.999999974381,-50791.71461003277,18570.2561368222,-32221.458473210572,292.0165312574024,52.41725140886145,1.2943766608326424,41.5
834500,1668.9999999743573,-50616.6485203286,18399.173059627457,-32217.475460701142,289.3262567457768,52.58974691879737,1.2901310773255716,41.5
835000,1669.9999999743336,-50928.179958184686,18578.592291111876,-32349.58766707281,292.1476169485077,52.52458104511422,1.2917317092039582,41.5
835500,1670.99999997431,-50904.78160573713,18425.385134196717,-32479.396471540414,289.7384405646956,52.588966126926834,1.2901502319873055,41.5
836000,1671.9999999742863,-51058.91147059669,18452.464400107045,-32606.44707048965,290.16426093259304,52.72383513088417,1.2868499926114805,41.5
836500,1672.9999999742627,-50815.562098819144,18227.172483520822,-32588.38961529832,286.6215546006437,52.6809974091965,1.287896398802485,41.5
837000,1673.999999974239,-50715.584592907464,18483.838961542635,-32231.74563136483,290.65762464996124,53.219494578623554,1.2748649228224593,41.5
837500,1674.9999999742154,-50643.072844490765,18238.968431459747,-32404.10441303102,286.80704540780533,53.026356593128774,1.2795083654195278,41.5
838000,1675.9999999741917,-50763.54742141978,18293.289896183378,-32470.257525236404,287.66124825694976,53.00744071065087,1.2799649622584868,41.5
838500,1676.999999974168,-50854.83177217124,18425.1689136984,-32429.66285847284,289.73504050605123,52.87609136678578,1.2831445194764501,41.5
839000,1677.9999999741444,-50895.98353917745,18230.16838455461,-32665.815154622836,286.66866502396965,52.46265593826428,1.2932564246931633,41.5
839500,1678.9999999741208,-50855.418172090096,18348.790659766008,-32506.62751232409,288.5339955332461,53.18270353844144,1.275746856298602,41.5
840000,1679.9999999740971,-50824.90975005202,18370.108230257203,-32454.80151979482,288.86921347228844,52.72714013965914,1.2867693311057287,41.5
840500,1680.9999999740735,-50801.562499007334,18321.94376304934,-32479.618735957993,288.11182916157816,52.759347654802305,1.2859838088322442,41.5
841000,1681.9999999740498,-51007.31287562926,18563.33424981405,-32443.97862581521,291.9076848624478,52.723893225583105,1.2868485746744065,41.5
841500,1682.9999999740262,-50822.19860135465,18515.495888183184,-32306.702713171464,291.1554285488269,52.55430768585914,1.2910010584514477,41.5
842000,1683.9999999740025,-50593.094361214375,18456.063876331824,-32137.03048488255,290.22086255153454,52.7896723306527,1.285245083994033,41.5
842500,1684.999999973979,-50633.15971393766,18546.055955694137,-32087.103758243524,291.6359843819715,53.233956351165794,1.2745185873666776,41.5
843000,1685.9999999739553,-50700.682303704976,18418.64589755115,-32282.036406153828,289.6324663393504,53.24415852329865,1.2742743754498127,41.5
843500,1686.9999999739316,-51071.230005384205,18712.698052857537,-32358.531952526668,294.25642466112447,52.56315733754742,1.2907837026023092,41.5
844000,1687.999999973908,-51167.811006684664,18789.476258627164,-32378.3347480575,295.4637588604927,52.8914515658948,1.2827718816546225,41.5
844500,1688.9999999738843,-50820.10954879365,18776.08142162813,-32044.02812716552,295.2531255871336,52.620805408019436,1.2893696005323247,41.5
845000,1689.9999999738607,-50754.421095178244,18940.789259644494,-31813.63183553375,297.8431497189534,52.90713145067444,1.282391711444078,41.5
845500,1690.999999973837,-50531.67389919701,18785.501194455755,-31746.172704741257,295.4012511361884,52.55824835614251,1.2909042628072636,41.5
846000,1691.9999999738134,-50538.610194898465,18669.20064994465,-31869.409544953814,293.57242974884423,53.0093198352117,1.2799195888485833,41.5
846500,1692.9999999737897,-50645.880408713965,18825.575871186833,-31820.304537527132,296.03142381684773,53.00179950885224,1.2801011942489886,41.5
847000,1693.999999973766,-50418.923404599416,18664.40284119967,-31754.520563399747,293.49698439919354,52.65634788741016,1.2884992896525813,41.5
847500,1694.9999999737424,-50763.55935641315,19013.527143773288,-31750.03221263986,298.9869500229339,52.736018337566684,1.286552701311841,41.5
848000,1695.9999999737188,-50466.84952298169,18657.107515431748,-31809.742007549943,293.3822656947532,52.67403718953154,1.288066578312537,41.5
848500,1696.9999999736951,-50575.88998479817,18782.539139693803,-31793.350845104364,295.3546729441265,52.64251230879671,1.2888379348356,41.5
849000,1697.9999999736715,-50655.54708435878,18889.872349701138,-31765.674734657645,297.0424833568712,52.75389252380647,1.286116788785004,41.5
849500,1698.9999999736478,-50395.23337582945,18717.826643771412,-31677.406732058036,294.3370715470841,52.59973054535575,1.2898862055980205,41.5
850000,1699.9999999736242,-50410.63052807824,18972.515228380813,-31438.115299697427,298.3420393019996,52.95410462513349,1.281254160162399,41.5
850500,1700.9999999736006,-50260.841041254265,18716.01727284793,-31544.823768406335,294.3086192620461,53.02370616702384,1.279572322517557,41.5
851000,1701.999999973577,-50654.51397997325,18829.453726261774,-31825.060253711476,296.09240293201765,53.34712861517862,1.271814783848044,41.5
851500,1702.9999999735533,-50399.60330510176,18545.770483419372,-31853.832821682387,291.6314953419264,52.74275153898849,1.286388458487473,41.5
852000,1703.9999999735296,-50189.68028107808,18265.529847135444,-31924.150433942636,287.2247226015799,53.22357189575161,1.2747672587912673,41.5
852500,1704.999999973506,-50745.166343476616,18798.19429036343,-31946.972053113186,295.6008495590948,53.050713972153346,1.2789208998061905,41.5
853000,1705.9999999734823,-50403.71448672294,18686.900675647623,-31716.81381107532,293.85076194151117,53.09867047763952,1.2777658317678344,41.5
853500,1706.9999999734587,-50488.91109964767,18723.689680116957,-31765.22141953071,294.42926755793326,53.17250046868337,1.2759916545317813,41.5
854000,1707.999999973435,-50453.52660506305,18675.15317560539,-31778.373429457664,293.6660329755775,52.8510687847715,1.2837520301609648,41.5
854500,1708.9999999734114,-50737.903889455854,18961.453837088415,-31776.45005236744,298.1680993685766,53.27760838339959,1.2734743339148724,41.5
855000,1709.9999999733877,-50607.57429711086,18970.974616740634,-31636.59968037023,298.31781324588786,52.85496438064039,1.2836574131431695,41.5
855500,1710.999999973364,-50346.80680931927,18855.348390002207,-31491.458419317063,296.4995954784126,53.251382245368276,1.2741015160132954,41.5
856000,1711.9999999733404,-50240.32000171444,18506.986568928947,-31733.333432785494,291.0216198456148,52.98474697828424,1.2805131800749094,41.5
856500,1712.9999999733168,-50116.17816453963,18434.70659633188,-31681.471568207755,289.8850201820634,53.03251728908482,1.2793597271421933,41.5
857000,1713.9999999732931,-50348.19985688162,18630.706078399824,-31717.493778481796,292.96710415872104,53.07319889143794,1.278379073916586,41.5
857500,1714.9999999732695,-50520.663343721615,18765.628655388857,-31755.03468833276,295.0887562582052,53.27532916803031,1.27352881546045,41.5
858000,1715.9999999732458,-50725.000368630164,18570.070992298824,-32154.92937633134,292.0136198672148,52.748635025650934,1.286244977062133,41.5
858500,1716.9999999732222,-50549.55223648182,18578.52109106983,-31971.031145411987,292.14649733070866,52.90114430076693,1.2825368476508285,41.5
859000,1717.9999999731986,-50379.852196627624,18457.738641855845,-31922.11355477178,290.24719817207693,52.935990084360256,1.2816926015835972,41.5
859500,1718.999999973175,-50489.703007081385,18528.286235894968,-31961.416771186417,291.3565562524435,53.305564215779185,1.272806466769249,41.5
860000,1719.9999999731513,-50943.44111089878,18734.939111964406,-32208.50199893437,294.6061644215255,52.981706847922844,1.2805866568884838,41.5
860500,1720.9999999731276,-50740.826918051556,18438.04889768605,-32302.778020365506,289.93757773650265,52.540485559019466,1.2913406895033919,41.5
861000,1721.999999973104,-50796.65994693163,18504.141664815932,-32292.518282115696,290.9768838427982,52.85341044998216,1.2836951536520973,41.5
861500,1722.9999999730803,-50911.23993474663,18685.801619202906,-32225.43831554372,293.8334793230983,52.798131937581466,1.2850391549617224,41.5
862000,1723.9999999730567,-50675.7821434873,18516.124391883546,-32159.65775160375,291.16531174425023,52.81395631721164,1.2846541251543429,41.5
862500,1724.999999973033,-50914.284483254545,18587.796918707165,-32326.48756454738,292.2923593474325,53.005761758876275,1.2800055050103214,41.5
863000,1725.9999999730094,-50725.19244945076,18355.997963359867,-32369.194486090895,288.6473300925377,52.747135784316555,1.2862815362346278,41.3
863500,1726.9999999729857,-50652.22766416915,18410.752998484368,-32241.474665684782,289.508350818807,52.911492459592445,1.282286015659854,41.5
864000,1727.999999972962,-50872.43473029408,18807.105557538147,-32065.329172755934,295.74097887719876,52.441673612146516,1.2937738667614216,41.5
864500,1728.9999999729384,-50427.78652615255,18363.70118940175,-32064.085336750803,288.7684630123891,52.51208185944386,1.2920391735797343,41.5
865000,1729.9999999729148,-50976.88018077089,18871.932394199466,-32104.94778657142,296.76037827776446,52.703305504088625,1.2873512619310703,41.5
865500,1730.9999999728911,-51020.32794148791,18793.24955687106,-32227.07838461685,295.5230938236975,52.20712735308119,1.299586288089895,41.5
866000,1731.9999999728675,-50913.72409859834,18402.22704200189,-32511.497056596447,289.37428049584963,52.3128632842721,1.2969595351708776,41.5
866500,1732.9999999728439,-50856.87809597963,18598.959600515118,-32257.91849546451,292.4678920701409,52.3295761263084,1.2965453166458418,41.5
867000,1733.9999999728202,-50826.10870686924,18281.75466584056,-32544.354041028684,287.4798572235065,52.60482665511593,1.289761247450644,41.3
867500,1734.9999999727966,-50943.934964750115,18439.883973029628,-32504.050991720487,289.9664342225133,53.25274279019404,1.2740689642209506,41.3
868000,1735.999999972773,-50952.3222708079,18550.08316707178,-32402.239103736116,291.6993121189976,52.802993037963375,1.2849208528737617,41.3
868500,1736.9999999727493,-50866.712398283555,18490.235331695185,-32376.47706658837,290.75820731348637,52.859082478632246,1.2835574071126554,41.3
869000,1737.9999999727256,-50819.474528926876,18662.673733019983,-32156.800795906893,293.4697942425753,52.68814468652651,1.2877216924659962,41.3
869500,1738.999999972702,-51059.516810882305,18776.65027652482,-32282.866534357487,295.2620708075169,52.59331638569402,1.2900435171470295,41.3
870000,1739.9999999726783,-50894.24801109387,18337.8344198306,-32556.41359126327,288.3617091006849,52.319084769201716,1.2968053081954252,41.3
870500,1740.9999999726547,-50787.80576950765,18254.990217823986,-32532.815551683663,287.0589873543332,52.6888891891574,1.2877034967476455,41.5
871000,1741.999999972631,-50718.69062428544,18666.367660780816,-32052.322963504623,293.5278811081245,52.67286016296465,1.2880953614197745,41.5
871500,1742.9999999726074,-50723.21484017205,18615.593930880263,-32107.620909291785,292.7294662464597,53.249131633260625,1.2741553668125547,41.5
872000,1743.9999999725837,-50603.66531306823,18554.064508203657,-32049.600804864574,291.76191854825294,53.24417575244569,1.2742739631106172,41.5
872500,1744.99999997256,-50971.158512752336,19019.14310071319,-31952.015412039145,299.0752607200615,52.76266502770256,1.2859029545418983,41.5
873000,1745.9999999725364,-50852.175010283805,18626.828283508738,-32225.346726775068,292.9061259899398,52.82423907925629,1.2844040544877535,41.5
873500,1746.9999999725128,-50869.74353896545,18566.694312463598,-32303.04922650185,291.9605217125429,52.79988454953414,1.284996500039238,41.5
874000,1747.9999999724891,-50338.39827198089,18126.276311697144,-32212.12196028375,285.03496635457856,52.848852621859876,1.2838058629973617,41.5
874500,1748.9999999724655,-50693.18127901186,18465.389779299163,-32227.791499712694,290.36751200080977,53.12569767461502,1.2771157804680797,41.5
875000,1749.9999999724419,-50935.0143277327,18715.833029089874,-32219.181298642827,294.30572203635694,52.73320306204945,1.2866213866962162,41.5
875500,1750.9999999724182,-50877.49215876555,18743.09882326593,-32134.39333549962,294.73447555373485,52.46678078821394,1.2931547510509434,41.5
876000,1751.9999999723946,-50677.80093392481,18556.753150378943,-32121.047783545866,291.8041973383803,52.88411648655277,1.2829498033852818,41.5
876500,1752.999999972371,-50400.76730106816,18194.205837689995,-32206.561463378166,286.1031554201595,52.887934251525024,1.282857192454455,41.5
877000,1753.9999999723473,-50736.2234909212,18231.67820354218,-32504.54528737902,286.69240686685686,52.465942775472705,1.293175405976795,41.5
877500,1754.9999999723236,-50760.59186713669,18261.4232766897,-32499.16859044699,287.1601469463981,52.64836598451605,1.2886946361940521,41.3
878000,1755.9999999723,-50959.22643821431,18696.89885965752,-32262.327578556793,294.00798298315607,52.720605690221106,1.286928819583193,41.5
878500,1756.9999999722763,-50954.125892693395,18601.87752415538,-32352.248368538014,292.5137763020883,52.81265355457842,1.2846858145181266,41.5
879000,1757.9999999722527,-50463.01232936578,18393.034878976097,-32069.977450389684,289.22973410177906,52.68689887670124,1.28775214133224,41.5
879500,1758.999999972229,-50725.86715830965,18629.63420419242,-32096.23295411723,292.95024897989725,52.56387982824753,1.2907659607760966,41.5
880000,1759.9999999722054,-50823.65136385245,18573.117061243156,-32250.534302609292,292.06151917891737,53.16762899819762,1.2761085669426266,41.5
880500,1760.9999999721817,-50538.95729803164,18325.299083815513,-32213.658214216124,288.1645914457478,52.57589833214754,1.290470900183207,41.5
881000,1761.999999972158,-50830.61557694127,18504.896479462775,-32325.719097478497,290.98875327277744,52.66439657639042,1.2883023685691195,41.5
881500,1762.9999999721344,-50718.28749904433,18324.1747410776,-32394.11275796673,288.1469112013909,53.15182992318889,1.2764878828570088,41.5
882000,1763.9999999721108,-51091.71768823022,18662.186053219208,-32429.531635011015,293.46212549731206,52.87782846365179,1.2831023667181356,41.5
882500,1764.9999999720872,-50865.02457088086,18491.822885929545,-32373.201684951313,290.7831715400047,52.944499540088295,1.281486602725456,41.5
883000,1765.9999999720635,-50853.59766341504,18636.50196831135,-32217.095695103693,293.05824429459443,53.13144520348682,1.2769776276323577,41.5
883500,1766.9999999720399,-50306.768321684955,18201.65164883959,-32105.116672845365,286.2202405011774,53.20334267791525,1.2752519566179594,41.5
884000,1767.9999999720162,-50757.270666868186,18562.40635978134,-32194.864307086846,291.8930938289831,53.090765040483014,1.2779560964490093,41.5
884500,1768.9999999719926,-50512.85732568386,18231.77441593509,-32281.082909748766,286.69391980286787,53.1531564107637,1.2764560268877623,41.5
885000,1769.999999971969,-50885.277240717725,18291.234971515776,-32594.04226920195,287.6289346491564,52.88258858421512,1.282986870821959,41.5
885500,1770.9999999719453,-50489.863295139534,18153.81776073267,-32336.045534406865,285.4680545335406,52.864723692679256,1.2834204382311527,41.5
886000,1771.9999999719216,-50637.95589344959,18566.327496341088,-32071.6283971085,291.9547535437618,53.19620468374057,1.2754230729803337,41.5
886500,1772.999999971898,-50775.40625880413,18585.309950324878,-32190.09630847925,292.2532518695931,52.8853140563049,1.2829207514281278,41.5
887000,1773.9999999718743,-50684.77604296747,18459.607341323524,-32225.168701643943,290.2765833960875,53.03847479567586,1.2792160240278763,41.5
887500,1774.9999999718507,-50410.97473707004,18166.955607532684,-32244.01912953736,285.67464664635077,52.86463390010055,1.283422618169274,41.5
888000,1775.999999971827,-50734.31744744571,18591.768758952632,-32142.54868849308,292.35481637563095,53.13413545683777,1.2769129725229391,41.5
888500,1776.9999999718034,-50498.471472362966,18302.725904872896,-32195.74556749007,287.80962911428026,53.0373414696153,1.279243358898308,41.5
889000,1777.9999999717797,-50910.835738654634,18561.79897389229,-32349.036764762343,291.88354271029374,52.77074701733973,1.285706014855795,41.5
889500,1778.999999971756,-50840.48667500601,18613.997537532774,-32226.489137473236,292.7043630252429,53.162698082901564,1.2762269278136713,41.5
890000,1779.9999999717324,-50851.99937521252,18717.857567752293,-32134.14180746023,294.33755782544034,52.60358178001072,1.2897917699286632,41.5
890500,1780.9999999717088,-50753.1571319518,18721.19780486101,-32031.959327090786,294.3900829197029,52.89031349239614,1.282799483848426,41.5
891000,1781.9999999716852,-50741.3689149436,18635.509691996624,-32105.85922294698,293.0426407894333,52.56459436980678,1.2907484146324746,41.5
891500,1782.9999999716615,-50569.03557075197,18617.188031869737,-31951.847538882233,292.7545334204389,52.96485482469521,1.280994105868724,41.5
892000,1783.9999999716379,-50563.29981186625,18708.83804616725,-31854.461765699,294.1957262110856,52.65940615364247,1.2884244583136863,41.5
892500,1784.9999999716142,-50446.816395229434,18929.246699471554,-31517.56969575788,297.6616434242261,52.67090186229483,1.2881432527206613,41.5
893000,1785.9999999715906,-50536.95180837249,19043.054966666685,-31493.896841705806,299.451273850962,52.991028174337515,1.280361396752148,41.5
893500,1786.999999971567,-50981.11183250499,19134.144293833142,-31846.967538671848,300.8836498590116,52.30399483915433,1.2971794421682878,41.5
894000,1787.9999999715433,-50355.99470512316,18477.15817952319,-31878.836525599967,290.5525696212621,52.77349752178866,1.2856390050823305,41.5
894500,1788.9999999715196,-50803.211362746806,18913.585030935974,-31889.626331810832,297.4153643160777,52.949311383088876,1.281370145831521,41.5
895000,1789.999999971496,-50537.15425422643,18411.518607763133,-32125.635646463295,289.5203899939393,53.115795166394946,1.2773538763014274,41.5
895500,1790.9999999714723,-50829.84661103809,18605.950157102274,-32223.896453935817,292.5778182914649,52.23766584981482,1.2988265410573991,41.5
896000,1791.9999999714487,-50777.16027198507,18598.548990932835,-32178.611281052235,292.46143525096534,52.406704316776676,1.294637160133489,41.5
896500,1792.999999971425,-50770.038301121305,18605.590903468306,-32164.447397653,292.57216904251214,52.80334817579031,1.2849122109217788,41.5
897000,1793.9999999714014,-50769.377315343074,18387.685508410203,-32381.69180693287,289.1456154646664,52.422476961721074,1.2942476353829984,41.5
897500,1794.9999999713777,-50886.89788535958,18500.927455029312,-32385.97043033027,290.92634052310956,52.564636082589985,1.2907473903562159,41.5
898000,1795.999999971354,-51101.73180318134,18730.698473658224,-32371.033329523118,294.5394805546276,52.81000351447006,1.2847502808826132,41.5
898500,1796.9999999713305,-50571.583316785436,18375.05785629575,-32196.525460489687,288.94704614277765,52.788766459923764,1.2852671391769663,41.5
899000,1797.9999999713068,-50658.250505868746,18225.700758085313,-32432.549747783432,286.59841177733125,52.784878314165844,1.2853618122374069,41.5
899500,1798.9999999712832,-50960.0746791472,18608.125588088096,-32351.9490910591,292.6120268562682,52.74610845217545,1.286306589047119,41.5
900000,1799.9999999712595,-51038.55775915422,18713.88713040563,-32324.670628748587,294.27512285776925,52.74312165507673,1.286379431470314,41.5
900500,1800.9999999712359,-50873.90399541041,18595.253410239573,-32278.650585170835,292.4096123770408,52.91330968093548,1.2822419776374816,41.5
901000,1801.9999999712122,-50795.087489563266,18548.010579799906,-32247.07690976336,291.66672076746204,52.58670477481643,1.2902057114846868,41.5
901500,1802.9999999711886,-50772.5585691027,18779.630581546095,-31992.927987556606,295.30893598417305,52.65724577715145,1.2884773186915721,41.5
902000,1803.999999971165,-50592.74614949343,18438.097930221273,-32154.64821927216,289.938348771148,52.85009109355819,1.283775778711894,41.5
902500,1804.9999999711413,-50790.134011137176,18431.9505841516,-32358.183426985575,289.8416820013157,52.48027853478744,1.2928221561105708,41.5
903000,1805.9999999711176,-50794.75729635431,18321.253764375317,-32473.503531978997,288.10097896016595,52.5064863532232,1.292176863486929,41.5
903500,1806.999999971094,-50942.85420076962,18504.18267597003,-32438.671524799593,290.9775287415478,52.91314147864102,1.282246053676754,41.5
904000,1807.9999999710703,-50947.82811331844,18494.666568541936,-32453.161544776507,290.8278883347731,52.65632652253935,1.2884998124505564,41.5
904500,1808.9999999710467,-50963.985506852194,18426.091452315944,-32537.89405453625,289.7495473887276,52.41385191816177,1.2944606123313276,41.5
905000,1809.999999971023,-50673.379234001695,18400.18171359948,-32273.197520402216,289.3421177889406,52.50572273555781,1.2921956562780452,41.5
905500,1810.9999999709994,-50943.1060409073,18519.6392295694,-32423.466811337905,291.22058242556955,52.60646111549462,1.2897211751170898,41.5
906000,1811.9999999709758,-51112.12776612477,18537.35937168201,-32574.768394442763,291.4992309479694,52.70977385859295,1.2871932827988488,41.5
906500,1812.999999970952,-50768.8613324508,18247.71739114589,-32521.14394130491,286.94462244717596,52.7191730358514,1.2869637921385404,41.5
907000,1813.9999999709285,-51141.85795869328,18531.85275250217,-32610.005206191112,291.41263958272356,53.05979652966373,1.2787019793921777,41.5
907500,1814.9999999709048,-51040.062850760354,18402.78704553932,-32637.275805221034,289.3830865289645,52.53635303498971,1.2914422667184382,41.5
908000,1815.9999999708812,-50920.14001919274,18326.06744402446,-32594.07257516828,288.1766738791466,52.84775872130161,1.283832436611536,41.5
908500,1816.9999999708575,-50874.107303895486,18486.68323223089,-32387.424071664595,290.702350692199,53.23051275261666,1.2746010387677884,41.5
909000,1817.9999999708339,-50798.33120416644,18425.666991507314,-32372.664212659125,289.74287275957454,53.121798715015146,1.2772095164286996,41.5
909500,1818.9999999708102,-50927.56726492879,18586.0218602096,-32341.54540471919,292.26444662391276,52.797504181120495,1.285054433934557,41.5
910000,1819.9999999707866,-50860.55124050535,18551.252998541728,-32309.298241963625,291.7177076718372,52.49498675486308,1.2924599288967697,41.5
910500,1820.999999970763,-50502.56222657961,18415.616043244852,-32086.94618333476,289.5848220021791,53.05571100932914,1.2788004450019923,41.5
911000,1821.9999999707393,-50571.17930011141,18299.38345153285,-32271.795848578564,287.7570691698692,53.235479606151415,1.2744821188910138,41.5
911500,1822.9999999707156,-50657.39120120563,18289.30938437971,-32368.08181682592,287.59865486884723,52.643032862956474,1.288825190320101,41.5
912000,1823.999999970692,-50756.50107850703,18338.849151489187,-32417.651927017847,288.3776657152256,52.89596073085283,1.2826625305824806,41.5
912500,1824.9999999706683,-50863.47639526145,18390.13253591533,-32473.34385934612,289.18409487381797,52.66943028145299,1.2881792433687873,41.5
913000,1825.9999999706447,-50687.79461371493,18361.89374661759,-32325.900867097338,288.7400410472644,52.73808523124324,1.2865022791618665,41.5
913500,1826.999999970621,-50716.93646670873,18255.808944421067,-32461.12752228766,287.0718617971608,53.008441081851345,1.2799408068587101,41.5
914000,1827.9999999705974,-50967.28542617174,18642.12546270348,-32325.159963468257,293.14667351785533,53.09571800060504,1.2778368840940066,41.5
914500,1828.9999999705738,-50618.69983134387,18264.901845613334,-32353.797985730533,287.2148473028894,53.112246526493784,1.2774392213815133,41.5
915000,1829.99999997055,-50707.300615312306,18463.299568582617,-32244.00104672969,290.33464352131523,52.734783915853384,1.286582817081204,41.5
915500,1830.9999999705265,-50886.51537205253,18331.442835856382,-32555.072536196145,288.2612016996216,52.68339585328917,1.2878377665245224,41.5
916000,1831.9999999705028,-50995.44903682332,18533.53014754164,-32461.918889281675,291.4390165522907,52.618932869889754,1.2894154850383106,41.5
916500,1832.9999999704792,-50686.084273889064,18415.75854215376,-32270.325731735305,289.5870627917934,52.72800194208258,1.286748299758302,41.5
917000,1833.9999999704555,-50751.48159592436,18548.426248199285,-32203.055347725072,291.67325713633306,52.73008144345133,1.2866975546280586,41.5
917500,1834.9999999704319,-50593.921871700644,18497.83051974836,-32096.091351952284,290.8776413403084,52.60053032417833,1.2898665931784417,41.5
918000,1835.9999999704082,-50769.88635790818,18532.244348434186,-32237.642009473995,291.41879741301295,52.78179459983202,1.2854369079910584,41.5
918500,1836.9999999703846,-50655.817751651266,18491.534956007516,-32164.28279564375,290.778643853555,52.79955004483001,1.285004640967971,41.5
919000,1837.999999970361,-50539.80771721966,18569.746714898043,-31970.061002321614,292.00852061812293,52.77397516388278,1.285627369132892,41.5
919500,1838.9999999703373,-50642.796970428,18661.688190887988,-31981.10877954001,293.45429663216686,52.76487263640725,1.285849154155126,41.5
920000,1839.9999999703136,-50696.07345929985,18726.519142259654,-31969.554317040194,294.47376073638736,53.1246616759326,1.2771406858552226,41.5
920500,1840.99999997029,-50438.30743848966,18343.22705973532,-32095.08037875434,288.44650814641125,53.03975792884616,1.279185077346057,41.5
921000,1841.9999999702663,-50710.037868296306,18532.358265633535,-32177.67960266277,291.4205887563935,52.75961943705268,1.285977184304296,41.5
921500,1842.9999999702427,-50716.33076990818,18681.127030137417,-32035.20373977076,293.75997159795435,52.761722472289684,1.2859259263997802,41.5
922000,1843.999999970219,-50542.71330221333,18530.512731247873,-32012.200570965455,291.3915678023664,52.81928205585086,1.2845245941981074,41.5
922500,1844.9999999701954,-50562.571775925324,18388.319414776244,-32174.25236114908,289.15558361679035,52.689649104689074,1.2876849248667546,41.5
923000,1845.9999999701718,-50472.63525397762,18487.269285777882,-31985.365968199738,290.71156636066706,52.991397725954386,1.280352467762828,41.5
923500,1846.999999970148,-50733.76222749251,18862.81407625418,-31870.948151238328,296.6169930946164,52.873300153913156,1.2832122574366263,41.5
924000,1847.9999999701245,-50889.3026134059,18951.48357976427,-31937.819033641626,298.01131747294255,53.03361082184462,1.2793333472342159,41.5
924500,1848.9999999701008,-50738.63130989621,18835.407841890603,-31903.22346800561,296.1860311609352,52.979059206379866,1.2806506545223217,41.5
925000,1849.9999999700772,-50538.766445824534,18909.058147661104,-31629.70829816343,297.3441792585537,52.981250055221544,1.2805976978253746,41.5
925500,1850.9999999700535,-50223.22826718262,18562.586062247094,-31660.642204935524,291.8959196430334,52.839782590152915,1.2840262302909462,41.5
926000,1851.9999999700299,-50325.46685026646,18476.20427127034,-31849.262578996117,290.5375694523316,53.012375130358116,1.2798458224478515,41.5
926500,1852.9999999700062,-50517.31962947427,18491.94160776256,-32025.378021711706,290.7850384360564,53.076932775207254,1.2782891418382696,41.5
927000,1853.9999999699826,-50638.2119772681,18292.559942450527,-32345.652034817576,287.64976976384366,52.904001648117045,1.2824675777818413,41.5
927500,1854.999999969959,-51067.73539698524,18538.78091801292,-32528.954478972322,291.52158470687914,52.918127145901984,1.2821252472061717,41.5
928000,1855.9999999699353,-50976.64832379425,18611.791283026105,-32364.857040768147,292.66966976181334,52.83866039429014,1.2840535006439902,41.5
928500,1856.9999999699116,-50942.22139782453,18666.312621203382,-32275.908776621145,293.5270156129818,52.939235326369314,1.2816140322078269,41.5
929000,1857.999999969888,-50771.35195250387,18463.358411656325,-32307.993540847547,290.33556882628386,52.81835416829212,1.2845471601112,41.5
929500,1858.9999999698643,-50643.50393485858,18299.36000867815,-32344.143926180426,287.7567005319214,53.36729710703295,1.2713341414415757,41.5
930000,1859.9999999698407,-50822.41817214774,18367.665124774416,-32454.753047373328,288.8307957367805,52.605163990924986,1.2897529767292757,41.5
930500,1860.999999969817,-50623.575134396466,18411.48548992721,-32212.089644469255,289.5198692173007,53.03935040857344,1.2791949057818797,41.5
931000,1861.9999999697934,-51153.303248712364,18794.503917615762,-32358.7993310966,295.54281859598467,52.08611563136037,1.3026056181424481,41.5
931500,1862.9999999697698,-50772.94735725159,18519.997972726676,-32252.949384524916,291.2262236472968,52.98147326949454,1.280592302586879,41.5
932000,1863.999999969746,-50855.255088081576,18514.192955526687,-32341.06213255489,291.13493998517924,52.4344703688703,1.2939516003752283,41.5
932500,1864.9999999697225,-50867.840671468184,18594.68273134048,-32273.157940127705,292.40063847429286,52.93629860588752,1.2816851316665585,41.5
933000,1865.9999999696988,-50907.16954247519,18683.205241692245,-32223.964300782944,293.79265139111334,52.6997927541325,1.2874370714352927,41.5
933500,1866.9999999696752,-50780.25608069112,18495.183039267027,-32285.073041424093,290.8360098161638,52.93176959694646,1.2817947966837147,41.5
934000,1867.9999999696515,-50402.03161344621,18368.1423031983,-32033.889310247912,288.8382993483143,53.10189669070202,1.2776882009283697,41.5
934500,1868.9999999696279,-50940.158356807275,18749.14482749265,-32191.013529314623,294.8295487271605,53.182158692418135,1.2757599262005859,41.5
935000,1869.9999999696042,-50698.2402148843,18616.70075457165,-32081.53946031265,292.7468710045143,52.55151156981981,1.2910697489354794,41.5
935500,1870.9999999695806,-50902.72830822896,18607.41491390209,-32295.31339432687,292.60085153326116,52.58872940068709,1.2901560395513332,41.3
936000,1871.999999969557,-50875.38227516449,18520.535713027683,-32354.84656213681,291.23467959191385,52.992726520757046,1.2803203628719035,41.5
936500,1872.9999999695333,-50680.44684383991,18381.78828808557,-32298.658555754344,289.0528819121202,52.60148526926345,1.2898431765057505,41.5
937000,1873.9999999695096,-50578.040745182516,18386.58950239562,-32191.451242786898,289.12838081414463,53.261271242322536,1.2738649541416505,41.5
937500,1874.999999969486,-50714.02641752689,18482.705327547243,-32231.321089979647,290.639798300954,52.95009717436191,1.2813511300122524,41.5
938000,1875.9999999694624,-50892.73920570489,18557.911340497616,-32334.827865207277,291.822409831439,52.78574169066985,1.2853407885451693,41.5
938500,1876.9999999694387,-50811.853767546185,18683.565912268816,-32128.28785527737,293.7983229214315,52.3713220698914,1.2955118214904349,41.5
939000,1877.999999969415,-50297.356353355346,18357.714067142835,-31939.64228621251,288.67431575554025,53.10697913101844,1.2775659237035968,41.5
939500,1878.9999999693914,-50556.1102623584,18572.68357672176,-31983.42668563664,292.0547026522438,52.33795246724827,1.2963378131974979,41.5
940000,1879.9999999693678,-50627.6357139989,18429.974301359776,-32197.66141263912,289.81060503385766,52.545092118196024,1.2912274793620926,41.5
940500,1880.9999999693441,-50694.723968621554,18596.61035508568,-32098.113613535876,292.43095028019883,52.94858447110441,1.28138773729926,41.5
941000,1881.9999999693205,-50862.160406062925,18720.306331309643,-32141.854074753282,294.3760645339434,52.71877722039629,1.2869734547328942,41.5
941500,1882.9999999692968,-50654.62495004001,18384.769435359092,-32269.855514680916,289.09976033315905,52.64986564544169,1.28865792945288,41.5
942000,1883.9999999692732,-50708.19487297333,18529.05330841171,-32179.141564561618,291.3686184369342,53.16243611118214,1.2762332167535149,41.5
942500,1884.9999999692495,-50822.48238574199,18485.38546371125,-32337.09692203074,290.68194333439584,52.943618447303805,1.2815079293486107,41.5
943000,1885.9999999692259,-50704.27333542745,18390.547278978902,-32313.72605644855,289.1906166918206,52.65729350314558,1.28847615087878,41.5
943500,1886.9999999692022,-51132.11221272615,18846.43423436187,-32285.677978364278,296.35942073930283,52.56777982370257,1.2906701990490952,41.5
944000,1887.9999999691786,-50910.52117889369,18597.64304449071,-32312.878134402978,292.44718927958047,52.671000283969555,1.2881408456804395,41.5
944500,1888.999999969155,-50804.874077066306,18573.932522553434,-32230.941554512872,292.0743422752413,52.78563261857939,1.2853434444725458,41.5
945000,1889.9999999691313,-50807.19647282402,18728.277876519795,-32078.918596304226,294.5014167619298,52.29972381668707,1.2972853754722757,41.5
945500,1890.9999999691076,-50677.45112197099,18718.946995872553,-31958.504126098436,294.3546890388382,52.55043041553376,1.2910963109556497,41.5
946000,1891.999999969084,-50731.739830140345,18879.46471827432,-31852.275111866024,296.87882377105433,53.03315479063644,1.2793443482002023,41.5
946500,1892.9999999690604,-50705.524594973984,19059.426882044245,-31646.09771292974,299.7087215621498,52.76761055381101,1.2857824361676935,41.5
947000,1893.9999999690367,-50403.278654489084,18999.744631382222,-31403.534023106862,298.77022056961897,53.34917513714568,1.2717659958979683,41.5
947500,1894.999999969013,-50658.71649531495,19186.87520908536,-31471.841286229588,301.71284138165566,53.030783890152534,1.279401545132092,41.5
948000,1895.9999999689894,-50789.35765432073,19191.27356796663,-31598.0840863541,301.78200539825673,52.786998315736355,1.2853101902632929,41.5
948500,1896.9999999689658,-50368.68751854732,18503.32377446638,-31865.36374408094,290.9640225499293,52.54896189011594,1.2911323917397661,41.5
949000,1897.9999999689421,-50890.45945337069,18913.028233160214,-31977.431220210477,297.4066086934363,52.73276164375359,1.2866321568171473,41.5
949500,1898.9999999689185,-50578.09622556565,18494.827359189498,-32083.26886637615,290.8304167612424,52.57366284248039,1.290525772417842,41.5
950000,1899.9999999688948,-50866.33484612935,18770.768820615205,-32095.566025514145,295.1695851497633,52.94400606200192,1.2814985471475626,41.3
950500,1900.9999999688712,-50658.49819601349,18559.923355251824,-32098.574840761667,291.85404868256927,52.617628535975264,1.2894474482490026,41.5
951000,1901.9999999688475,-50922.0480849747,18661.54207961105,-32260.506005363648,293.4519990382104,52.696823321961865,1.2875096176879244,41.5
951500,1902.9999999688239,-50769.759373754896,18561.750203573163,-32208.009170181733,291.88277579898596,52.554355236527265,1.2909998903662796,41.5
952000,1903.9999999688002,-50746.53715825452,18678.95868677814,-32067.57847147638,293.7258744857936,52.62443943286276,1.2892805620321326,41.5
952500,1904.9999999687766,-50393.82850944933,18362.91511830461,-32030.913391144724,288.7561020759853,53.15294577093608,1.276461085355803,41.5
953000,1905.999999968753,-50561.20964955412,18523.585554414778,-32037.62409513934,291.28263822512724,52.86534703695467,1.2834053052030359,41.5
953500,1906.9999999687293,-50966.47844067562,18680.57318774262,-32285.905252933004,293.75126244855977,53.29511437933199,1.2730560322230726,41.5
954000,1907.9999999687057,-50762.37654859153,18360.767500396443,-32401.609048195085,288.7223308707102,52.70371724337199,1.2873412047071444,41.5
954500,1908.999999968682,-50821.63434615237,18505.409321582192,-32316.22502457018,290.9968176944899,52.50286688284858,1.2922659442582058,41.5
955000,1909.9999999686584,-50625.21668285373,18444.495794095325,-32180.720888758406,290.0389549233837,53.012029290384135,1.279854171908377,41.5
955500,1910.9999999686347,-50781.075022570505,18611.94984739734,-32169.125175173165,292.67216318017705,53.05048714183367,1.2789263681449783,41.5
956000,1911.999999968611,-50911.67475487905,18677.4876146305,-32234.187140248552,293.70274193540666,52.66683169291896,1.2882428023052943,41.5
956500,1912.9999999685874,-50996.477800772554,18468.918936669714,-32527.55886410284,290.4230078585953,52.872518355932286,1.2832312316179795,41.5
957000,1913.9999999685638,-50729.04950850545,18334.84906204568,-32394.20044645977,288.31476446952354,53.21111904991898,1.2750655889228197,41.5
957500,1914.9999999685401,-51257.025944215566,18739.090587062034,-32517.935357153532,294.67144620055313,52.87527315323276,1.2831643753783433,41.5
958000,1915.9999999685165,-50915.56076491928,18261.835297697187,-32653.725467222095,287.16662596017824,52.457602945640495,1.293380997963913,41.5
958500,1916.9999999684928,-50681.42026382256,18215.738902614576,-32465.681361207986,286.4417620005043,52.46917311970893,1.2930957896712436,41.5
959000,1917.9999999684692,-50898.66596964053,18452.703206950166,-32445.962762690368,290.16801616060144,52.394063774967705,1.2949495030588325,41.5
959500,1918.9999999684455,-50591.69811692532,18363.308369413346,-32228.389747511974,288.7622859338622,52.64761719743211,1.2887129648089082,41.5
960000,1919.999999968422,-50562.76471771398,18465.19232699861,-32097.57239071537,290.3644070713209,52.919779074094436,1.2820852247631613,41.5
960500,1920.9999999683982,-50914.06155487608,18608.47026078637,-32305.591294089714,292.6174468205932,52.99434749401619,1.2802812008636988,41.5
961000,1921.9999999683746,-50491.3482375794,18468.655793670678,-32022.69244390872,290.4188699455134,52.75079450801619,1.2861923214884818,41.5
961500,1922.999999968351,-50699.293947156984,18437.90970244213,-32261.384244714853,289.93538889688745,53.01719518881278,1.2797294652611844,41.5
962000,1923.9999999683273,-50895.72404121743,18588.506402259827,-32307.2176389576,292.303515947778,52.48681139999526,1.2926612426799722,41.5
962500,1924.9999999683037,-50801.886476426334,18415.163456772534,-32386.7230196538,289.5777050980952,52.94252483160587,1.2815344010212977,41.5
963000,1925.99999996828,-50985.421591533996,18693.348494067362,-32292.073097466633,293.95215362696973,52.85037338624267,1.2837689216078165,41.5
963500,1926.9999999682564,-51085.14509422034,18639.04846368073,-32446.096630539607,293.098287831913,52.41942299568835,1.2943230385082238,41.5
964000,1927.9999999682327,-50979.51716116951,18508.773895941533,-32470.74326522798,291.0497254910401,53.128349306651195,1.2770520397126903,41.5
964500,1928.999999968209,-51009.777912399426,18619.53540799168,-32390.242504407746,292.7914458155958,53.59618979982371,1.2659046678883574,41.5
965000,1929.9999999681854,-51052.51254565375,18615.768380248337,-32436.744165405413,292.73220945576014,52.93872327707311,1.281626428607335,41.5
965500,1930.9999999681618,-50715.70870358702,18277.82497905207,-32437.88372453495,287.4180630567246,52.823297228294734,1.2844269556934187,41.5
966000,1931.9999999681381,-51027.44893320494,18492.047623987783,-32535.40130921716,290.7867055369363,52.84324922808864,1.2839419952352784,41.5
966500,1932.9999999681145,-50967.498701580334,18449.34538857515,-32518.153313005183,290.11521460163317,52.28082416809564,1.2977543473775461,41.5
967000,1933.9999999680908,-50979.37566311479,18449.79108510483,-32529.584578009963,290.1222231616461,52.48313218455263,1.292751861875287,41.5
967500,1934.9999999680672,-51070.29315452357,18335.80871971794,-32734.48443480563,288.3298550478432,52.41003241988048,1.2945549490423676,41.5
968000,1935.9999999680435,-50832.739073755976,18286.08361692074,-32546.655456835237,287.5479298052255,52.924750562032976,1.2819647920513695,41.5
968500,1936.99999996802,-50721.46534935157,18178.365911093155,-32543.099438258418,285.8540732111635,52.838427813572665,1.2840591527062641,41.5
969000,1937.9999999679962,-50882.43667551788,18544.51826762723,-32337.918407890647,291.61180429893204,53.2496305852826,1.2741434279053814,41.5
969500,1938.9999999679726,-50855.225132874286,18450.037146302828,-32405.187986571458,290.12609246409335,52.95861926717738,1.28114493518674,41.5
970000,1939.999999967949,-50749.90657334009,18565.789998091794,-32184.1165752483,291.94630140539823,52.37306853705079,1.29546862049202,41.5
970500,1940.9999999679253,-50795.088087475124,18589.436514426772,-32205.65157304835,292.3181419242142,53.018547551079266,1.2796968227630383,41.5
971000,1941.9999999679017,-50524.47042673123,18512.50537442487,-32011.965052306365,291.10840284019116,53.048364759894675,1.278977535984691,41.5
971500,1942.999999967878,-50629.75071030747,18489.654066649466,-32140.096643658002,290.74906694400835,53.05830955901745,1.2787378152928028,41.5
972000,1943.9999999678544,-50592.713997722094,18455.30620330043,-32137.407794421662,290.2089481735731,53.02206239059377,1.2796119914917443,41.5
972500,1944.9999999678307,-50767.21641923715,18746.891702047207,-32020.324717189942,294.79411842010285,52.74917715500207,1.2862317576871125,41.5
973000,1945.999999967807,-50669.094599462165,18475.314903797476,-32193.77969566469,290.5235841845719,52.865586083720345,1.283399501921355,41.5
973500,1946.9999999677834,-50752.8499131673,18524.618443516752,-32228.23146965055,291.29888036473534,53.16606558246161,1.2761460925370551,41.5
974000,1947.9999999677598,-50452.2409509534,18574.53633708589,-31877.704613867507,292.08383723449185,52.88547856556391,1.2829167606853393,41.5
974500,1948.9999999677361,-50678.65386947484,18522.285800954436,-32156.3680685204,291.2621996542114,52.89604418441499,1.282660506938579,41.5
975000,1949.9999999677125,-50745.95949398171,18675.80728953434,-32070.15220444737,293.67631889081593,53.274517372932834,1.2735482214447718,41.5
975500,1950.9999999676888,-50840.14145847226,18734.00578788751,-32106.13567058475,294.59148793793446,52.77332956165987,1.2856430968478998,41.5
976000,1951.9999999676652,-50469.06796119441,18477.75954990085,-31991.308411293558,290.56202614627665,53.159588328698426,1.2763015851272002,41.5
976500,1952.9999999676415,-50841.023125554835,18721.843952438903,-32119.179173115932,294.4002435643911,53.302679742311426,1.2728753446662087,41.5
977000,1953.999999967618,-50687.33283841796,18786.643631580526,-31900.689206837436,295.4192159140513,52.97721381011534,1.2806952644171057,41.5
977500,1954.9999999675942,-50595.68751102722,18663.28619649192,-31932.401314535302,293.4794252060515,53.103566188544654,1.2776480322947332,41.5
978000,1955.9999999675706,-50485.70417752281,18647.335401590855,-31838.36877593196,293.22859959742823,52.955822977912966,1.2812125850055318,41.5
978500,1956.999999967547,-50570.03184086416,18691.415531177176,-31878.616309686986,293.92175786322355,52.93637214813218,1.2816833510760552,41.5
979000,1957.9999999675233,-50386.80378956252,18612.507987235804,-31774.295802326713,292.68093990670053,53.09725575126926,1.277799876634968,41.5
979500,1958.9999999674997,-50955.838098260065,19082.58446599275,-31873.253632267315,300.0728736388428,52.74364290039007,1.2863667186728476,41.5
980000,1959.999999967476,-50628.04231606751,18641.979114814563,-31986.06320125295,293.14437220318507,53.19739212240475,1.2753946037902166,41.5
980500,1960.9999999674524,-50763.88569759646,18570.24471560011,-32193.64098199635,292.01635165914416,53.10806998000235,1.277539682277571,41.5
981000,1961.9999999674287,-50489.828532099535,18382.86687451362,-32106.961657585915,289.06984264034384,52.828355855481966,1.2843039642239158,41.5
981500,1962.999999967405,-50616.81188025135,18517.09056363593,-32099.721316615418,291.180504756218,53.071043996232405,1.278430981185217,41.5
982000,1963.9999999673814,-50666.74906291006,18678.176384958228,-31988.57267795183,293.71357282112274,52.866780944500086,1.2833704953561322,41.5
982500,1964.9999999673578,-50603.35412052675,18676.380571627556,-31926.97354889919,293.6853337286867,52.86923009757181,1.2833110435580815,41.5
983000,1965.9999999673341,-50602.981332883865,18584.71039823902,-32018.270934644843,292.24382393714404,52.964486351977285,1.2810030177153657,41.3
983500,1966.9999999673105,-50576.24567233752,18263.00630031124,-32313.23937202628,287.18503992921177,52.7935765419695,1.2851500370445654,41.3
984000,1967.9999999672868,-50544.183025530714,18277.2801101778,-32266.902915352915,287.40949501557947,53.06510396200514,1.2785740869782607,41.3
984500,1968.9999999672632,-50978.60388932086,18831.5810775052,-32147.02281181566,296.12585544480453,52.4316293505929,1.2940217134003673,41.3
985000,1969.9999999672395,-50655.37336233287,18595.284052353687,-32060.089309979187,292.4100942230535,53.41436641063693,1.270213828374009,41.3
985500,1970.999999967216,-50453.984002237026,18728.766316830875,-31725.21768540615,294.5090974661871,53.77317774355097,1.261738095007119,41.3
986000,1971.9999999671923,-50337.50823689048,18443.917696696437,-31893.59054019404,290.02986436502476,53.132155009155575,1.2769605681707412,41.3
986500,1972.9999999671686,-50659.96736322362,18719.728773913757,-31940.238589309865,294.36698246710995,53.35991368823189,1.2715100561264676,41.5
987000,1973.999999967145,-50684.04064321757,18836.921952958328,-31847.118690259245,296.2098404966104,52.84805618891998,1.2838252102610355,41.5
987500,1974.9999999671213,-50628.136427663514,18631.68436740933,-31996.452060254185,292.9824877140699,53.06692387412291,1.278530238714512,41.5
988000,1975.9999999670977,-50734.05831822472,18587.942419263352,-32146.11589896137,292.29464733782964,52.84300578138656,1.283947910331132,41.5
988500,1976.999999967074,-50608.45743990234,18531.58848766276,-32076.86895223958,291.40848402874684,52.61146041125481,1.2895986220164497,41.5
989000,1977.9999999670504,-50668.789144760805,18446.125563201116,-32222.66358155969,290.06458297705825,52.97345432986525,1.2807861542526633,41.5
989500,1978.9999999670267,-50383.19394463928,18292.371686226117,-32090.82225841316,287.64680944228246,53.119845090742594,1.2772564892221663,41.5
990000,1979.999999967003,-50497.763372069756,18464.622906153636,-32033.14046591612,290.35545295142344,53.030488165990555,1.279408679706237,41.5
990500,1980.9999999669794,-50595.24966421239,18476.010600301706,-32119.23906391068,290.53452398413503,52.94943647279489,1.2813671186753224,41.5
991000,1981.9999999669558,-50649.79706451403,18574.658507369903,-32075.138557144128,292.0857583572968,53.10210839787979,1.2776831070484607,41.5
991500,1982.9999999669321,-50414.31189709239,18512.518098444223,-31901.793798648167,291.108602924884,53.147978648638905,1.276580381300442,41.5
992000,1983.9999999669085,-50443.465983008806,18517.202565354004,-31926.2634176548,291.18226597873235,52.60189102648141,1.2898332269931247,41.5
992500,1984.9999999668848,-50532.46595374775,18593.617103363227,-31938.848850384522,292.38388151718715,53.05912652884315,1.2787181261219018,41.5
993000,1985.9999999668612,-50628.28468945867,18519.52624871525,-32108.75844074342,291.21880580617966,52.98397626045859,1.2805318067315614,41.5
993500,1986.9999999668375,-50769.55778286084,18674.884998927155,-32094.67278393368,293.66181590809254,53.134875099695805,1.2768951977646716,41.5
994000,1987.999999966814,-50687.9043583801,18599.787567129937,-32088.116791250166,292.480911811876,52.93860141216686,1.2816293789173243,41.5
994500,1988.9999999667903,-50206.25392748841,18201.8621792786,-32004.39174820981,286.22355108386785,52.785116684125306,1.2853560077291983,41.5
995000,1989.9999999667666,-50592.51488378308,18334.081216825867,-32258.43366695721,288.30269013430814,53.16214448389894,1.2762402176830174,41.5
995500,1990.999999966743,-51015.09652328353,18587.684019594017,-32427.412503689513,292.2905840134166,52.776113674372326,1.2855752749671203,41.5
996000,1991.9999999667193,-50722.296721949206,18442.518448279017,-32279.77827367019,290.0078612399083,52.889054530004714,1.282830019397232,41.5
996500,1992.9999999666957,-50893.646615385565,18622.60046421506,-32271.046151170507,292.8396437014981,52.52210177139199,1.2917926846100212,41.5
997000,1993.999999966672,-50764.3327668609,18480.55623308326,-32283.776533777636,290.60600387689794,52.614918089040394,1.2895138738752456,41.5
997500,1994.9999999666484,-51004.82593982167,18758.29846076796,-32246.527479053708,294.9734892424535,52.74469126074869,1.2863411506802729,41.5
998000,1995.9999999666247,-50589.06987359869,18312.455882866,-32276.613990732687,287.96263262709255,52.77638771520802,1.2855685996310857,41.5
998500,1996.999999966601,-50371.147251348724,18429.365026441596,-31941.78222490713,289.8010242102611,52.565192953635126,1.2907337162915375,41.5
999000,1997.9999999665774,-50811.304208373345,18879.249322875647,-31932.0548854977,296.8754366870687,52.474475403218904,1.292965128803656,41.5
999500,1998.9999999665538,-50636.07211700604,18723.210542737514,-31912.86157426853,294.42173314190205,52.77193421418751,1.2856770906529829,41.5
1000000,1999.9999999665301,-50699.30393945491,18800.379972007413,-31898.9239674475,295.6352193150855,52.691160280408994,1.2876479942282373,41.5
1000500,2000.9999999665065,-50553.647708592594,18553.92315415571,-31999.724554436885,291.75969576153113,52.76114807568736,1.2859399259337156,41.5
1001000,2001.9999999664828,-50874.10946152815,18667.418218746207,-32206.69124278194,293.54440108989957,52.473280962380755,1.2929945603605135,41.5
1001500,2002.9999999664592,-50709.3417712284,18417.512306807985,-32291.829464420414,289.61464067048263,52.595352614896484,1.2899935731091732,41.5
1002000,2003.9999999664356,-50710.623455210814,18366.53389116168,-32344.089564049136,288.81300713369393,52.849720284916,1.283784786047237,41.5
1002500,2004.999999966412,-50848.54196050931,18422.38005140657,-32426.161909102742,289.69118575861995,53.11619331007434,1.2773443016248458,41.5
1003000,2005.9999999663883,-51087.11585492245,18532.07272036804,-32555.04313455441,291.416098568572,52.2987541477551,1.2973094283841473,41.5
1003500,2006.9999999663646,-50729.65250832679,18231.60265808687,-32498.04985023992,286.691218917609,52.95379752860672,1.281261590577607,41.5
1004000,2007.999999966341,-51055.91466644774,18584.536983849517,-32471.37768259822,292.2410970028401,52.98229516103365,1.2805724373097083,41.5
1004500,2008.9999999663173,-50789.95757273208,18205.598446422908,-32584.35912630917,286.2823037345202,52.63527659529792,1.2890151099669203,41.5
1005000,2009.9999999662937,-50782.89595699436,18323.96249508494,-32458.933461909422,288.1435736416882,53.109539824036005,1.277504325464351,41.5
1005500,2010.99999996627,-50814.381844692194,18397.977103256904,-32416.40474143529,289.30745037992534,52.69751749671103,1.2874926575594712,41.5
1006000,2011.9999999662464,-50665.39720603728,18453.295830618434,-32212.10137541885,290.1773351439624,53.070749195941346,1.2784380826833313,41.5
1006500,2012.9999999662227,-50781.92707872718,18606.322276622428,-32175.604802104754,292.58366985596075,52.88637154444018,1.2828950988179464,41.5
1007000,2013.999999966199,-50803.958645304054,18610.03206540543,-32193.926579898623,292.64200613544597,52.98843398643994,1.2804240802056885,41.5
1007500,2014.9999999661754,-50646.77760512511,18507.02983971232,-32139.747765412794,291.02230027694395,52.95704770072835,1.2811829547607891,41.5
1008000,2015.9999999661518,-50950.337783503885,18777.80500151842,-32172.532781985465,295.28022881162326,53.276186620560395,1.2735083186761602,41.5
1008500,2016.9999999661281,-50815.39281776951,18487.0077266313,-32328.385091138214,290.70745335360124,53.02838486374088,1.2794594257955476,41.5
1009000,2017.9999999661045,-50708.37353634094,18403.64703861354,-32304.726497727403,289.39660988548627,52.93281077980599,1.2817695839139394,41.5
1009500,2018.9999999660808,-51089.17069433094,18603.96515985964,-32485.2055344713,292.54660428961813,52.8933351446338,1.2827262010062637,41.5
1010000,2019.9999999660572,-50990.709585356104,18517.290376665827,-32473.419208690277,291.1836468080809,52.82362344440466,1.2844190236217878,41.5
1010500,2020.9999999660336,-50446.78673971059,18184.447812729195,-32262.338926981392,285.9497108699077,53.392925954654544,1.2707238952637425,41.5
1011000,2021.99999996601,-50783.54446876062,18557.633686635796,-32225.910782124825,291.8180437356231,52.83843032482249,1.2840590916788392,41.5
1011500,2022.9999999659863,-50835.53927447927,18439.11753226987,-32396.4217422094,289.9543819723758,52.88458122069636,1.2829385291997937,41.5
1012000,2023.9999999659626,-51090.795697189205,18655.01866823976,-32435.777028949444,293.34941865662745,52.93234829129879,1.2817807831847177,41.4
1012500,2024.999999965939,-50766.126781740495,18415.16773964319,-32350.959042097304,289.5777724460641,53.10568769700557,1.2775969917898808,41.4
1013000,2025.9999999659153,-50995.404754738534,18671.65360037423,-32323.751154364305,293.6110022957447,53.020028014382405,1.2796610901492282,41.4
1013500,2026.9999999658917,-50936.895898993884,18549.995361250625,-32386.90053774326,291.6979313759896,52.65836151326442,1.2884500181711251,41.4
1014000,2027.999999965868,-50784.47493356649,18496.558230651222,-32287.916702915267,290.8576346453998,52.61638679748267,1.2894778790069494,41.4
1014500,2028.9999999658444,-50695.14218866884,18391.08414718372,-32304.05804148512,289.1990589227602,52.924212595351065,1.281977823031174,41.4
1015000,2029.9999999658207,-50568.40372475075,18072.175466156637,-32496.228258594114,284.18423273322014,52.83077126870849,1.2842452460809177,41.4
1015500,2030.999999965797,-50837.61899568431,18310.48164033974,-32527.137355344566,287.9315877427284,52.56605940166109,1.290712441086714,41.5
1016000,2031.9999999657734,-50989.43072977804,18325.241608702912,-32664.189121075127,288.16368765191254,52.76169207377805,1.2859266672826575,41.5
1016500,2032.9999999657498,-50949.74341527741,18310.260663939585,-32639.482751337822,287.92811289771885,52.83749406678119,1.2840818446627065,41.5
1017000,2033.9999999657261,-50554.42695359603,18121.480136447633,-32432.946817148393,284.9595466915784,52.853389788162914,1.2836956554832444,41.5
1017500,2034.9999999657025,-50741.43414693377,18359.012650863053,-32382.421496070714,288.69473593233977,52.948256279169854,1.2813956797916093,41.5
1018000,2035.9999999656789,-50705.37233806454,18726.574917232843,-31978.797420831695,294.4746377955987,52.98880832643906,1.2804150346361767,41.5
1018500,2036.9999999656552,-50860.56355474521,18788.652418942125,-32071.911135803086,295.4508040145625,52.88054680443549,1.28303640844607,41.5
1019000,2037.9999999656316,-50740.699496044865,18507.66464260772,-32233.034853437144,291.03228252695607,53.00231003935925,1.2800888640182637,41.5
1019500,2038.999999965608,-50779.19938966176,18512.842115561714,-32266.357274100043,291.1136980810316,53.00672357665264,1.2799822790501885,41.5
1020000,2039.9999999655843,-50785.349314359635,18578.94437398558,-32206.404940374054,292.1531534375435,52.732383355954966,1.2866413867668527,41.5
1020500,2040.9999999655606,-50792.257785433525,18587.138372875837,-32205.119412557688,292.28200374070735,52.895449883638726,1.2826749181239765,41.5
1021000,2041.999999965537,-50611.572035932324,18371.96826780263,-32239.603768129695,288.8984624879198,53.06664279366893,1.2785370107626577,41.5
1021500,2042.9999999655133,-50548.569268933155,18443.553973258335,-32105.01529567482,290.02414482858177,52.93450730752938,1.2817285037614128,41.5
1022000,2043.9999999654897,-50920.79544165542,18693.29936065316,-32227.49608100226,293.95138100600656,52.543816512126014,1.2912588264875922,41.5
1022500,2044.999999965466,-50839.68818463481,18681.100345449282,-32158.58783918553,293.7595519823061,52.75023749629004,1.2862059029288537,41.5
1023000,2045.9999999654424,-50799.40534047346,18616.051772202867,-32183.35356827059,292.7366657828532,52.97660893451354,1.2807098871220006,41.5
1023500,2046.9999999654187,-50639.50169466485,18421.444023830656,-32218.05767083419,289.6764667626155,52.92250252451603,1.2820192472417038,41.5
1024000,2047.999999965395,-50593.874808908666,18443.025534947497,-32150.84927396117,290.01583515738616,52.595748736558185,1.2899838576015505,41.5
1024500,2048.9999999653714,-50947.013050194204,18697.16653742031,-32249.846512773893,294.01219220521574,52.818055846092015,1.284554415375121,41.5
1025000,2049.999999965348,-51114.50358931211,18812.105548859516,-32302.398040452594,295.8196035397357,52.529388700597856,1.2916134858400705,41.5
1025500,2050.999999965324,-51038.680285483904,18837.92513391511,-32200.755151568796,296.22561547682955,52.73282455938011,1.2866306217340384,41.5
1026000,2051.9999999653005,-51012.74191883142,18774.298783858103,-32238.44313497332,295.22509367985907,52.666318255016606,1.288255361236772,41.5
1026500,2052.999999965277,-50627.858507414494,18824.815754053136,-31803.04275336136,296.0194710054758,52.482880898243614,1.2927580515287185,41.5
1027000,2053.999999965253,-50211.43786052297,18481.93858449712,-31729.499276025854,290.6277412973126,53.11219991264329,1.27744034252432,41.5
1027500,2054.9999999652296,-50635.72622816084,18754.455356266968,-31881.270871893874,294.91305657866195,52.56748303533887,1.2906774859853216,41.5
1028000,2055.999999965206,-50831.42928879651,18855.73264011927,-31975.696648677244,296.50563779605716,52.403038405427964,1.294727727879219,41.5
1028500,2056.9999999651823,-50484.672497473184,18587.940672829864,-31896.73182464332,292.29461987523325,52.715259795092145,1.2870593280267568,41.5
1029000,2057.9999999651586,-50851.41710822845,18780.486618227606,-32070.930490000846,295.3223971265786,52.7492565715274,1.286229821203765,41.5
1029500,2058.999999965135,-50552.22271512359,18429.560541295345,-32122.66217382825,289.804098673477,52.55805873788338,1.2909089201143424,41.5
1030000,2059.9999999651113,-50414.90120697441,18453.98070845872,-31960.920498515694,290.18810482046996,53.21236542456516,1.2750357235069605,41.5
1030500,2060.9999999650877,-50928.022834781295,18902.82416272494,-32025.198672056355,297.2461500960286,52.613154859568155,1.2895570894716746,41.5
1031000,2061.999999965064,-50527.09676444945,18527.412447772935,-31999.684316676517,291.3428159693494,52.9432893314983,1.2815158956937276,41.5
1031500,2062.9999999650404,-50381.51520707624,18362.351606718046,-32019.163600358195,288.7472408789389,52.98907956101616,1.2804084805908282,41.5
1032000,2063.9999999650167,-50644.570985918064,18707.93662739717,-31936.634358520896,294.18155143716166,52.78091503038528,1.2854583292003974,41.5
1032500,2064.999999964993,-50646.9768896872,18619.200963461426,-32027.77592622577,292.7861866888017,52.6242530562027,1.2892851282120035,41.5
1033000,2065.9999999649694,-50696.79723134138,18698.391615985085,-31998.405615356292,294.0314565164007,52.69578837698256,1.2875349043693778,41.5
1033500,2066.999999964946,-51103.95691417689,18734.858300959706,-32369.098613217182,294.6048936717251,52.27660629061798,1.297859055185144,41.5
1034000,2067.999999964922,-50935.819696255174,18492.34091263577,-32443.478783619405,290.7913174891362,52.860577420465816,1.2835211070236794,41.5
1034500,2068.9999999648985,-50931.45645695126,18440.61996899042,-32490.836487960838,289.97800772941093,52.68227960344693,1.2878650536638516,41.5
1035000,2069.999999964875,-50915.234811825794,18393.66236935195,-32521.572442473844,289.23960136271523,52.6616869661883,1.2883686557969392,41.5
1035500,2070.999999964851,-50930.904856819856,18443.020931046853,-32487.883925773003,290.0157627612336,52.57627004821219,1.290461776508893,41.5
1036000,2071.9999999648276,-50832.93885349578,18274.98016218254,-32557.958691313244,287.37332842580815,52.79247883429187,1.2851767590150758,41.5
1036500,2072.999999964804,-51025.62115681367,18263.58649525651,-32762.03466155716,287.1941634714033,52.279043848056524,1.2977985413394177,41.5
1037000,2073.9999999647803,-50935.50253363965,18210.888941692836,-32724.613591946814,286.3654965599705,52.69112758446814,1.287648793240606,41.5
1037500,2074.9999999647566,-51102.392276885344,18321.138328075976,-32781.25394880937,288.0991637289992,52.670880932762714,1.2881437645829106,41.5
1038000,2075.999999964733,-50965.52021401553,18329.52432177798,-32635.99589223755,288.23103314285987,52.59334321785159,1.290042858990525,41.5
1038500,2076.9999999647093,-50816.43690007545,18386.80388690701,-32429.63301316844,289.13175200196844,52.72130623688108,1.2869117192161774,41.5
1039000,2077.9999999646857,-51152.70126071321,18669.134836839778,-32483.566423873435,293.5713948404157,53.11800956940133,1.2773006255059474,41.5
1039500,2078.999999964662,-50951.80114291356,18346.313797909446,-32605.487345004112,288.49504698011754,52.54067639055795,1.2913359992605666,41.5
1040000,2079.9999999646384,-50850.931210151604,18410.4557709891,-32440.475439162503,289.50367692839194,52.73102048010448,1.286674641053576,41.5
1040500,2080.9999999646147,-50799.746486876895,18380.513856420992,-32419.232630455903,289.0328415254248,52.777632143775435,1.285538287579829,41.5
1041000,2081.999999964591,-50868.574504164615,18468.633545449735,-32399.94095871488,290.4185200931334,52.63852487803303,1.2889355658395591,41.5
1041500,2082.9999999645675,-50722.18074283655,18308.71759508348,-32413.46314775307,287.90384820198545,52.73876832583692,1.286485615846064,41.5
1042000,2083.999999964544,-50841.20629033141,18406.114275175634,-32435.092015155773,289.43540708124624,52.78280285928228,1.2854123535180106,41.5
1042500,2084.99999996452,-50729.24486202009,18551.111139596658,-32178.13372242343,291.7154769456285,52.89735252212051,1.2826287822297877,41.5
1043000,2085.9999999644965,-50742.350839906416,18562.772367855872,-32179.578472050543,291.8988492912422,53.02485854827663,1.279544513765277,41.5
1043500,2086.999999964473,-50734.099303622126,18581.693729715524,-32152.405573906603,292.19638694587724,52.78385870824681,1.2853866410874366,41.5
1044000,2087.999999964449,-50761.53238303881,18711.49529408753,-32050.037088951278,294.237511327815,52.983149931188045,1.2805517780038462,41.5
1044500,2088.9999999644256,-50829.3069307729,18715.19058184373,-32114.116348929172,294.2956195792367,52.93885345611984,1.2816232770296971,41.5
1045000,2089.999999964402,-50928.17318476408,18807.143152775574,-32121.030031988503,295.741570060796,53.11264141982631,1.2774297236006131,41.5
1045500,2090.9999999643783,-50885.93457302226,18734.496441687763,-32151.4381313345,294.59920344921994,52.963347346208565,1.281030566386287,41.5
1046000,2091.9999999643546,-50809.912760400155,18612.34192462221,-32197.570835777944,292.6783285787772,52.840173809697774,1.284016723581918,41.5
1046500,2092.999999964331,-51091.072114767354,18918.69269969783,-32172.379415069525,297.49568220203787,52.95199126213589,1.2813052962021976,41.5
1047000,2093.9999999643073,-50729.22644897646,18492.823701104775,-32236.40274787168,290.79890931840396,52.90066926510903,1.2825483645322528,41.5
1047500,2094.9999999642837,-50562.0537659022,18539.949109128953,-32022.10465677325,291.53995446521935,53.10117792208216,1.2777054955011218,41.5
1048000,2095.99999996426,-50471.309089709895,18541.191235538667,-31930.11785417123,291.5594868530806,52.47443624297952,1.292966093708238,41.5
1048500,2096.9999999642364,-50662.40770872752,18607.880749930577,-32054.526958796945,292.6081767860833,52.7408149685377,1.2864356929088305,41.5
1049000,2097.9999999642127,-50969.74172131756,18820.867577279343,-32148.874144038215,295.9573860844182,52.62644484676291,1.2892314319575506,41.4
1049500,2098.999999964189,-50396.706774566745,18440.54483333365,-31956.161941233095,289.9768262242286,52.77680605422154,1.2855584094824202,41.5
1050000,2099.9999999641655,-50466.31152783106,18533.533939426532,-31932.777588404526,291.4390761795282,52.77930596421539,1.2854975185658606,41.5
1050500,2100.999999964142,-50682.18152120777,18561.408266612056,-32120.773254595715,291.8773988540179,52.868542490006824,1.2833277342845555,41.5
1051000,2101.999999964118,-50666.29984922318,18339.06128402905,-32327.23856519413,288.3810014908875,52.37393493013435,1.2954471902700164,41.5
1051500,2102.9999999640945,-50872.21308407323,18818.25821916746,-32053.95486490577,295.91635403300074,52.4878640140107,1.2926353190999824,41.5
1052000,2103.999999964071,-50903.952158201195,18837.681229882764,-32066.27092831843,296.2217800957255,52.64936597426944,1.2886701595188328,41.5
1052500,2104.999999964047,-50389.54338033368,18234.198705541225,-32155.344674792454,286.7320416594718,52.80296270419264,1.2849215910235279,41.5
1053000,2105.9999999640236,-50948.57606498615,18723.791475210714,-32224.784589775434,294.43086828169055,52.406615710181896,1.2946393490439667,41.5
1053500,2106.999999964,-50327.898432581766,18097.846302967693,-32230.052129614072,284.5879056101481,53.01254560278566,1.2798417068480108,41.5
1054000,2107.9999999639763,-50762.30402937099,18460.66237005509,-32301.6416593159,290.29317368048095,52.965123237264955,1.280987614145515,41.5
1054500,2108.9999999639526,-50741.379128377244,18387.573491203973,-32353.80563717327,289.14385399860134,52.70355352570195,1.2873452036880193,41.5
1055000,2109.999999963929,-50896.665945629255,18504.610091031514,-32392.05585459774,290.9842498262082,52.547578590063615,1.2911663804325464,41.5
1055500,2110.9999999639053,-50797.591732422465,18463.420548411712,-32334.171184010753,290.33654592426456,52.85211214397713,1.2837266874746638,41.5
1056000,2111.9999999638817,-50858.15644058778,18490.133607500346,-32368.022833087434,290.7566077046117,52.55297102800173,1.291033894401061,41.5
1056500,2112.999999963858,-50974.03944755547,18708.785767677375,-32265.253679878097,294.1949041339339,52.63849057966582,1.2889364056885908,41.5
1057000,2113.9999999638344,-50734.61172637256,18541.29822603998,-32193.31350033258,291.5611692744129,52.76840469596979,1.2857630856861795,41.5
1057500,2114.9999999638108,-50967.644065916014,18678.40266478266,-32289.241401133353,293.7171310622659,53.074673051769544,1.2783435666659304,41.5
1058000,2115.999999963787,-50779.937817033126,18437.31700820027,-32342.620808832857,289.9260688037595,53.06771292519161,1.2785112285556866,41.5
1058500,2116.9999999637635,-50749.34744675739,18237.067492253263,-32512.279954504127,286.77715321519804,53.05365302435933,1.278850050485219,41.5
1059000,2117.99999996374,-50671.23659193295,18238.0770332245,-32433.159558708452,286.79302820638884,53.02402919682742,1.2795645271839646,41.5
1059500,2118.999999963716,-50667.158414424026,18373.623855516915,-32293.53455890711,288.92449653817505,53.014779052936674,1.279787788625498,41.5
1060000,2119.9999999636925,-50796.83779445134,18481.949652271294,-32314.888142180047,290.6279153376166,52.83569612215005,1.2841255406528802,41.5
1060500,2120.999999963669,-50940.20815920315,18637.15537586964,-32303.052783333515,293.0685191021826,53.07072847253123,1.2784385818963149,41.5
1061000,2121.999999963645,-50589.880497571976,18297.335336376265,-32292.54516119571,287.72486264136285,53.15009028847603,1.2765296630801377,41.5
1061500,2122.9999999636216,-50930.93174468684,18535.149840992824,-32395.781903694013,291.46448616670153,52.79684745919823,1.2850704182870076,41.5
1062000,2123.999999963598,-50790.00605305122,18468.527663089895,-32321.478389961325,290.41685509728126,52.831375468554285,1.2842305589603804,41.5
1062500,2124.9999999635743,-50906.67365647282,18481.209115474012,-32425.464540998808,290.6162704262477,53.02266732988641,1.2795973923096968,41.5
1063000,2125.9999999635506,-51005.25984112452,18323.478869175626,-32681.780971948894,288.1359686437052,52.76254919455471,1.2859057775705296,41.5
1063500,2126.999999963527,-50927.50072612754,18290.986209174596,-32636.514516952942,287.6250228713412,52.81773090345453,1.2845623181474015,41.4
1064000,2127.9999999635033,-50771.004019706954,18228.66139965634,-32542.342620050615,286.6449677470227,53.04291548918159,1.2791089294943663,41.5
1064500,2128.9999999634797,-50923.45925385924,18487.602255927348,-32435.856997931893,290.71680230288257,53.182950995583255,1.275740920323542,41.5
1065000,2129.999999963456,-50871.23147036839,18366.940704969355,-32504.290765399033,288.81940426446647,53.27130482931383,1.2736250231905788,41.5
1065500,2130.9999999634324,-50765.90463551764,18336.399334059886,-32429.505301457753,288.33914243462857,52.85876035835051,1.2835652290871176,41.5
1066000,2131.9999999634088,-50869.18410305387,18426.841613783377,-32442.342489270493,289.7613436476477,53.05741031321501,1.278759488035706,41.5
1066500,2132.999999963385,-50933.361039571304,18548.359049232648,-32385.001990338656,291.672200435284,52.75534720200447,1.286081325345714,41.5
1067000,2133.9999999633615,-50823.36287584524,18396.795987627353,-32426.566888217887,289.28887738412953,53.00316488545312,1.2800682184781802,41.5
1067500,2134.999999963338,-50786.56835874443,18563.964066033823,-32222.604292710606,291.91758869718615,52.659533386449546,1.288421345299765,41.5
1068000,2135.999999963314,-50945.57290516059,18652.7163221699,-32292.856582990687,293.3132143572295,52.797534067302436,1.2850537065261414,41.5
1068500,2136.9999999632905,-50879.183512572454,18595.360607699018,-32283.822904873436,292.4112980527814,52.95616092613687,1.2812044087421854,41.5
1069000,2137.999999963267,-50820.95682187264,18631.06114364085,-32189.89567823179,292.97268754536316,52.84681515067968,1.2838553592146718,41.5
1069500,2138.999999963243,-50688.3071571191,18508.673127778562,-32179.63402934054,291.0481409157281,52.83503490265552,1.2841416112174677,41.5
1070000,2139.9999999632196,-50814.322672566,18680.711514905874,-32133.611157660125,293.7534376376414,53.23607490428811,1.274467867336368,41.5
1070500,2140.999999963196,-50641.96242910336,18385.08382788863,-32256.878601214732,289.10470414304797,52.68174429604422,1.2878781398610937,41.5
1071000,2141.9999999631723,-51091.70951871107,18386.30966429963,-32705.399854411437,289.12398037133437,52.71246740883355,1.2871275086101797,41.5
1071500,2142.9999999631486,-50925.92224502999,18283.811955175668,-32642.110289854325,287.5122080156014,53.34593003931639,1.271843358970833,41.5
1072000,2143.999999963125,-51045.8722767924,18600.01918451031,-32445.853092282086,292.48455398587174,52.85794598446284,1.283585004770531,41.5
1072500,2144.9999999631013,-50935.45524117627,18402.546600264293,-32532.908640911977,289.3793055366802,53.15897094409093,1.276316408005431,41.5
1073000,2145.9999999630777,-50984.01654694353,18706.938815004803,-32277.077731938727,294.1658608774022,52.30923094234237,1.297049595766606,41.5
1073500,2146.999999963054,-50812.954406471,18295.404166654283,-32517.550239816715,287.69449507511456,53.17065604003376,1.276035917208595,41.5
1074000,2147.9999999630304,-50895.16537155999,18274.813798693365,-32620.351572866624,287.3707123666284,53.20715576473915,1.275160565782215,41.5
1074500,2148.9999999630068,-50888.950805586006,18230.857397905558,-32658.093407680448,286.6794997312161,53.069210486060626,1.2784751502276137,41.5
1075000,2149.999999962983,-51053.736731357094,18501.74772156171,-32551.989009795383,290.9392391813582,52.61229847333908,1.2895780799808345,41.5
1075500,2150.9999999629595,-50714.448439918466,18201.786342281473,-32512.662097636992,286.22235855013656,52.77226408343799,1.2856690541333144,41.5
1076000,2151.999999962936,-50805.575108613906,18299.712091137873,-32505.863017476033,287.7622370144474,52.713637443375205,1.2870989394634154,41.5
1076500,2152.999999962912,-50999.309711998634,18394.41638081398,-32604.893331184656,289.2514581626456,52.98938865786338,1.2804010117327318,41.5
1077000,2153.9999999628885,-50752.380337885836,18168.922635444927,-32583.457702440908,285.7055780811995,53.00175999306188,1.2801021486363606,41.5
1077500,2154.999999962865,-51055.66703505949,18476.960445793047,-32578.70658926644,290.54946026630415,52.739819586591324,1.2864599723787626,41.5
1078000,2155.9999999628412,-50830.847285036674,18205.362414683757,-32625.484870352917,286.2785921449102,52.945429424467676,1.2814640958842192,41.4
1078500,2156.9999999628176,-50876.77394141901,18219.695266993294,-32657.078674425713,286.50397567132023,53.02373151083913,1.2795717109188698,41.5
1079000,2157.999999962794,-50553.45870802976,18164.44988412656,-32389.008823903197,285.63524424651547,53.36675046960989,1.271347163760019,41.5
1079500,2158.9999999627703,-50875.88020569245,18405.46363205985,-32470.416573632596,289.4251757444054,52.898788314153,1.28259396880126,41.5
1080000,2159.9999999627466,-50758.568744754935,18139.457770142893,-32619.110974612042,285.2422442587647,53.203519782267854,1.275247711547838,41.5
1080500,2160.999999962723,-50906.21313893985,18190.124612660045,-32716.088526279804,286.0389783206222,53.289065373450896,1.2732005407328753,41.5
1081000,2161.9999999626993,-50915.1292435621,18530.032781915696,-32385.096461646404,291.3840206184111,52.784331694590186,1.2853751230799582,41.5
1081500,2162.9999999626757,-50802.69773386232,18391.693344177624,-32411.004389684695,289.2086385210006,52.904884641135666,1.2824461731435841,41.5
1082000,2163.999999962652,-51026.79198035678,18515.346408371697,-32511.44557198508,291.1530779848001,52.93292729220865,1.2817667625688611,41.5
1082500,2164.9999999626284,-50946.15518037015,18331.151824340603,-32615.00335602955,288.25662555523417,52.55940509428765,1.290875852322026,41.5
1083000,2165.9999999626048,-50853.539597316,18617.0518213521,-32236.4877759639,292.75239151552455,52.811153388322595,1.2847223076106766,41.5
1083500,2166.999999962581,-50848.59830322533,18729.692303791413,-32118.905999433915,294.5236585739184,52.99932138157026,1.2801610488586415,41.5
1084000,2167.9999999625575,-50798.84684130253,18755.347155414733,-32043.4996858878,294.9270800844117,53.093685056743645,1.277885812147251,41.5
1084500,2168.999999962534,-50672.87219574385,18427.985953845564,-32244.886241898283,289.779338349125,53.08151222541425,1.27817886122964,41.5
1085000,2169.99999996251,-50664.906510859146,18366.83339159223,-32298.073119266915,288.817716765925,53.01652007380596,1.279745761399925,41.5
1085500,2170.9999999624865,-50447.76449128761,18420.43438183044,-32027.330109457173,289.6605901827481,53.27317633158775,1.2735802803708116,41.5
1086000,2171.999999962463,-50939.326439528646,18850.48848304522,-32088.837956483425,296.4231736368743,52.89895266418491,1.2825899839518615,41.5
1086500,2172.9999999624392,-50744.91687318533,18632.13688676165,-32112.779986423677,292.9896035626946,53.42409165107687,1.2699826005794075,41.5
1087000,2173.9999999624156,-50845.38443748529,18475.819351276365,-32369.565086208928,290.53151660089947,52.93423565966015,1.281735081334748,41.5
1087500,2174.999999962392,-50785.48994083972,18519.383502453195,-32266.106438386523,291.216561126947,53.25011022979765,1.2741319511984988,41.5
1088000,2175.9999999623683,-50681.99436817233,18347.88551314955,-32334.10885502278,288.51976213908773,53.00468688796407,1.280031461973103,41.5
1088500,2176.9999999623446,-50788.14608495795,18553.3134206365,-32234.832664321453,291.75010772645186,52.659369646033014,1.2884253515506785,41.5
1089000,2177.999999962321,-50992.35126695295,18661.003465781716,-32331.347801171236,293.4435293573956,52.88741483155674,1.2828697917022032,41.5
1089500,2178.9999999622974,-50642.61876891986,18310.972983385946,-32331.645785533918,287.93931409237877,53.149848760556814,1.2765354639913449,41.5
1090000,2179.9999999622737,-51019.55707709797,18757.561792205845,-32261.995284892124,294.9619051589271,53.11704759344691,1.2773237580508452,41.5
1090500,2180.99999996225,-50903.00831249,18594.094846890068,-32308.91346559993,292.3913940149422,52.96744740491609,1.280931405471694,41.5
1091000,2181.9999999622264,-50601.96839204258,18568.074667985547,-32033.893724057034,291.98222774763747,52.805828765328,1.2848518513012257,41.5
1091500,2182.9999999622028,-50533.19538676497,18502.846488998006,-32030.348897766966,290.9565172551252,53.11282987344731,1.2774251910562628,41.5
1092000,2183.999999962179,-50700.57708213926,18610.528190084893,-32090.048892054365,292.6498076760871,52.78487676178207,1.2853618500394242,41.5
1092500,2184.9999999621555,-50950.19980084215,18885.93730199297,-32064.26249884918,296.9806048898427,52.27899555514124,1.2977997401856147,41.4
1093000,2185.999999962132,-50482.35367138215,18588.554242569764,-31893.79942881239,292.30426823472874,52.907761533260384,1.2823764393429287,41.5
1093500,2186.999999962108,-50476.30041088738,18734.345715208146,-31741.954695679233,294.5968332813869,52.887998995296556,1.282855622022324,41.5
1094000,2187.9999999620845,-50357.25187645839,18670.409773711814,-31686.842102746574,293.59144317147803,52.73120241273477,1.2866702017824985,41.5
1094500,2188.999999962061,-50656.235125517895,18959.61697840006,-31696.618147117835,298.13921483954095,52.83589012879666,1.284120825507751,41.5
1095000,2189.9999999620372,-50623.61393783501,18846.96617873857,-31776.647759096442,296.36778554324314,52.45376427423388,1.2934756501728335,41.5
1095500,2190.9999999620136,-50649.277892440245,18642.43400099937,-32006.843891440876,293.1515252701555,53.09531432489643,1.2778465992961152,41.5
1096000,2191.99999996199,-50476.27633037985,18789.44124150776,-31686.83508887209,295.4632082176977,52.569767921667726,1.2906213881279542,41.5
1096500,2192.9999999619663,-50840.83001449887,19003.428461762716,-31837.40155273615,298.82814865426826,53.021225136547024,1.279632197745285,41.5
1097000,2193.9999999619426,-50745.52309114384,18824.372483635056,-31921.150607508785,296.0125005959702,52.929214448905505,1.2818566750905218,41.5
1097500,2194.999999961919,-50634.27542416921,18776.06981048656,-31858.20561368265,295.25294300239915,53.021262903980464,1.2796312862539092,41.5
1098000,2195.9999999618954,-50382.46797344051,18679.801589036353,-31702.666384404154,293.7391290899207,53.12759909526662,1.2770700728818003,41.5
1098500,2196.9999999618717,-50282.983814054605,18430.135948749063,-31852.847865305543,289.8131469325562,53.2089961371043,1.2751164610172923,41.5
1099000,2197.999999961848,-50791.71261269973,18747.519020023137,-32044.193592676595,294.80398297005723,52.92828367075023,1.2818792173705393,41.5
1099500,2198.9999999618244,-50280.80167050181,18182.486681673363,-32098.314988828446,285.91887216288904,52.96058684120457,1.281097338518163,41.5
1100000,2199.9999999618008,-50451.68857910751,18330.9603539834,-32120.728225124112,288.2536146915639,52.74612807008966,1.2863061106299678,41.5
1100500,2200.999999961777,-50651.48380130165,18573.132717618355,-32078.351083683294,292.061765374788,52.76808471004152,1.2857708825599294,41.5
1101000,2201.9999999617535,-50645.64753424611,18804.538937892652,-31841.10859635346,295.7006188864473,53.02877430553453,1.2794500294823155,41.4
1101500,2202.99999996173,-50438.34307835751,18622.38537600128,-31815.95770235623,292.8362614479826,53.00536009538719,1.2800152046232711,41.5
1102000,2203.999999961706,-50413.1428360836,18645.62581119589,-31767.51702488771,293.20171635719015,53.261537253878096,1.273858591899487,41.5
1102500,2204.9999999616825,-50364.78247334341,18597.12237810794,-31767.66009523547,292.43900182164134,53.29189079090388,1.2731330384736093,41.5
1103000,2205.999999961659,-50678.11081618913,18844.16510472155,-31833.945711467582,296.3237387669241,53.11652075801296,1.27733642716785,41.5
1103500,2206.9999999616352,-50467.82889641455,18535.7842089657,-31932.044687448848,291.4744615775744,52.840015503673754,1.2840205704313246,41.5
1104000,2207.9999999616116,-50768.94434383375,18624.724043232753,-32144.220300600995,292.873036896187,53.13766564066233,1.2768281412179388,41.5
1104500,2208.999999961588,-50745.41844526637,18786.965991375455,-31958.452453890914,295.42428500886825,52.67542446467918,1.2880326554202057,41.5
1105000,2209.9999999615643,-50286.37089193778,18234.922663828733,-32051.44822810905,286.7434258744409,52.838105011237026,1.2840669973724097,41.5
1105500,2210.9999999615407,-50673.563739629164,18691.869476698805,-31981.69426293036,293.9288961383033,53.360680942940505,1.2714917735247397,41.5
1106000,2211.999999961517,-50557.88456053051,18565.73993967088,-31992.14462085963,291.9455142387417,52.698855833983735,1.2874599604660584,41.5
1106500,2212.9999999614934,-50884.88384540114,18678.903905454496,-32205.979939946646,293.7250130516814,52.67887013143959,1.2879484066256508,41.5
1107000,2213.9999999614697,-50831.0733651131,18714.94244973331,-32116.130915379792,294.2917177117749,52.874117037650635,1.2831924323258994,41.5
1107500,2214.999999961446,-50579.61286680272,18514.154950664888,-32065.457916137835,291.13434236025523,53.00501775317584,1.2800234718261567,41.5
1108000,2215.9999999614224,-50715.07870719388,18505.207342536072,-32209.87136465781,290.99364158210886,53.29992270707342,1.2729411864535998,41.5
1108500,2216.9999999613988,-50665.58992467112,18490.504164145947,-32175.085760525173,290.76243469296804,52.801457818845655,1.2849582123547225,41.5
1109000,2217.999999961375,-50686.131990314745,18539.823396591037,-32146.30859372371,291.5379776406141,53.09635532963106,1.2778215458936406,41.5
1109500,2218.9999999613515,-50495.818648228225,18248.720224425808,-32247.098423802418,286.9603919601904,52.96344789488777,1.2810281344084498,41.5
1110000,2219.999999961328,-50950.27992426892,18774.405304224365,-32175.874620044557,295.2267687083365,52.6847018368729,1.2878058427416605,41.5
1110500,2220.999999961304,-50629.673186565706,18321.27922814631,-32308.393958419394,288.1013793769412,53.134134968305524,1.2769129842632856,41.5
1111000,2221.9999999612805,-50952.86046842602,18674.431463763893,-32278.429004662128,293.65468408588157,52.86331210922061,1.283454708786455,41.5
1111500,2222.999999961257,-50559.81987171941,18304.904576577967,-32254.915295141443,287.8438886392634,53.01216805338441,1.2798508218019518,41.5
1112000,2223.9999999612332,-50629.726274838635,18592.80537595855,-32036.920898880086,292.3711171363787,53.05433487522739,1.27883361478738,41.5
1112500,2224.9999999612096,-50498.24560460235,18567.0541384678,-31931.19146613455,291.9661799619946,52.87680639162695,1.2831271681977165,41.5
1113000,2225.999999961186,-50570.5873151569,18841.298066337695,-31729.28924881921,296.2786547035883,53.26072627906634,1.27387798831602,41.5
1113500,2226.9999999611623,-50700.14693779081,18764.445076070668,-31935.70186172014,295.07014452100464,53.18758071173138,1.2756298733787363,41.5
1114000,2227.9999999611387,-50741.317575766705,19019.40375817049,-31721.913817596214,299.07935954809955,53.182033862025705,1.2757629207008083,41.5
1114500,2228.999999961115,-50846.21659098038,18983.23973722961,-31862.97685375077,298.51068177253916,52.97682878260679,1.280704572314883,41.5
1115000,2229.9999999610914,-50554.17982337556,18702.03915638496,-31852.140666990603,294.0888139425635,53.23338501383702,1.2745322663774146,41.5
1115500,2230.9999999610677,-50686.4020373413,18776.265892842213,-31910.136144499087,295.25602638955957,53.02283300028462,1.2795933941942146,41.4
1116000,2231.999999961044,-50187.92590972913,18421.662328578128,-31766.263581151,289.679899595994,53.23557326709058,1.2744798766085534,41.5
1116500,2232.9999999610204,-50561.035634081396,18570.82802293732,-31990.207611144077,292.02552414357376,53.01844403061534,1.2796993214181989,41.5
1117000,2233.999999960997,-50674.14446458833,18589.005050245472,-32085.13941434286,292.3113571673075,52.90495115216119,1.2824445608784123,41.5
1117500,2234.999999960973,-50727.36033400805,18638.47745716035,-32088.882876847703,293.08930877733354,53.05331704706107,1.2788581492169995,41.5
1118000,2235.9999999609495,-50449.45919076459,18563.799002066997,-31885.66018869759,291.9149930729431,52.934621607191005,1.2817257361750993,41.5
1118500,2236.999999960926,-50413.761359086886,18561.2581771505,-31852.503181936387,291.8750387032683,53.04863309512642,1.278971066548751,41.5
1119000,2237.999999960902,-50548.41058385023,18731.85032294516,-31816.56026090507,294.55759333836215,52.95435795270738,1.2812480307894731,41.5
1119500,2238.9999999608785,-50625.1772850366,18661.539985677773,-31963.63729935883,293.4519661111938,52.88707203825862,1.282878106762009,41.5
1120000,2239.999999960855,-50873.07656596965,18610.16425246607,-32262.912313503577,292.6440847716608,52.619460714583155,1.289402550448862,41.5
1120500,2240.9999999608312,-50692.44466444416,18347.952399893016,-32344.492264551147,288.52081393044006,53.39255909241296,1.2707326264544663,41.5
1121000,2241.9999999608076,-50722.88757074328,18394.175344004616,-32328.712226738666,289.2476678685076,52.93331885715626,1.2817572809239153,41.5
1121500,2242.999999960784,-50992.48697998456,18791.521809409867,-32200.965170574695,295.4959250643229,52.86010389834776,1.2835326048375002,41.5
1122000,2243.9999999607603,-50831.7759788979,18665.831872779265,-32165.944106118637,293.5194558633379,52.85440471838406,1.283671005474935,41.5
1122500,2244.9999999607367,-50725.413776148234,18486.526583920662,-32238.887192227572,290.6998874038177,52.639583785221696,1.2889096373834763,41.5
1123000,2245.999999960713,-51081.788058677135,18964.237372909265,-32117.55068576787,298.2118703574659,52.59412723802262,1.2900236283334905,41.5
1123500,2246.9999999606894,-50461.86398705908,18655.196670058955,-31806.667317000123,293.3522177280789,52.79403557120947,1.2851388630276834,41.5
1124000,2247.9999999606657,-50716.93956206335,18904.665382726213,-31812.27417933714,297.27510320653454,53.22765441000542,1.2746694852642915,41.5
1124500,2248.999999960642,-50677.101626960364,18818.160805803724,-31858.94082115664,295.9148222117719,52.91628590915802,1.2821698591073087,41.5
1125000,2249.9999999606184,-50496.76581323572,18409.041538977435,-32087.724274258282,289.4814381868583,52.73201093088927,1.2866504737994642,41.5
1125500,2250.999999960595,-50813.76844327487,18594.173334167317,-32219.595109107555,292.3926282242218,52.798558289777795,1.2850287781771312,41.5
1126000,2251.999999960571,-50427.76490744932,18244.384014901145,-32183.38089254817,286.89220523972364,52.81602781134702,1.284603739814958,41.5
1126500,2252.9999999605475,-50574.45611915115,18506.941397611714,-32067.51472153944,291.02090952846714,52.81059163125865,1.2847359734646127,41.5
1127000,2253.999999960524,-50982.90753380004,18592.02435887671,-32390.88317492333,292.35883567416244,53.04052518180467,1.279166573409082,41.5
1127500,2254.9999999605,-50963.05148015036,18526.175400110606,-32436.876080039754,291.32336344458656,52.72288146522034,1.2868732695003446,41.5
1128000,2255.9999999604765,-50736.853509310604,18241.27840187031,-32495.575107440294,286.8433695996544,53.08135835642139,1.2781825663362947,41.5
1128500,2256.999999960453,-50904.112435607334,18235.458668360276,-32668.65376724706,286.7518545241529,52.68999593327478,1.287676448761691,41.5
1129000,2257.9999999604292,-50751.444447723785,18401.06075215918,-32350.383695564604,289.35594063495597,53.06595777329388,1.2785535152024037,41.5
1129500,2258.9999999604056,-50880.280767235454,18483.692419081868,-32396.588348153586,290.6553202756565,52.89512514012397,1.2826827929585685,41.5
1130000,2259.999999960382,-50926.22530434384,18621.468962662362,-32304.756341681477,292.8218508850665,52.848403389854305,1.2838167758470527,41.4
1130500,2260.9999999603583,-50925.5960049324,18651.51736664821,-32274.078638284187,293.294360829847,53.323701950967966,1.2723735293362466,41.5
1131000,2261.9999999603347,-50456.877771119805,18284.714353106334,-32172.16341801347,287.52639818678614,53.04311229578811,1.2791041835984924,41.5
1131500,2262.999999960311,-50720.805483616896,18446.334086730738,-32274.471396886158,290.0678620011792,52.923222159615435,1.2820018147043264,41.5
1132000,2263.9999999602874,-50782.83602134753,18532.575982167018,-32250.260039180514,291.4240123401307,52.81013429263349,1.2847470993477725,41.5
1132500,2264.9999999602637,-50729.58751404941,18292.0399846001,-32437.54752944931,287.64159344754717,53.0736482777725,1.2783682495978355,41.5
1133000,2265.99999996024,-50660.334658028376,18365.76477521441,-32294.569882813965,288.80091281634043,52.70456065341141,1.2873206038998757,41.5
1133500,2266.9999999602164,-50634.64630431179,18367.08359371008,-32267.562710601713,288.82165118417043,53.2382317560713,1.274416234549147,41.5
1134000,2267.999999960193,-50865.16530721646,18629.766629366415,-32235.398677850048,292.95233136043504,53.04150791056569,1.2791428735967776,41.5
1134500,2268.999999960169,-50415.97773765899,18189.320402774476,-32226.657334884516,286.02633215249955,53.09846966549258,1.2777706641274407,41.5
1135000,2269.9999999601455,-50700.5533593763,18347.361527214118,-32353.191832162185,288.51152248131643,52.72904247508314,1.2867229076023579,41.5
1135500,2270.999999960122,-50807.795958700706,18384.126029382074,-32423.669929318632,289.0896428000343,52.691016696132145,1.287651503099724,41.5
1136000,2271.999999960098,-50661.955822999065,18255.095668287693,-32406.860154711372,287.0606455586361,52.75470953317659,1.2860968707629583,41.5
1136500,2272.9999999600745,-50683.87139986083,18367.132717756434,-32316.738682104395,288.8224236578247,52.80243265620734,1.284934489484192,41.5
1137000,2273.999999960051,-50665.10520847798,18555.150127367397,-32109.955081110584,291.7789898659626,52.90093856130718,1.2825418356235436,41.5
1137500,2274.9999999600273,-50570.47588017983,18496.107810178328,-32074.368070001503,290.8505518015698,52.6032662843059,1.2897995056415241,41.5
1138000,2275.9999999600036,-50480.71088220448,18459.339204872165,-32021.371677332318,290.27236696116853,52.65069991545561,1.2886375101864604,41.5
1138500,2276.99999995998,-50701.92602873506,18521.288309588526,-32180.637719146536,291.24651414257994,52.92036892419208,1.2820709346493473,41.5
1139000,2277.9999999599563,-50694.2783358547,18620.352467647637,-32073.925868207065,292.80429404584123,52.877099167800615,1.2831200636275237,41.5
1139500,2278.9999999599327,-50734.07553484488,18613.468794931126,-32120.606739913754,292.6960485690866,52.72465086468231,1.2868300830053494,41.5
1140000,2279.999999959909,-50467.52814829485,18351.212840410743,-32116.315307884106,288.5720842265169,52.849856708843,1.2837814721506091,41.5
1140500,2280.9999999598854,-50844.22096446466,18569.921395301906,-32274.29956916275,292.0112674604518,52.68852106919129,1.2877124935719626,41.5
1141000,2281.9999999598617,-51114.66733156524,18950.744239674994,-32163.923091890243,297.999691379759,52.56951867347534,1.2906275073593294,41.5
1141500,2282.999999959838,-50523.15309786825,18329.823554444178,-32193.32954342407,288.2357385645072,53.135557429997526,1.2768788007543137,41.5
1142000,2283.9999999598144,-50961.461879864226,18779.13348259731,-32182.328397266916,295.301119123186,52.954679641849225,1.28124024746263,41.5
1142500,2284.999999959791,-50684.11500309697,18643.58106352904,-32040.533939567933,293.1695627823245,53.29227797971196,1.2731237886745317,41.5
1143000,2285.999999959767,-50715.54777029535,18763.39783251271,-31952.14993778264,295.0536766581532,53.170546654388424,1.2760385423464027,41.5
1143500,2286.9999999597435,-50421.22124321092,18391.339721316803,-32029.88152189412,289.2030778157292,52.442110022990605,1.2937631002811063,41.5
1144000,2287.99999995972,-50692.411722239965,18744.867812681274,-31947.54390955869,294.7622928411806,52.521241066416025,1.291813854185777,41.5
1144500,2288.999999959696,-50612.64559532617,18470.30606925193,-32142.33952607424,290.4448204626902,52.79545410364918,1.2851043333281533,41.5
1145000,2289.9999999596726,-50683.7602869765,18518.03958911093,-32165.720697865574,291.195428143663,52.81177160826426,1.2847072685213623,41.5
1145500,2290.999999959649,-50828.503506690286,18464.752306211078,-32363.751200479208,290.35748776212506,53.178866622739726,1.2758389028850605,41.5
1146000,2291.9999999596253,-51236.19226040833,18799.559109683367,-32436.633150724963,295.6223112880372,53.201734295900344,1.275290509727903,41.5
1146500,2292.9999999596016,-50818.18151639843,18140.206934835005,-32677.974581563423,285.254024843433,52.93346984570173,1.2817536248124215,41.5
1147000,2293.999999959578,-50896.8833045904,18208.018368976765,-32688.864935613637,286.3203569194027,52.88914676419375,1.2828277822504117,41.5
1147500,2294.9999999595543,-51125.28944912063,18450.44545631981,-32674.843992800823,290.132513122697,52.73875844811541,1.2864858567987716,41.5
1148000,2295.9999999595307,-50885.98229826685,18052.18466211242,-32833.79763615443,283.86987814322265,52.93552917448363,1.2817037612865056,41.5
1148500,2296.999999959507,-51068.134240202635,18155.00518058958,-32913.12905961306,285.48672666305816,52.90310518372738,1.282489309710627,41.5
1149000,2297.9999999594834,-51293.57088929855,18281.85088468645,-33011.7200046121,287.4813702609903,52.36572094450496,1.2956503916088424,41.5
1149500,2298.9999999594597,-51588.77779057434,18517.918734162966,-33070.85905641138,291.1935277044645,52.70187932311634,1.287386099320135,41.5
1150000,2299.999999959436,-51483.8898499529,18449.945529385186,-33033.944320567716,290.1246517917463,52.685644833574926,1.2877827928830814,41.5
1150500,2300.9999999594124,-50795.099976540005,17873.110678419005,-32921.989298121,281.05394694812696,52.40538169371341,1.2946698345823948,41.4
1151000,2301.999999959389,-50942.82127980952,18087.217779392857,-32855.60350041666,284.4207725041831,52.51268832277443,1.2920242519597327,41.5
1151500,2302.999999959365,-51088.39893917576,18094.976773474402,-32993.422165701355,284.5427823742165,53.034433256158515,1.279313507903821,41.5
1152000,2303.9999999593415,-51265.02140996268,18285.93686872178,-32979.0845412409,287.5456221956959,52.4451144908749,1.2936889833738898,41.5
1152500,2304.999999959318,-51100.411532139886,18181.429942558636,-32918.98158958125,285.90225498278915,52.6565301482944,1.2884948297495227,41.5
1153000,2305.999999959294,-50883.42918900187,18227.12537620266,-32656.30381279921,286.6208138399592,52.56296997122533,1.2907883037387198,41.5
1153500,2306.9999999592706,-50839.283352900195,18268.138919801953,-32571.14443309824,287.2657501643803,53.10844356830713,1.2775306954978403,41.5
1154000,2307.999999959247,-50904.97595045288,18518.76926649765,-32386.206683955228,291.2069022912374,52.584626160924245,1.2902567119331345,41.5
1154500,2308.9999999592233,-50735.46305126267,18310.058679510905,-32425.404371751763,287.9249367006973,53.00221455377535,1.280091170148935,41.5
1155000,2309.9999999591996,-50933.065970833435,18538.241720686732,-32394.824250146703,291.51310585059963,52.76623801335915,1.2858158815765832,41.5
1155500,2310.999999959176,-50904.753965747805,18700.422554241868,-32204.331411505937,294.06339293884815,52.8167351320132,1.2845865364272295,41.5
1156000,2311.9999999591523,-50310.44680104719,18151.320988864783,-32159.125812182407,285.42879289628434,53.23314829844668,1.274537933925035,41.5
1156500,2312.9999999591287,-50913.69504082412,18662.250744473244,-32251.444296350874,293.46314276468127,52.749992761068484,1.286211870320888,41.4
1157000,2313.999999959105,-50738.23389016068,18455.541097930865,-32282.692792229813,290.2126418821943,53.38862727239567,1.2708262099053356,41.4
1157500,2314.9999999590814,-50715.2337587667,18213.70519790935,-32501.52856085735,286.40978207576626,52.951806203042764,1.2813097741834627,41.4
1158000,2315.9999999590577,-50694.950421972906,18235.373349124864,-32459.577072848042,286.7505128826058,52.45391058568164,1.2934720422379262,41.4
1158500,2316.999999959034,-50540.04675428289,18095.07411106811,-32444.972643214784,284.5443130039647,52.68355305906754,1.2878339236641467,41.4
1159000,2317.9999999590104,-50973.09861602169,18566.496108063577,-32406.602507958116,291.95740495632003,52.72969400792847,1.2867070087382944,41.4
1159500,2318.999999958987,-50993.39916980576,18664.059252451203,-32329.339917354555,293.4915814799356,53.027343245192675,1.2794845582760381,41.4
1160000,2319.999999958963,-50894.357486359164,18510.36404175738,-32383.993444601783,291.074730470073,53.08718264218961,1.2780423347368803,41.4
1160500,2320.9999999589395,-50950.20933887473,18509.849527765502,-32440.35981110923,291.06663975823335,52.978839663095016,1.2806559615138153,41.5
1161000,2321.999999958916,-50695.53254766737,18348.95218018674,-32346.580367480627,288.5365354353693,52.699068902822304,1.2874547551065674,41.5
1161500,2322.999999958892,-51099.25640296484,18694.396906867194,-32404.859496097648,293.9686398761026,52.42763622087568,1.2941202720410188,41.5
1162000,2323.9999999588686,-50887.18065876427,18716.142112416994,-32171.038546347278,294.31058235925127,53.325867912330395,1.2723218487539887,41.5
1162500,2324.999999958845,-50617.95032022625,18380.925697138064,-32237.024623088186,289.03931770414545,52.58002513832528,1.2903696160307354,41.5
1163000,2325.9999999588213,-50809.04452243185,18526.3740273055,-32282.670495126345,291.3264868492418,52.894638474888566,1.2826945944783705,41.5
1163500,2326.9999999587976,-50718.151371525215,18501.107164364512,-32217.044207160703,290.9291664451816,52.710427464899574,1.2871773216752544,41.5
1164000,2327.999999958774,-51065.08229292747,18750.32198346969,-32314.760309457783,294.8480594575796,52.890060373743204,1.2828056230071838,41.5
1164500,2328.9999999587503,-50663.374188879,18183.12600098882,-32480.24818789018,285.92892543342504,52.52079120309829,1.2918249191307833,41.5
1165000,2329.9999999587267,-50601.93223448837,18231.711645111573,-32370.220589376797,286.69293273419134,52.936751336356174,1.28167417032315,41.5
1165500,2330.999999958703,-50819.13796532155,18133.094514175245,-32686.043451146303,285.142182314466,52.57933747966764,1.2903864921246642,41.5
1166000,2331.9999999586794,-50885.391722131375,18413.576006827527,-32471.81571530385,289.5527425115228,53.16164635426273,1.276252176174128,41.5
1166500,2332.9999999586557,-50557.52435600716,18432.068654568815,-32125.455701438346,289.84353865388016,52.584928799422066,1.2902492862056112,41.5
1167000,2333.999999958632,-50831.85745345302,18421.9379228345,-32409.91953061852,289.684233304597,53.038394871021374,1.2792179517049675,41.5
1167500,2334.9999999586084,-50737.73888732123,18349.89816258876,-32387.840724732472,288.5514109706141,52.52626772486106,1.2916902301915205,41.5
1168000,2335.999999958585,-50792.267776414425,18455.078874184463,-32337.188902229962,290.2053734323628,52.81989178702569,1.2845097661728424,41.5
1168500,2336.999999958561,-50857.5363701259,18513.70352684693,-32343.832843278968,291.1272437388643,52.954736563861445,1.2812388702341186,41.5
1169000,2337.9999999585375,-51103.69641385809,18706.39818693101,-32397.29822692708,294.15735952267414,52.81431615243386,1.2846453725312614,41.5
1169500,2338.999999958514,-50550.35352097611,18242.770439390297,-32307.583081585813,286.8668318296787,52.84318466419269,1.283943563957866,41.5
1170000,2339.99999995849,-50792.57069419351,18470.847298318356,-32321.723395875157,290.45333126800324,52.784101781551726,1.2853807218206803,41.5
1170500,2340.9999999584666,-50703.55611659051,18390.225523216548,-32313.33059337396,289.1855570953917,53.19448973843552,1.2754641915402014,41.5
1171000,2341.999999958443,-50783.76301273543,18748.411755634115,-32035.351257101313,294.81802120165327,52.98113732019248,1.280600422723819,41.4
1171500,2342.9999999584193,-50519.67055416573,18408.030803515594,-32111.639750650134,289.4655444123508,53.20073526676232,1.2753144577499045,41.5
1172000,2343.9999999583956,-50826.020388763834,18518.75076531332,-32307.269623450513,291.2066113608575,52.9551344156819,1.2812292442890127,41.5
1172500,2344.999999958372,-50921.72448936544,18474.5834164841,-32447.141072881343,290.5120815759737,52.91791675349111,1.2821303447126184,41.5
1173000,2345.9999999583483,-51000.033504196814,18482.30904000761,-32517.724464189203,290.63356669532334,52.5168426680114,1.2919220463714964,41.5
1173500,2346.9999999583247,-51116.49844244104,18731.26103281935,-32385.23740962169,294.5483267748223,52.79873994209701,1.285024357078104,41.5
1174000,2347.999999958301,-50542.13469773639,18355.037804908992,-32187.096892827394,288.6322316394945,52.906848755895446,1.2823985635898774,41.5
1174500,2348.9999999582774,-50671.58413591485,18427.769957638917,-32243.81417827593,289.77594181745815,52.83037313657785,1.2842549242123737,41.5
1175000,2349.9999999582537,-50517.64849592167,18242.6213032046,-32275.02719271707,286.8644866691537,53.049984363795744,1.2789384890927549,41.5
1175500,2350.99999995823,-50514.95447111017,18412.13402078067,-32102.8204503295,289.5300673389015,52.88313902245799,1.282973516753879,41.5
1176000,2351.9999999582064,-51125.12533100104,18902.285962963164,-32222.83936803788,297.2376869264094,52.638399330241235,1.288938640078444,41.5
1176500,2352.999999958183,-50965.55386176542,18601.41342844052,-32364.140433324897,292.50647841562795,52.535107906519926,1.2914728750410904,41.5
1177000,2353.999999958159,-51129.39550001852,18552.98821377355,-32576.407286244972,291.74499386160477,52.91614378347723,1.2821733028439664,41.5
1177500,2354.9999999581355,-51137.2095762392,18623.98467681594,-32513.224899423258,292.86141038900394,52.398989507137536,1.2948277721917771,41.5
1178000,2355.999999958112,-51051.346945459234,18461.367340375306,-32589.97960508393,290.3042593104277,52.79419613581932,1.2851349544953965,41.5
1178500,2356.999999958088,-50744.065690987605,18439.739654803743,-32304.326036183862,289.9641648242127,52.489495115208626,1.2925951507003277,41.5
1179000,2357.9999999580646,-50566.435684516975,18171.551113198006,-32394.88457131897,285.74691078820615,53.15952332736329,1.2763031457376397,41.5
1179500,2358.999999958041,-50896.273959673745,18568.999218892604,-32327.27474078114,291.99676627348555,52.86604101573181,1.2833884577897026,41.5
1180000,2359.9999999580173,-50791.22145729824,18419.873976793562,-32371.34748050468,289.65177783607055,52.870228250782404,1.2832868155363628,41.5
1180500,2360.9999999579936,-50557.946014111534,18027.415410270834,-32530.5306038407,283.48038265369746,52.79664855498555,1.2850752596155157,41.5
1181000,2361.99999995797,-51253.694916874556,18841.383890860456,-32412.3110260141,296.2800042907587,52.46374177699665,1.2932296582470566,41.5
1181500,2362.9999999579463,-50614.65466156572,18272.426442005184,-32342.228219560537,287.3331712786746,53.02234840431041,1.2796050889951074,41.5
1182000,2363.9999999579227,-50732.54270399495,18525.335314962478,-32207.207389032472,291.3101531394023,52.47821798887536,1.2928729184937255,41.5
1182500,2364.999999957899,-50933.7410269442,18884.537311851185,-32049.203715093012,296.9585901011405,52.35792464487892,1.2958433190163376,41.5
1183000,2365.9999999578754,-50719.611458793945,18741.75655124835,-31977.854907545596,294.7133683802155,52.621827993772115,1.2893445445615666,41.5
1183500,2366.9999999578517,-50380.19269007741,18429.534918802485,-31950.657771274928,289.80369576080665,53.08005292051107,1.2782140015992651,41.5
1184000,2367.999999957828,-50750.1411024043,18923.99606481018,-31826.145037594117,297.57907740524297,52.27668351784933,1.2978571378855992,41.5
1184500,2368.9999999578044,-50388.8056259125,18609.996266192713,-31778.809359719788,292.64144319426504,52.97042600265841,1.280859376989382,41.5
1185000,2369.999999957781,-50495.6184114319,18851.711632277795,-31643.906779154102,296.44240760938794,52.844092772508915,1.2839214998109232,41.5
1185500,2370.999999957757,-50456.869553551835,18897.814850986106,-31559.05470256573,297.16737887030166,53.04503591349442,1.2790577983446527,41.4
1186000,2371.9999999577335,-50254.170259986284,18484.83294955331,-31769.337310432973,290.67325507147245,53.198007244927844,1.2753798565470915,41.5
1186500,2372.99999995771,-50682.80070755596,18743.68229007982,-31939.118417476137,294.74365054592886,52.707385776904914,1.2872516033294976,41.5
1187000,2373.999999957686,-50579.946817893935,18776.752725127968,-31803.194092765967,295.2636818076832,53.20998554293438,1.2750927510379022,41.5
1187500,2374.9999999576626,-50492.09134136499,18681.450557521588,-31810.640783843402,293.7650590530652,52.96132324736473,1.2810795253686038,41.5
1188000,2375.999999957639,-50855.65165096361,18934.466189221966,-31921.185461741647,297.7437196907363,53.01778714701626,1.2797151767290527,41.5
1188500,2376.9999999576153,-50582.98177011609,18429.36751219276,-32153.614257923327,289.80106329859825,52.49302820362822,1.2925081514717742,41.5
1189000,2377.9999999575916,-50741.7559414618,18493.678295216312,-32248.07764624549,290.8123477764546,52.736058991047486,1.2865517095265895,41.5
1189500,2378.999999957568,-50792.264298827446,18382.760929054486,-32409.50336977296,289.0681766522578,52.84070491733678,1.2840038177909832,41.5
1190000,2379.9999999575443,-50653.91521591477,18391.620641498965,-32262.294574415806,289.20749527430115,52.89200281007488,1.2827585125156873,41.5
1190500,2380.9999999575207,-51059.61845646036,18793.56320364794,-32266.05525281242,295.52802590665584,52.813834226236835,1.284657094919306,41.5
1191000,2381.999999957497,-50713.21297196935,18430.337713706183,-32282.875258263164,289.8163196783963,52.89433062386708,1.28270205990683,41.5
1191500,2382.9999999574734,-51143.08344846024,18807.025220012158,-32336.05822844808,295.739715572832,52.99616390312309,1.2802373200568375,41.5
1192000,2383.9999999574497,-50680.314936956456,18452.45652721198,-32227.858409744476,290.16413713163456,53.29209119290841,1.2731282509262032,41.5
1192500,2384.999999957426,-50935.60600543504,18817.677707141094,-32117.928298293944,295.9072255047218,52.815534671664125,1.2846157341852664,41.5
1193000,2385.9999999574025,-50585.023303032875,18626.776731460654,-31958.24657157222,292.90531533605593,52.77474713313363,1.2856085634568646,41.5
1193500,2386.999999957379,-50485.03406646413,18596.675180488935,-31888.358885975198,292.43196965705914,52.75442880582312,1.2861037145972865,41.5
1194000,2387.999999957355,-50485.732545154184,18549.48260921578,-31936.249935938406,291.68986837085345,52.94584790381236,1.2814539673042398,41.5
1194500,2388.9999999573315,-50696.92494517758,18856.84134881424,-31840.083596363344,296.52307219571725,52.74685285367053,1.2862884357641033,41.5
1195000,2389.999999957308,-50732.946189299415,18757.294728554574,-31975.65146074484,294.9577055937465,53.109524675699056,1.2775046898446782,41.5
1195500,2390.999999957284,-50539.37322253401,18611.269702268724,-31928.10352026529,292.6614679253703,52.90561764577037,1.2824284049172499,41.5
1196000,2391.9999999572606,-50853.393092584956,18990.93716282926,-31862.455929755695,298.6317234806696,53.07466665746186,1.2783437206776764,41.5
1196500,2392.999999957237,-50681.70901237276,18768.76297189068,-31912.946040482082,295.13804325920194,53.14883872230437,1.2765597232165742,41.5
1197000,2393.9999999572133,-50705.02110794346,19062.263471190745,-31642.757636752714,299.75332681245226,52.8764414649653,1.2831360236974625,41.5
1197500,2394.9999999571896,-50753.008414699965,18619.466432530266,-32133.5419821697,292.7903611792378,53.04242884809322,1.2791206647594195,41.5
1198000,2395.999999957166,-50813.821136383005,18612.85262909167,-32200.968507291334,292.68635938603,53.07610138494284,1.2783091651090055,41.5
1198500,2396.9999999571423,-50465.668053303445,18125.243459897356,-32340.42459340609,285.01872480154583,53.180224962872316,1.2758063151480636,41.5
1199000,2397.9999999571187,-50881.80952441173,18538.548556263253,-32343.260968148476,291.51793082770615,52.81408879018871,1.2846509028710402,41.5
1199500,2398.999999957095,-50629.440109244315,18384.27921063768,-32245.160898606635,289.0920515691211,52.907322750097975,1.282387074641791,41.5
1200000,2399.9999999570714,-50416.752604288544,18129.559197122864,-32287.19340716568,285.0865895959313,53.167950253049604,1.2761008563563274,41.4
1200500,2400.9999999570477,-50622.180305127025,18139.01544523673,-32483.164859890294,285.2352887173961,53.081989014327675,1.2781673804708795,41.5
1201000,2401.999999957024,-50472.63667849916,18072.542685415323,-32400.09399308384,284.1900072413014,53.20989983708581,1.2750948048456818,41.5
1201500,2402.9999999570005,-50626.273740692435,18351.588302732132,-32274.685437960303,288.57798835642774,52.504819375029,1.2922178888762197,41.5
1202000,2403.999999956977,-50671.686946653484,18410.697792995867,-32260.989153657618,289.5074827147195,52.62142264879642,1.2893544764354457,41.5
1202500,2404.999999956953,-50941.74822793685,18473.821713012043,-32467.926514924806,290.5001038194948,53.04340782432739,1.2790970571372322,41.5
1203000,2405.9999999569295,-50528.92145421528,18352.273913646815,-32176.64754056846,288.5887695605007,53.36218762668742,1.271455872897822,41.5
1203500,2406.999999956906,-50690.080033272796,18437.38618096268,-32252.693852310116,289.9271565426678,53.15218983120069,1.276479239408499,41.5
1204000,2407.999999956882,-50964.33987542144,18273.206617740663,-32691.13325768078,287.34543951075324,53.202535223262686,1.2752713111115233,41.5
1204500,2408.9999999568586,-50584.94118873841,17904.28942526036,-32680.651763478054,281.54423148887224,53.00636149824414,1.2799910224148225,41.5
1205000,2409.999999956835,-50839.9438453382,18603.226453028936,-32236.717392309267,292.53498815440014,53.074533621413366,1.2783469249601376,41.5
1205500,2410.9999999568113,-50671.173864658376,18362.612740389657,-32308.56112426872,288.75134719542785,53.030135753584105,1.279417182032042,41.5
1206000,2411.9999999567876,-51022.0799308748,18720.653589975656,-32301.426340899146,294.3815251625072,52.97864329637751,1.2806607082984018,41.5
1206500,2412.999999956764,-50928.855790451045,18574.028684803623,-32354.827105647422,292.07585442275996,52.77667452506362,1.2855616133298884,41.5
1207000,2413.9999999567403,-50742.238348122,18487.336522337588,-32254.901825784415,290.71262365286566,53.193929346880424,1.275477628399831,41.5
1207500,2414.9999999567167,-50994.14603973989,18751.515949576184,-32242.630090163708,294.8668345266088,52.65736272174377,1.28847445716477,41.5
1208000,2415.999999956693,-50696.07978059639,18479.74322088603,-32216.33655971036,290.59321929277826,53.1721354930284,1.276000412989299,41.5
1208500,2416.9999999566694,-50612.35767944696,18494.366889471356,-32117.990789975607,290.82317589343484,53.2066611710096,1.2751724193059302,41.5
1209000,2417.9999999566458,-50821.03905073454,18808.033021232615,-32013.00602950192,295.7555632065117,52.745343484748226,1.2863252443932978,41.5
1209500,2418.999999956622,-50948.19246578626,18840.68197168411,-32107.510494102153,296.2689666399267,52.95613638161008,1.2812050025648862,41.5
1210000,2419.9999999565985,-50737.1783451527,18614.96339938074,-32122.21494577196,292.71955116397606,53.17301459878935,1.2759793169630063,41.5
1210500,2420.999999956575,-50911.79500769003,18824.443863360633,-32087.351144329397,296.01362303928556,52.90026694791179,1.2825581185711854,41.5
1211000,2421.999999956551,-50722.019209120095,18494.96367856476,-32227.055530555335,290.83256037793865,52.74774635362426,1.2862666471809452,41.5
1211500,2422.9999999565275,-50573.844652016254,18316.56064403447,-32257.284007981783,288.027179831462,53.040655632063675,1.2791634273768768,41.5
1212000,2423.999999956504,-50854.948633803535,18647.902449025798,-32207.046184777737,293.23751639554837,52.35330118165928,1.2959577584841202,41.5
1212500,2424.99999995648,-50583.38793843434,18201.282011543197,-32382.10592689114,286.21442796955046,53.16066184250014,1.2762758117955804,41.5
1213000,2425.9999999564566,-50490.64283392643,18203.622118882176,-32287.020715044255,286.2512260633874,52.72729901505408,1.2867654538734505,41.5
1213500,2426.999999956433,-50457.74361186932,18091.768648757694,-32365.97496311163,284.49233474200764,53.25829258928857,1.2739361994168188,41.5
1214000,2427.9999999564093,-50955.75882576941,18513.66049302776,-32442.098332741647,291.12656703378775,52.9123352449683,1.2822655914639336,41.5
1214500,2428.9999999563856,-50857.12320654086,18522.332329053934,-32334.79087748693,291.2629313067056,53.222495705173905,1.274793035344856,41.5
1215000,2429.999999956362,-50752.829363001234,18235.098312777205,-32517.73105022403,286.7461879470948,53.09502223812757,1.2778536289962366,41.5
1215500,2430.9999999563383,-50686.99125740474,18219.805569162934,-32467.185688241807,286.5057101685039,52.64586661309735,1.288755817189795,41.5
1216000,2431.9999999563147,-50481.45008654105,18170.600156772343,-32310.84992976871,285.73195703663947,52.69244534286085,1.2876165910910737,41.5
1216500,2432.999999956291,-50986.75847580851,18496.55916215804,-32490.199313650468,290.8576492933071,52.861760941077385,1.283492370302494,41.5
1217000,2433.9999999562674,-50780.3634088739,18283.042137406243,-32497.321271467656,287.50010266212263,52.7504727418863,1.2862001669750542,41.5
1217500,2434.9999999562438,-51192.13670800866,18497.986420255882,-32694.150287752775,290.88009286952223,52.76680798097838,1.2858019926671564,41.5
1218000,2435.99999995622,-50978.279618064604,18185.7891354804,-32792.4904825842,285.97080311625143,53.005110184036845,1.2800212397079478,41.5
1218500,2436.9999999561965,-51190.779554828805,18515.681803320163,-32675.09775150864,291.1583520568824,52.35092157788908,1.2960166660615833,41.5
1219000,2437.999999956173,-50857.194069014564,17973.425367814496,-32883.76870120007,282.6313914063835,53.09487318936208,1.2778572162070998,41.5
1219500,2438.999999956149,-51091.586576770074,18054.272249044254,-33037.31432772582,283.9027053638082,52.85572130688925,1.2836390303840937,41.5
1220000,2439.9999999561255,-51319.108399876604,18182.240054444686,-33136.86834543192,285.9149939596321,53.05794408258289,1.2787466235597935,41.5
1220500,2440.999999956102,-50979.4247610641,17940.264392689118,-33039.160368374985,282.10993640555427,53.11624433260997,1.2773430746302423,41.5
1221000,2441.999999956078,-51352.76779622154,18346.441634982482,-33006.326161239056,288.49705721295214,53.25111846790174,1.2741078272285278,41.5
1221500,2442.9999999560546,-51323.02592692605,18101.12711666409,-33221.89881026196,284.63949627364053,52.58067361574651,1.2903537019029105,41.5
1222000,2443.999999956031,-51375.1383287686,18295.036012151024,-33080.10231661757,287.68870586035,52.656479357776895,1.2884960725845929,41.5
1222500,2444.9999999560073,-51063.96371196277,18069.442123761568,-32994.521588201205,284.1412510339336,52.486151519414605,1.292677494625042,41.5
1223000,2445.9999999559836,-51078.0193984416,18035.0543429412,-33042.9650555004,283.6005045628662,52.85549405242941,1.2836445494450677,41.5
1223500,2446.99999995596,-51089.35497234184,18153.09228906766,-32936.26268327418,285.4566465207712,52.66104344862594,1.2883843996524063,41.5
1224000,2447.9999999559363,-51180.51445649402,18283.011835320147,-32897.50262117387,287.4996261630368,52.86048955926861,1.2835232404072718,41.5
1224500,2448.9999999559127,-51288.63779300296,18347.210542954675,-32941.42725004829,288.50914825990606,52.75105351984838,1.2861860061827677,41.5
1225000,2449.999999955889,-51101.69635096509,18185.184126414264,-32916.512224550825,285.9612893730068,52.88661351504886,1.2828892292247298,41.5
1225500,2450.9999999558654,-51133.97293005712,18436.653086684535,-32697.319843372585,289.9156286646131,52.37035186308494,1.2955358219857978,41.5
1226000,2451.9999999558418,-50904.66219954675,18391.8255262619,-32512.83667328485,289.21071707896226,53.06594292801419,1.278553872879729,41.5
1226500,2452.999999955818,-51097.38198577027,18610.867328699933,-32486.514657070336,292.6551406171758,52.66750548861082,1.2882263213187313,41.5
1227000,2453.9999999557945,-50920.11933449204,18482.822877254002,-32437.296457238037,290.64164676536745,52.668245954204686,1.288208210078253,41.5
1227500,2454.999999955771,-50840.97775144549,18507.98282819914,-32332.99492324635,291.0372859825906,52.57091912533568,1.2905931259613295,41.5
1228000,2455.999999955747,-50733.40979930625,18660.26060329265,-32073.149196013605,293.43184787461684,52.814996291340044,1.2846288291750203,41.5
1228500,2456.9999999557235,-50911.04644406917,18833.287033976427,-32077.759410092745,296.1526815417379,53.140683955416236,1.2767556192078706,41.5
1229000,2457.9999999557,-50581.37538431239,18572.669574193693,-32008.7058101187,292.0544824630528,52.972704738944536,1.2808042780331523,41.5
1229500,2458.9999999556762,-50796.67613052202,18666.386111175896,-32130.290019346125,293.52817123984545,52.547701665451925,1.2911633563078253,41.5
1230000,2459.9999999556526,-50593.85413439245,18534.858720270608,-32058.995414121844,291.4599083050472,52.86412105571548,1.2834350688838656,41.5
1230500,2460.999999955629,-50521.038419383214,18282.5277130346,-32238.510706348614,287.4920133595575,53.21768707402534,1.2749082227916386,41.5
1231000,2461.9999999556053,-50965.02412114116,18601.013630723406,-32364.010490417757,292.5001916125976,52.95056269379687,1.281339864903372,41.5
1231500,2462.9999999555816,-50813.60340450497,18365.73571525477,-32447.867689250197,288.8004558496432,52.860202507247145,1.2835302104513366,41.5
1232000,2463.999999955558,-51143.08228571332,18641.524042893783,-32501.558242819534,293.13721621552395,52.855463179034494,1.2836452992344505,41.5
1232500,2464.9999999555343,-50958.93203435192,18436.981316931335,-32521.950717420586,289.9207900720497,52.70628682025172,1.2872784432721147,41.4
1233000,2465.9999999555107,-51075.73110755204,18346.98085939115,-32728.75024816089,288.50553649510255,53.028277661790426,1.2794620123503446,41.5
1233500,2466.999999955487,-50973.51651829367,18190.371936143667,-32783.14458215,286.0428674724601,52.4944461845443,1.2924732382185469,41.5
1234000,2467.9999999554634,-51401.08586319704,18483.02786548277,-32918.05799771427,290.6448701970246,52.483210908525244,1.292749922768277,41.5
1234500,2468.9999999554398,-50970.92233060134,18006.293985894772,-32964.628344706565,283.1482491044308,52.769703463910524,1.2857314404851372,41.5
1235000,2469.999999955416,-51099.71491719395,18124.368642716297,-32975.346274477655,285.00496833653995,52.90129968574906,1.2825330805039656,41.5
1235500,2470.9999999553925,-51150.96004923669,18133.43088371864,-33017.52916551805,285.14747171201435,52.552625628617506,1.29104237965383,41.5
1236000,2471.999999955369,-51084.36028977782,18312.716036840153,-32771.644252937665,287.9667235378783,52.72996357078838,1.2867004309142709,41.5
1236500,2472.999999955345,-50883.424471470906,18393.22089502722,-32490.203576443684,289.2326591967054,52.763533460301886,1.2858817899236088,41.5
1237000,2473.9999999553215,-50813.76068943833,18249.353225562787,-32564.40746387554,286.97034587762374,52.63234978088538,1.2890867903691356,41.5
1237500,2474.999999955298,-50937.51418707306,18357.45932196673,-32580.05486510633,288.67030989788634,52.40231294679203,1.2947456521149745,41.5
1238000,2475.9999999552742,-50948.55218391415,18458.406621213457,-32490.145562700694,290.25770212062366,52.509192986739855,1.2921102570698577,41.5
1238500,2476.9999999552506,-51025.409323374966,18425.99456710442,-32599.414756270548,289.748023872671,52.468053619520866,1.293123380193092,41.4
1239000,2477.999999955227,-50949.26520169739,18368.52072239844,-32580.744479298948,288.8442499750247,52.83259444447165,1.2842009286509064,41.5
1239500,2478.9999999552033,-51159.30763473705,18505.128683263152,-32654.1789514739,290.9924046682042,52.74154411916,1.2864179079652591,41.5
1240000,2479.9999999551796,-51203.45150426129,18558.42655842089,-32645.0249458404,291.8305116125716,52.700990046723255,1.2874078226704149,41.5
1240500,2480.999999955156,-51063.625563119145,18390.960963076825,-32672.66460004232,289.19712185763103,52.65321574752883,1.28857593758291,41.5
1241000,2481.9999999551324,-50780.774232895004,18122.900142130053,-32657.87409076495,284.98187622385257,52.59417227989163,1.2900225235518623,41.4
1241500,2482.9999999551087,-50703.19317352915,18265.46027578374,-32437.732897745413,287.223628594871,53.01684732647181,1.2797378620201398,41.4
1242000,2483.999999955085,-50932.96341151294,18313.35379667995,-32619.60961483299,287.97675228572217,52.54690757018637,1.2911828685256836,41.4
1242500,2484.9999999550614,-50972.03131308052,18263.259737177195,-32708.771575903327,287.18902521374116,52.855049162967966,1.2836553540879796,41.4
1243000,2485.9999999550378,-51181.97821699842,18458.92300572893,-32723.055211269486,290.2658222463717,52.95361324115577,1.2812660495827266,41.4
1243500,2486.999999955014,-51044.20176527193,18329.29351557591,-32714.908249696018,288.2274037246104,52.49803384785379,1.2923849118856274,41.4
1244000,2487.9999999549905,-50869.548059248395,18420.799430304018,-32448.748628944377,289.66633055532077,52.64873835603999,1.288685521575154,41.4
1244500,2488.999999954967,-51023.7766446064,18363.660339287224,-32660.116305319174,288.7678206459803,52.49717647056283,1.2924060189536477,41.4
1245000,2489.999999954943,-50698.034436608075,18007.701161817233,-32690.333274790843,283.1703768892453,52.64404360251141,1.2888004455149888,41.5
1245500,2490.9999999549195,-51041.07024148535,18248.933985116622,-32792.13625636873,286.96375333846066,52.87353625163994,1.283206527471913,41.5
1246000,2491.999999954896,-50728.836066893746,18152.64656449335,-32576.189502400397,285.4496375197576,53.232151292026515,1.274561805259783,41.5
1246500,2492.9999999548722,-51028.87177414533,18509.5072082524,-32519.36456589293,291.0612567976505,52.612099701757934,1.2895829520820323,41.5
1247000,2493.9999999548486,-50994.15605627656,18570.195338646365,-32423.960717630194,292.01557520853135,52.58928916198026,1.290142307108385,41.5
1247500,2494.999999954825,-51073.700405175485,18606.880510018433,-32466.819895157052,292.59244805367285,52.58490202290574,1.2902499432075214,41.5
1248000,2495.9999999548013,-50706.02980378767,18163.80933945698,-32542.22046433069,285.6251717073352,52.507232597211406,1.2921584987937549,41.5
1248500,2496.9999999547776,-50938.73350161657,18460.06062678844,-32478.672874828128,290.283711291802,52.74456812936968,1.2863441536238056,41.5
1249000,2497.999999954754,-51114.24147390867,18622.74879686949,-32491.492677039176,292.84197622652636,52.40198886608442,1.2947536594844689,41.5
1249500,2498.9999999547304,-50718.1555645877,18309.279179050827,-32408.876385536874,287.91267908729725,53.042871615450395,1.279109987492918,41.5
1250000,2499.9999999547067,-50820.60032480108,18405.57202177769,-32415.02830302339,289.4268801683613,52.73473089019785,1.2865841107617844,41.5
1250500,2500.999999954683,-51057.569398184045,18560.839503297757,-32496.729894886288,291.86845507376387,52.618584874216985,1.289424012652846,41.5
1251000,2501.9999999546594,-50889.28912253243,18474.80881780768,-32414.480304724748,290.5156260027262,52.56351918953794,1.290774816731285,41.5
1251500,2502.9999999546358,-50868.61635891729,18588.63395644283,-32279.982402474456,292.30552173217825,52.565426408181104,1.290727983861035,41.5
1252000,2503.999999954612,-50893.79372295814,18510.859171237145,-32382.93455172099,291.0825163612389,52.65022318183474,1.288649178452787,41.4
1252500,2504.9999999545885,-50780.92255725381,18277.331920861077,-32503.590636392735,287.4103097364913,52.8485870127485,1.2838123152140382,41.4
1253000,2505.999999954565,-50634.35485423789,18245.738949348975,-32388.615904888917,286.9135115294496,52.7514608815927,1.2861760738895904,41.4
1253500,2506.999999954541,-50891.11740180229,18325.57687292334,-32565.540528878948,288.1689596683017,52.57655434961767,1.2904547984917651,41.4
1254000,2507.9999999545175,-51058.9549525335,18509.586180010454,-32549.36877252305,291.06249862537135,52.60501473988799,1.2897566360186077,41.4
1254500,2508.999999954494,-50958.156145531975,18462.5254377085,-32495.630707823475,290.32247034443856,52.60357513968661,1.2897919327433647,41.4
1255000,2509.9999999544702,-50946.64025242287,18521.947351858224,-32424.692900564645,291.2568775557785,52.82232430306714,1.28445061333069,41.4
1255500,2510.9999999544466,-50869.13428642797,18427.08649275953,-32442.047793668444,289.7651943597039,53.058481635272365,1.2787336681629284,41.4
1256000,2511.999999954423,-50964.509034428294,18299.550693921934,-32664.95834050636,287.7596990497147,52.63615943118927,1.2889934900612152,41.4
1256500,2512.9999999543993,-50876.49538643792,18341.66242725537,-32534.83295918255,288.42190436355975,52.37934724600122,1.2953133327526696,41.4
1257000,2513.9999999543757,-50714.2561804605,18264.736814336124,-32449.519366124376,287.2122521926892,52.68800375417918,1.2877251369244669,41.4
1257500,2514.999999954352,-50882.497824575454,18435.09948624562,-32447.398338329833,289.8911983601634,52.78692736523089,1.285311917838892,41.4
1258000,2515.9999999543284,-50741.40179993363,18385.193509927987,-32356.20829000564,289.1064288887078,52.3508708941067,1.296017920807217,41.4
1258500,2516.9999999543047,-50923.3240123773,18531.68011208877,-32391.64390028853,291.40992481916265,52.890078940753725,1.2828051726795235,41.4
1259000,2517.999999954281,-51064.014121497974,18751.440769188353,-32312.57335230962,294.86565231803223,52.53339082021308,1.2915150876292134,41.4
1259500,2518.9999999542574,-50783.68785684048,18494.157806705334,-32289.530050135145,290.8198880753439,52.77331119552148,1.2856435442766947,41.4
1260000,2519.9999999542338,-50789.87354740251,18565.754114387906,-32224.119433014603,291.9457371355971,52.5746240117985,1.2905021790246416,41.4
1260500,2520.99999995421,-50772.36853438884,18732.545362495377,-32039.823171893466,294.56852280734984,52.5919049219192,1.2900781393896559,41.4
1261000,2521.9999999541865,-50973.07916887092,18874.63361307162,-32098.445555799302,296.8028548359444,52.62331564192344,1.2893080951093658,41.4
1261500,2522.999999954163,-50642.12596641626,18511.827167860396,-32130.29879855586,291.0977380692276,52.57073406414196,1.2905976691488792,41.4
1262000,2523.999999954139,-50962.77185833475,18784.995483388473,-32177.77637494628,295.39329884998415,52.47062972998905,1.2930598927012604,41.4
1262500,2524.9999999541155,-50684.21256580104,18535.950978902918,-32148.261586898123,291.4770840281333,52.42428251114185,1.2942030600839867,41.4
1263000,2525.999999954092,-50641.97749907795,18468.099503916506,-32173.87799516144,290.41012231149097,53.05181968846417,1.2788942442888591,41.4
1263500,2526.9999999540682,-51080.03818887065,18643.462956796124,-32436.575232074523,293.1677055586971,52.749849701717686,1.286215358570356,41.4
1264000,2527.9999999540446,-51153.28931863751,18630.952928650335,-32522.336389987173,292.9709858689873,52.637357990253335,1.288964139522168,41.4
1264500,2528.999999954021,-50919.926431099535,18536.42172799512,-32383.504703104416,291.4844865386848,52.256763058457274,1.2983518855297083,41.4
1265000,2529.9999999539973,-50774.414779711115,18493.129884734066,-32281.28489497705,290.8037240436665,53.00002306032345,1.2801441005300036,41.4
1265500,2530.9999999539737,-50857.9410570633,18444.788946944333,-32413.152110118965,290.0435647401501,52.7321322393732,1.2866475139036342,41.4
1266000,2531.99999995395,-50821.25236439296,18438.19643054027,-32383.05593385269,289.93989768470465,52.75961070367057,1.2859773971741408,41.4
1266500,2532.9999999539264,-50866.648000372305,18592.720315286067,-32273.927685086237,292.3697795607232,52.955963862667524,1.2812091764504343,41.4
1267000,2533.9999999539027,-50935.36288960596,18402.178405425868,-32533.184484180092,289.3735156876468,52.838086995049615,1.284067435200367,41.4
1267500,2534.999999953879,-50829.011646760235,18439.579883295744,-32389.43176346449,289.9616524236719,52.2653808471784,1.298137806495866,41.4
1268000,2535.9999999538554,-50760.36630730585,18411.55437887434,-32348.811928431507,289.52095249322514,52.751722285690626,1.286169700416236,41.4
1268500,2536.999999953832,-50851.192233835245,18524.54093949742,-32326.651294337826,291.2976616171469,52.62138565615511,1.2893553828469184,41.4
1269000,2537.999999953808,-50812.9382823752,18417.925771888695,-32395.012510486507,289.62114239225616,52.716669760726894,1.2870249042016058,41.4
1269500,2538.9999999537845,-51069.44041051604,18550.342955009277,-32519.097455506766,291.70339727387176,52.77902095940938,1.2855044602060095,41.4
1270000,2539.999999953761,-50862.3279225486,18531.70042637296,-32330.627496175635,291.41024426046505,53.12835563201983,1.277051887669119,41.4
1270500,2540.999999953737,-50615.196752221134,18360.724548380433,-32254.4722038407,288.72165545198504,52.982314877984926,1.2805719607547592,41.4
1271000,2541.9999999537135,-50689.44882625523,18509.20861055,-32180.240215705235,291.0565613607834,53.24286865426758,1.2743052461954265,41.4
1271500,2542.99999995369,-50759.24414957832,18532.42167889956,-32226.82247067876,291.42158592745267,52.33098504173882,1.2965104095501432,41.4
1272000,2543.9999999536662,-50895.340097344044,18665.92995025237,-32229.410147091672,293.52099812766,53.06979404053616,1.278461092138464,41.4
1272500,2544.9999999536426,-50778.10932673105,18538.974279945607,-32239.135046785443,291.52462531549776,52.558710010715906,1.2908929240233278,41.4
1273000,2545.999999953619,-50617.5191974429,18452.247467498546,-32165.271729944358,290.16084967604473,52.931841561961534,1.281793053982551,41.5
1273500,2546.9999999535953,-50483.030040148,18214.103265039026,-32268.926775108972,286.41604166537877,52.69455179432147,1.2875651189415505,41.5
1274000,2547.9999999535717,-50732.850296937126,18549.950322286433,-32182.899974650692,291.69722314008817,52.675736049329714,1.2880250365194574,41.5
1274500,2548.999999953548,-50688.6062460482,18592.42844672551,-32096.17779932269,292.36518993934106,52.994414293051925,1.280279587079476,41.5
1275000,2549.9999999535244,-50682.49253221813,18538.52712343802,-32143.96540878011,291.51759379739093,52.61302331011319,1.28956031377854,41.5
1275500,2550.9999999535007,-50679.99314840687,18493.477602484072,-32186.5155459228,290.80919189130765,52.42128561515155,1.2942770489592288,41.5
1276000,2551.999999953477,-50766.08846239453,18469.13885581684,-32296.94960657769,290.4264660783435,52.59888165438152,1.2899070230132061,41.5
1276500,2552.9999999534534,-50930.92652618576,18543.017789767036,-32387.90873641872,291.5882093448972,52.330694862903655,1.2965175988275148,41.5
1277000,2553.99999995343,-50913.992638040116,18324.26808028434,-32589.724557755777,288.1483789566647,52.828401060778916,1.2843028652441832,41.5
1277500,2554.999999953406,-50932.00026119873,18541.804731856828,-32390.1955293419,291.56913405802214,52.55697088798237,1.290935639978848,41.5
1278000,2555.9999999533825,-51085.06299943309,18582.566132030748,-32502.49686740234,292.21010543721496,52.454542183207145,1.2934564677288907,41.5
1278500,2556.999999953359,-50990.56879667649,18587.67646230632,-32402.892334370168,292.29046517537137,52.75825495597651,1.286010443393965,41.5
1279000,2557.999999953335,-51018.48768158079,18681.004010067052,-32337.483671513735,293.7580371122931,52.692982798964316,1.2876034577029252,41.5
1279500,2558.9999999533115,-50748.1331227861,18519.745508560998,-32228.387614225103,291.2222536584402,52.96016476471266,1.2811075484763992,41.5
1280000,2559.999999953288,-50420.090111943515,18058.20857210723,-32361.881539836286,283.9646038857397,52.782025678209266,1.2854312803806942,41.5
1280500,2560.9999999532643,-50694.656835549715,18414.193754645312,-32280.463080904403,289.562456571125,53.02019490611079,1.2796570621585455,41.5
1281000,2561.9999999532406,-50757.28871045241,18663.343000375244,-32093.94571007717,293.4803184448333,52.796903020951305,1.2850690659204638,41.5
1281500,2562.999999953217,-50603.167193790454,18511.07948218257,-32092.087711607885,291.08598074199955,53.03517085040303,1.27929571566774,41.5
1282000,2563.9999999531933,-50647.5137361324,18460.57355383721,-32186.94018229519,290.29177704902503,52.98603648231685,1.280482016639802,41.5
1282500,2564.9999999531697,-50548.55203060765,18167.796701986717,-32380.755328620933,285.68787282282983,53.15582717883216,1.2763918924705524,41.5
1283000,2565.999999953146,-50855.481483946474,18531.776964373807,-32323.704519572668,291.4114478174516,53.061671594791044,1.2786567933017714,41.5
1283500,2566.9999999531224,-50843.16498908365,18548.63478827391,-32294.53020080974,291.67653642062356,52.466685400966014,1.2931571020756345,41.5
1284000,2567.9999999530987,-50917.93050165431,18698.154534421774,-32219.775967232534,294.0277284183479,53.023207862761446,1.2795843477489237,41.5
1284500,2568.999999953075,-50994.33136816666,18699.221280746515,-32295.110087420147,294.044502961423,52.971825219541486,1.28082554390816,41.5
1285000,2569.9999999530514,-50853.79039436552,18299.586600175884,-32554.203794189634,287.7602636741147,52.8680967743117,1.2833385536510176,41.5
1285500,2570.999999953028,-51043.99746553861,18374.690555547604,-32669.306909991006,288.941270353278,53.0257154576836,1.2795238359918415,41.5
1286000,2571.999999953004,-51158.969492190365,18624.452920103424,-32534.51657208694,292.86877349587695,52.61693265696485,1.2894645016834954,41.5
1286500,2572.9999999529805,-50934.43423275676,18318.215960693437,-32616.21827206332,288.0532096193832,52.59319934136585,1.2900463880938182,41.4
1287000,2573.999999952957,-51482.47984505778,18493.23353784912,-32989.24630720866,290.805353984734,52.81460908923453,1.2846382472318052,41.5
1287500,2574.999999952933,-50890.47623789294,18384.30648841305,-32506.169749479886,289.09248051104225,52.68956868660347,1.287686890211302,41.5
1288000,2575.9999999529095,-50689.667922525994,18225.34950878567,-32464.318413740322,286.59288839621405,53.21525463777258,1.2749664980550224,41.5
1288500,2576.999999952886,-50462.653124472185,18089.496258552805,-32373.15686591938,284.45660149738217,52.825989911357475,1.2843614849901772,41.5
1289000,2577.9999999528623,-51102.03844539986,18695.193466430606,-32406.844978969257,293.9811657432169,52.87632786485673,1.2831387804015963,41.5
1289500,2578.9999999528386,-51186.58352208819,18833.835325051296,-32352.748197036897,296.16130339684975,52.67316953277403,1.2880877959396646,41.5
1290000,2579.999999952815,-50696.4096204815,18415.825022371544,-32280.584598109956,289.5881081905457,52.88873147745411,1.282837855121368,41.5
1290500,2580.9999999527913,-50571.68796159587,18527.43339697003,-32044.254564625837,291.34314539463156,53.079282775205975,1.278232547639467,41.5
1291000,2581.9999999527677,-50671.13951949263,18497.538032823897,-32173.601486668733,290.8730419951787,52.69136721250342,1.2876429373145448,41.5
1291500,2582.999999952744,-50572.37104002627,18393.249944008203,-32179.12109601807,289.2331159907636,52.623720267749356,1.2892981815694227,41.5
1292000,2583.9999999527204,-50662.991604863084,18600.369647042746,-32062.621957820338,292.49006499510625,53.14634833868211,1.2766195415018735,41.5
1292500,2584.9999999526967,-50676.247625717995,18529.24497547211,-32147.002650245886,291.3716323937542,53.17625147626501,1.275901647165008,41.4
1293000,2585.999999952673,-50652.02289386853,18407.736409360616,-32244.286484507917,289.46091507609793,52.7091593680822,1.2872082890722796,41.5
1293500,2586.9999999526494,-50813.08194814391,18401.62967013417,-32411.45227800974,289.3648868472431,52.81918651182427,1.284526917760057,41.5
1294000,2587.999999952626,-50791.41752052192,18304.11004067891,-32487.307479843013,287.83139459418976,52.9233674026616,1.2819982963747512,41.5
1294500,2588.999999952602,-50942.138822794164,18332.24115531051,-32609.897667483656,288.2737552409466,53.00250421083326,1.2800841744899996,41.5
1295000,2589.9999999525785,-50908.88835276743,18392.261267056205,-32516.62708571123,289.21756908543665,52.7353133031318,1.2865699016260121,41.5
1295500,2590.999999952555,-51043.53897768162,18560.744318886434,-32482.79465879519,291.8669583027221,52.460188008210714,1.2933172644750748,41.5
1296000,2591.999999952531,-50636.03905201648,18174.641502450424,-32461.397549566056,285.79550703497176,52.944739499876526,1.2814807946837747,41.5
1296500,2592.9999999525076,-50872.010982791355,18312.494816365404,-32559.51616642595,287.96324485480557,52.68903462992615,1.28769994222083,41.5
1297000,2593.999999952484,-50692.098753188715,18269.268212114053,-32422.83054107466,287.28350824059237,52.71788135197344,1.2869953250897743,41.5
1297500,2594.9999999524603,-50329.2433310529,18028.991869560665,-32300.251461492237,283.5051724126589,52.5525214474454,1.2910449390421268,41.5
1298000,2595.9999999524366,-50693.891129728465,18468.038590545428,-32225.852539183037,290.40916445117944,52.77384834086799,1.285630458677126,41.5
1298500,2596.999999952413,-50962.62688683516,18628.609939037065,-32334.016947798096,292.9341424515031,52.62846862575286,1.2891818557575716,41.5
1299000,2597.9999999523893,-50935.71764613343,18772.860814316035,-32162.856831817397,295.20248166661406,52.98083232722278,1.280607794713061,41.5
1299500,2598.9999999523657,-50859.128945469085,18684.162009023883,-32174.966936445202,293.80769651894286,52.652243179951114,1.2885997395541582,41.5
1300000,2599.999999952342,-50954.617807554125,18774.8657072103,-32179.752100343823,295.23400852678293,52.56963746371002,1.290624590962111,41.5
1300500,2600.9999999523184,-50564.65525618721,18538.613505358822,-32026.041750828386,291.51895214962315,53.2365394491091,1.2744567462632588,41.5
1301000,2601.9999999522947,-50750.19938016709,18679.13020836505,-32071.06917180204,293.72857165585293,52.54408227521664,1.2912522954203118,41.5
1301500,2602.999999952271,-50795.114546493816,18729.179022777833,-32065.935523715983,294.5155872506129,52.817525191991095,1.2845673212063937,41.5
1302000,2603.9999999522474,-50466.10547599329,18496.12662479705,-31969.97885119624,290.8508476606928,53.1133127798575,1.2774135767023274,41.4
1302500,2604.999999952224,-50512.911136702816,18553.925207867826,-31958.98592883499,291.75972805607165,52.742719419067605,1.2863892418884046,41.5
1303000,2605.9999999522,-50623.62599930219,18575.952694143016,-32047.673305159173,292.1061093922799,52.722652461354315,1.2868788591082272,41.5
1303500,2606.9999999521765,-50379.86334959035,18387.389259801166,-31992.474089789182,289.140956967198,53.42194650201292,1.2700335965120764,41.5
1304000,2607.999999952153,-50625.88228964842,18643.586647106145,-31982.295642542274,293.16965058385,52.99645840840513,1.2802302056823234,41.5
1304500,2608.999999952129,-50487.860435828945,18358.03633824915,-32129.824097579796,288.67938345573225,52.804385491339296,1.284886969468762,41.5
1305000,2609.9999999521056,-50899.76894490909,18640.46557706707,-32259.30336784202,293.1205718829475,53.34077881224268,1.2719661834606533,41.5
1305500,2610.999999952082,-50663.913147791805,18358.337330404946,-32305.57581738686,288.68411654528273,52.91436451749136,1.2822164164175023,41.5
1306000,2611.9999999520583,-50443.22869516645,18288.628731639037,-32154.599963527413,287.5879516318613,52.91640456991117,1.282166983945204,41.5
1306500,2612.9999999520346,-50798.00930534263,18509.027354364578,-32288.981950978054,291.05371111455383,52.85943505831596,1.2835488456086566,41.5
1307000,2613.999999952011,-50898.92737282461,18563.15361301264,-32335.77375981197,291.90484435600695,52.60232169672613,1.2898226667597816,41.5
1307500,2614.9999999519873,-50677.47598711519,18296.90538958625,-32380.570597528942,287.71810174537296,53.1878145382752,1.2756242654001593,41.5
1308000,2615.9999999519637,-51227.732814225375,18448.536068224654,-32779.19674600072,290.10248807165493,53.11557938193569,1.2773590656096996,41.5
1308500,2616.99999995194,-50940.18901227576,18242.514153604243,-32697.67485867152,286.8628017459953,52.87023709824872,1.2832866007872434,41.5
1309000,2617.9999999519164,-51133.53256903096,18298.970872221755,-32834.56169680921,287.7505813767873,52.423706420426214,1.2942172822444935,41.5
1309500,2618.9999999518927,-51061.469603497375,18172.149631821223,-32889.31997167615,285.75632246949675,53.1526635870867,1.276467862000252,41.5
1310000,2619.999999951869,-50883.19247527571,18102.578888855573,-32780.613586420135,284.66232533299274,52.82527845391834,1.284378782930856,41.5
1310500,2620.9999999518454,-51004.54732819541,18382.24162905083,-32622.30569914458,289.0600106805754,52.977914060717666,1.2806783364642749,41.5
1311000,2621.999999951822,-50868.94735064738,18469.222505637183,-32399.724845010198,290.4277814684058,52.86881126022819,1.2833212102059728,41.5
1311500,2622.999999951798,-50707.71634179323,18464.077172172874,-32243.639169620357,290.3468713065136,52.831242174592504,1.2842337990920147,41.5
1312000,2623.9999999517745,-50701.715751135875,18494.824421344292,-32206.891329791582,290.8303705637447,52.9625846506653,1.2810490140566606,41.5
1312500,2624.999999951751,-50441.934517678295,18342.385861314237,-32099.54865636406,288.4332803350545,53.23950498807225,1.2743857566637362,41.5
1313000,2625.999999951727,-50628.59465257732,18375.094987541073,-32253.499665036245,288.9476300301178,53.12457529642811,1.277142762460616,41.5
1313500,2626.9999999517036,-50415.48853226317,18253.525171263787,-32161.96336099938,287.0359495560666,52.904900242310696,1.2824457949618442,41.5
1314000,2627.99999995168,-50455.87547755717,18332.41269488778,-32123.462782669394,288.27645269390354,52.99167825908498,1.2803456896931793,41.5
1314500,2628.9999999516563,-50890.15780690667,18618.159646501364,-32271.998160405303,292.76981202146396,53.45889379925562,1.2691558322063885,41.5
1315000,2629.9999999516326,-50641.446582403325,18337.057713316626,-32304.3888690867,288.34949542197495,52.94785037882244,1.2814055030223521,41.5
1315500,2630.999999951609,-50657.68713340737,18358.871890762155,-32298.815242645218,288.6925224854114,52.79079864194127,1.2852176628129954,41.5
1316000,2631.9999999515853,-51035.35979529228,18719.792260175065,-32315.567535117214,294.367980786017,52.57721914456384,1.2904384817705261,41.5
1316500,2632.9999999515617,-50811.26284592433,18284.373409254964,-32526.889436669364,287.5210368584288,52.7739229056702,1.2856286421970242,41.5
1317000,2633.999999951538,-50923.70553898028,18648.591115612893,-32275.114423367384,293.2483456499471,52.859296618671095,1.2835522072509358,41.5
1317500,2634.9999999515144,-51173.26961603341,19062.72663412276,-32110.54298191065,299.76061003093974,52.64955230753662,1.2886655987560038,41.5
1318000,2635.9999999514907,-51056.53913937101,18814.50644158776,-32242.03269778325,295.85735748137535,52.760507424575145,1.2859555406213674,41.5
1318500,2636.999999951467,-50956.1944440401,18681.506922836023,-32274.687521204076,293.7659453953689,52.97500923723804,1.280748560982499,41.5
1319000,2637.9999999514434,-50894.44956754033,18588.57893619244,-32305.87063134789,292.30465654095264,52.814498549448885,1.2846409359563102,41.5
1319500,2638.99999995142,-51228.27942108677,18804.143520163063,-32424.13590092371,295.6944009585446,52.431703528699664,1.2940198826744065,41.5
1320000,2639.999999951396,-50934.1250763464,18477.027817031714,-32457.097259314683,290.550519676324,52.39396503483747,1.294951943482696,41.5
1320500,2640.9999999513725,-51094.857663559844,18624.56989010021,-32470.287773459633,292.8706128443744,52.64536579513508,1.2887680771874694,41.5
1321000,2641.999999951349,-50900.50722340213,18548.505592355526,-32352.0016310466,291.67450482000044,52.536682129098416,1.291434177017595,41.5
1321500,2642.999999951325,-50763.45317305214,18525.900454587223,-32237.552718464918,291.3190399372837,52.84529297669361,1.2838923398258026,41.5
1322000,2643.9999999513016,-50923.55694360038,18686.218069676135,-32237.338873924244,293.84002799004924,52.480664088272995,1.292812658286998,41.5
1322500,2644.999999951278,-50895.11353983779,18622.3186845717,-32272.79485526609,292.83521272793337,52.928383402643135,1.281876801951201,41.5
1323000,2645.9999999512543,-51012.08983885742,18665.358656185388,-32346.731182672032,293.5120145514217,52.53576547392372,1.2914567102349277,41.5
1323500,2646.9999999512306,-51062.19209837585,18765.46790492466,-32296.724193451188,295.0862284636176,53.1374797280376,1.2768326084691572,41.5
1324000,2647.999999951207,-51033.594916396985,18630.268803341027,-32403.32611305596,292.96022802599924,52.86764805638406,1.2833494460783796,41.5
1324500,2648.9999999511833,-50893.98221767134,18320.829455134568,-32573.152762536774,288.09430671441174,52.676500988410886,1.2880063325305922,41.5
1325000,2649.9999999511597,-51075.53453834288,18543.745110302072,-32531.789428040807,291.59964643107355,52.67298476868883,1.2880923142399725,41.5
1325500,2650.999999951136,-50814.59094174951,18245.402937254366,-32569.188004495147,286.90822775276905,53.23796585510036,1.2744225997155973,41.5
1326000,2651.9999999511124,-51053.49873639777,18520.040237818022,-32533.45849857975,291.2268882641592,53.01261621104028,1.2798400022087084,41.5
1326500,2652.9999999510887,-50863.93902980573,18280.756535252738,-32583.182494552995,287.4641616601362,52.87193182372352,1.2832454670813467,41.5
1327000,2653.999999951065,-50575.600161490656,18097.596357162714,-32478.003804327942,284.58397522241216,53.12235047292411,1.2771962506291665,41.5
1327500,2654.9999999510414,-51200.72712971666,18601.85351595352,-32598.87361376314,292.51339877407906,52.85093473841422,1.283755286154149,41.5
1328000,2655.999999951018,-51104.79180282701,18582.54277465425,-32522.24902817276,292.20973814340846,52.949820733911416,1.281357819690871,41.5
1328500,2656.999999950994,-50627.03243664453,18260.808252309274,-32366.224184335253,287.15047571273885,52.72848853557859,1.2867364252788498,41.4
1329000,2657.9999999509705,-50959.31994488783,18670.888508532917,-32288.431436354913,293.59897125729555,52.727832855461486,1.2867524260785095,41.5
1329500,2658.999999950947,-50781.54353522192,18486.197779122253,-32295.34575609967,290.6947169615801,52.71793146708512,1.2869941016367166,41.5
1330000,2659.999999950923,-50778.716442599274,18478.771832458056,-32299.944610141218,290.57794424879665,52.87497047309148,1.2831717207890538,41.5
1330500,2660.9999999508996,-50839.65067692192,18424.789179971434,-32414.861496950485,289.7290692084594,52.59806982568884,1.28992693217595,41.5
1331000,2661.999999950876,-50614.034507837,18425.811946171103,-32188.222561665898,289.7451521658357,52.895514296007164,1.2826733561743382,41.5
1331500,2662.9999999508523,-50742.184869784585,18463.537898757917,-32278.64697102667,290.33839125374135,52.884835723407164,1.2829323551930292,41.5
1332000,2663.9999999508286,-50915.14872947667,18512.076280498102,-32403.072448978568,291.1016553554416,52.7586413150493,1.2860010257556382,41.5
1332500,2664.999999950805,-50812.5789294288,18545.731803364444,-32266.847126064353,291.63088709961755,52.557822953713604,1.290914711371873,41.5
1333000,2665.9999999507813,-50743.21889427917,18434.25272563294,-32308.966168646228,289.87788308356744,53.23526933902275,1.2744871528036625,41.5
1333500,2666.9999999507577,-51030.72101166947,18851.102161895837,-32179.618849773633,296.4328237121314,53.089587007456664,1.2779844536951794,41.5
1334000,2667.999999950734,-50572.575529967864,18254.966097748307,-32317.609432219557,287.05860806711274,52.476756384092404,1.2929089281363106,41.5
1334500,2668.9999999507104,-50550.28441618813,18315.985791393734,-32234.298624794395,288.0181402967945,53.02921697350567,1.2794393491143778,41.5
1335000,2669.9999999506867,-50587.587204180934,18410.060955762907,-32177.526248418028,289.497468474831,52.95239572838469,1.2812955092088125,41.5
1335500,2670.999999950663,-50811.58687565767,18499.95922575008,-32311.627649907587,290.9111151566149,52.89116627237799,1.2827788008913719,41.5
1336000,2671.9999999506394,-50664.71693483008,18665.401647859682,-31999.3152869704,293.5126905937718,53.01236999062502,1.2798459465333418,41.5
1336500,2672.999999950616,-50488.86237576752,18763.381554668864,-31725.48082109866,295.0534206897131,53.22330088724314,1.2747737497974183,41.5
1337000,2673.999999950592,-50698.76469802168,18815.38159273164,-31883.383105290042,295.87111919793324,53.08954692754569,1.2779854185085202,41.4
1337500,2674.9999999505685,-50562.023458669784,18664.72053765745,-31897.302921012335,293.5019801632212,52.87313937198386,1.2832161595567744,41.5
1338000,2675.999999950545,-50370.67150743288,18686.78203166107,-31683.88947577181,293.84889626959193,53.11658497650794,1.2773348828550337,41.5
1338500,2676.999999950521,-50313.30683585186,18442.333207228185,-31870.973628623673,290.00494833183046,53.42546880843612,1.2699498640227889,41.4
1339000,2677.9999999504976,-50642.16589502637,18746.908144460234,-31895.25775056614,294.7943769763868,53.148362790071985,1.2765711545361285,41.4
1339500,2678.999999950474,-50748.766486609115,18841.23337265165,-31907.533113957463,296.27763739797587,52.70391757468705,1.2873363114322547,41.4
1340000,2679.9999999504503,-50715.10269718573,18845.1677767213,-31869.934920464428,296.33950574381447,53.02347618924378,1.2795778723838298,41.4
1340500,2680.9999999504266,-50721.933979446156,18587.40527162256,-32134.528707823596,292.28620071277066,52.949170028350686,1.2813735666168022,41.4
1341000,2681.999999950403,-50766.56694100719,18694.141496276643,-32072.42544473055,293.96462355483334,52.92411683540526,1.2819801426188064,41.4
1341500,2682.9999999503793,-51013.27313927287,18966.771638830796,-32046.50150044207,298.2517215872086,52.55083368529961,1.2910864032135552,41.4
1342000,2683.9999999503557,-50679.28034272567,18590.20582394079,-32089.074518784884,292.33023928539717,52.603007735809726,1.2898058451216585,41.4
1342500,2684.999999950332,-50663.60873138522,18426.800020249695,-32236.808711135523,289.7606895910025,52.89683243409612,1.2826413931903817,41.4
1343000,2685.9999999503084,-50725.88565825333,18515.19087157519,-32210.694786678145,291.1506321749273,52.75976625942869,1.2859736056260895,41.4
1343500,2686.9999999502847,-51038.062028695385,18874.366261613726,-32163.69576708166,296.7986507450162,52.63431903852742,1.2890385605438133,41.4
1344000,2687.999999950261,-50798.20165628083,18758.32977691615,-32039.871879364677,294.9739816876249,52.40211562470822,1.2947505275271027,41.4
1344500,2688.9999999502375,-50645.74013947738,18583.313208754276,-32062.4269307231,292.22185318866116,52.832901409416415,1.284193467302833,41.4
1345000,2689.999999950214,-50475.18364298296,18449.553773183135,-32025.62986979982,290.118491441217,52.52967502192186,1.2916064456959384,41.4
1345500,2690.99999995019,-50696.04302021664,18456.653287276124,-32239.389732940515,290.23013101494035,52.57566722052568,1.290476572823013,41.4
1346000,2691.9999999501665,-50734.85710795161,18523.11849532593,-32211.738612625682,291.2752937397301,52.4575138323178,1.2933831951225243,41.4
1346500,2692.999999950143,-50588.04249104598,18488.39985609464,-32099.64263495134,290.72934453345096,53.06538949103936,1.2785672073524306,41.4
1347000,2693.999999950119,-50646.50342066648,18515.49497025993,-32131.00845040655,291.1554141145206,52.71608113090968,1.2870392751718647,41.4
1347500,2694.9999999500956,-50588.575740286906,18317.31239704891,-32271.263343237995,288.0390011173948,52.898053804378996,1.2826117781106465,41.4
1348000,2695.999999950072,-50385.84400496072,18351.5529413107,-32034.291063650024,288.57743229949716,53.248779324439205,1.274163796980932,41.4
1348500,2696.9999999500483,-50995.74452204001,18882.972303270813,-32112.772218769198,296.933980404125,53.19949616270172,1.275344161928273,41.4
1349000,2697.9999999500246,-50822.07968496302,18628.44459072616,-32193.63509423686,292.93154235596086,52.816091825820074,1.2846021828419096,41.4
1349500,2698.999999950001,-50922.73453580911,18970.786968218737,-31951.947567590374,298.3148624804242,53.014665934361126,1.279790519337257,41.4
1350000,2699.9999999499773,-50921.35573255107,18798.428707974374,-32122.927024576697,295.6045357666036,53.13050985636813,1.2770001084507776,41.4
1350500,2700.9999999499537,-50570.176447427155,18341.090203953783,-32229.08624347337,288.4129061751447,53.45358716375196,1.2692818283790726,41.4
1351000,2701.99999994993,-50868.129773212975,18745.418366927428,-32122.711406285547,294.77095028457,53.02267540571052,1.279597197415656,41.4
1351500,2702.9999999499064,-50600.83606426051,18472.56779991554,-32128.26826434497,290.4803860864576,53.01433472409756,1.279798514905954,41.5
1352000,2703.9999999498827,-50814.38910753026,18539.750312500888,-32274.638795029372,291.5368283962343,52.74987813560225,1.2862146652588202,41.5
1352500,2704.999999949859,-50521.8713338833,18367.50549337282,-32154.365840510476,288.8282855394074,52.95133775661587,1.2813211095908554,41.5
1353000,2705.9999999498355,-50823.798079606415,18640.09244608223,-32183.705633524183,293.1147044132102,52.8881366304037,1.282852283542615,41.5
1353500,2706.999999949812,-50988.75444033861,18581.28862755468,-32407.465812783932,292.1900167306824,52.49656150446806,1.2924211587239403,41.5
1354000,2707.999999949788,-50709.25054635056,18364.498834875565,-32344.751711474993,288.7810059554008,53.0369129036274,1.2792536958535314,41.5
1354500,2708.9999999497645,-50698.84331794969,18481.921920035362,-32216.92139791433,290.62747924932137,53.2447979236853,1.274259073081128,41.5
1355000,2709.999999949741,-50711.57259482927,18709.963925858603,-32001.608668970664,294.21343062397364,52.96397306560395,1.2810154322181897,41.5
1355500,2710.999999949717,-50639.695471398816,18709.37019985188,-31930.325271546935,294.2040943063848,52.84847895551646,1.28381494017521,41.5
1356000,2711.9999999496936,-50576.62104613046,18588.53753373641,-31988.08351239405,292.30400548899587,52.643502439025035,1.2888136940966755,41.5
1356500,2712.99999994967,-50751.66184388669,18559.431270369696,-32192.230573516998,291.8463106675788,52.536274637871635,1.2914441938697745,41.5
1357000,2713.9999999496463,-51009.73842154302,18771.089304930945,-32238.649116612076,295.17462475274533,52.59046736718214,1.2901134035360555,41.5
1357500,2714.9999999496226,-50999.70810387629,18759.694004866207,-32240.014099010084,294.99543411729985,52.634013480036515,1.2890460438545326,41.5
1358000,2715.999999949599,-50812.293755662016,18670.207377014718,-32142.0863786473,293.5882604915522,53.017330348365405,1.2797262027871805,41.5
1358500,2716.9999999495753,-50679.00853271921,18687.91803298353,-31991.090499735677,293.8667598447222,52.95541171386292,1.2812225352006037,41.5
1359000,2717.9999999495517,-51032.2675154866,19055.692289745974,-31976.575225740628,299.649995248384,52.853460785562945,1.283693931110751,41.5
1359500,2718.999999949528,-50475.996044317006,18538.81962600255,-31937.176418314455,291.52219338846004,52.96054462204187,1.2810983597851713,41.5
1360000,2719.9999999495044,-50633.14401385003,18775.883261580086,-31857.260752269947,295.2500095283438,52.6613593058301,1.288376672060492,41.5
1360500,2720.9999999494808,-50552.53965166833,18686.404589690108,-31866.135061978224,293.84296100977116,53.272434365753256,1.2735980184949798,41.5
1361000,2721.999999949457,-50472.28945446736,18725.485579893284,-31746.803874574078,294.45750800972377,52.651576358087496,1.2886160594165292,41.5
1361500,2722.9999999494335,-50813.86770642544,18853.786004251953,-31960.081702173484,296.4750270252952,52.90648731019777,1.2824073246599668,41.5
1362000,2723.99999994941,-50701.018862551085,18665.693687701052,-32035.325174850033,293.5172829085378,52.96547626838618,1.2809790759707347,41.5
1362500,2724.999999949386,-50545.855197568846,18545.757626127077,-32000.09757144177,291.63129316152185,53.24525550447695,1.2742481223124653,41.5
1363000,2725.9999999493625,-50836.23082966578,18818.423276886795,-32017.807552778984,295.9189495590023,52.46432111560905,1.293215377725365,41.5
1363500,2726.999999949339,-50763.85559592408,18612.148803435364,-32151.706792488712,292.67529175587725,52.79858388695812,1.2850281551847906,41.5
1364000,2727.999999949315,-50906.02262675094,18680.507003219274,-32225.515623531668,293.75022169959067,52.48889169120419,1.2926100106624419,41.5
1364500,2728.9999999492916,-50532.51553434524,18344.770832219954,-32187.74470212529,288.47078390667497,53.07027046584946,1.2784496150681377,41.5
1365000,2729.999999949268,-51010.398762565696,18508.92161118321,-32501.477151382485,291.0520483072775,52.32894389957058,1.2965609812198786,41.5
1365500,2730.9999999492443,-50802.61545026889,18364.031768657278,-32438.58368161161,288.7736613578935,52.9717124561654,1.280828270461745,41.5
1366000,2731.9999999492206,-50964.89545990794,18849.94004360427,-32114.955416303666,296.41454944871174,52.69802352719675,1.2874802944670576,41.5
1366500,2732.999999949197,-50520.37152221826,18510.552079227687,-32009.81944299057,291.07768735173477,52.956784063592174,1.2811893329314257,41.5
1367000,2733.9999999491733,-50970.00083422044,18694.863429348035,-32275.137404872403,293.9759759233604,52.72715922669693,1.2867688652999616,41.5
1367500,2734.9999999491497,-50701.29436869389,18382.8655293412,-32318.428839352688,289.0698214875617,52.710076848091525,1.2871858837193817,41.5
1368000,2735.999999949126,-50771.19963375842,18486.62869855848,-32284.57093519994,290.7014931523925,53.11943672568846,1.2772663083570728,41.5
1368500,2736.9999999491024,-50837.007272576695,18556.455793720423,-32280.551478856272,291.7995214168783,52.23267054839668,1.2989507550788983,41.5
1369000,2737.9999999490788,-50949.121081510406,18803.36135161428,-32145.759729896126,295.6821013895569,52.76609930040178,1.285819261764354,41.5
1369500,2738.999999949055,-51101.40772201049,18691.115233090728,-32410.29248891976,293.91703568788563,52.469440479276635,1.2930892006638486,41.5
1370000,2739.9999999490315,-51094.903468861434,18744.548921075035,-32350.3545477864,294.7572782834914,52.58529342617525,1.2902403396089988,41.5
1370500,2740.999999949008,-50916.161105765204,18681.192551864035,-32234.96855390117,293.7610019244716,52.88293961816402,1.282978354427997,41.4
1371000,2741.999999948984,-50747.754075436525,18470.986051532094,-32276.76802390443,290.45551315671156,52.71134817810786,1.2871548384491098,41.5
1371500,2742.9999999489605,-50683.909638448305,18440.988399502414,-32242.92123894589,289.98380128440175,52.797141156443345,1.2850632697628006,41.5
1372000,2743.999999948937,-50820.04970954988,18454.83813022314,-32365.21157932674,290.2015877432485,52.78220055582247,1.2854270214988763,41.5
1372500,2744.9999999489132,-51006.92404738129,18604.879562833277,-32402.044484548012,292.5609832396211,52.89850779712084,1.2826007703060391,41.5
1373000,2745.9999999488896,-50853.039554667645,18426.820013094373,-32426.21954157327,289.76100397768147,52.30931705588468,1.2970474605153441,41.5
1373500,2746.999999948866,-51034.24694256398,18592.426509992005,-32441.820432571974,292.3651594842846,53.02765333800077,1.2794770761618088,41.5
1374000,2747.9999999488423,-51053.65507692462,18464.954913691145,-32588.700163233472,290.3606737566046,53.06148915753097,1.2786611896096332,41.5
1374500,2748.9999999488186,-50983.068459403104,18766.1913290017,-32216.877130401404,295.09760427814865,53.12038507489371,1.2772435055387814,41.5
1375000,2749.999999948795,-50922.77421026315,18519.530096272734,-32403.24411399042,291.21886630886644,53.135712650151966,1.276875070733302,41.5
1375500,2750.9999999487713,-50906.93204144821,18572.54841073774,-32334.383630710472,292.0525771725786,52.61594422609862,1.2894887252631178,41.5
1376000,2751.9999999487477,-50721.672529176314,18284.804588490002,-32436.867940686312,287.52781713456704,52.49806692524114,1.2923840975943812,41.5
1376500,2752.999999948724,-50808.232401542606,18423.236256340613,-32384.996145201992,289.70464954678977,52.44682596816343,1.2936467669142167,41.5
1377000,2753.9999999487004,-50458.05887668829,18216.96983679766,-32241.089039890627,286.46111839105174,53.299786699939354,1.2729444346670231,41.5
1377500,2754.9999999486768,-50678.146569965356,18576.76805181412,-32101.378518151236,292.1189308588819,52.74614544551685,1.2863056869000824,41.5
1378000,2755.999999948653,-50281.9212160046,18301.023013732796,-31980.898202271805,287.78285121955565,53.13010257721262,1.2770098975439759,41.5
1378500,2756.9999999486295,-50944.90025204177,18806.473571395345,-32138.426680646426,295.73104092050795,52.67543504615382,1.288032396679393,41.5
1379000,2757.999999948606,-50946.95254874798,18772.251025144476,-32174.7015236035,295.1928927564038,52.41176607497724,1.2945121282799033,41.5
1379500,2758.999999948582,-50718.36071359962,18518.008262821026,-32200.352450778595,291.19493553901356,52.78884985679428,1.2852651086864846,41.5
1380000,2759.9999999485585,-50842.15740951963,18523.416102674426,-32318.7413068452,291.27997360332193,53.00040324380769,1.280134917776389,41.5
1380500,2760.999999948535,-50698.432255589665,18418.89308539535,-32279.539170194315,289.63635335826393,52.76524401196985,1.2858401040130867,41.5
1381000,2761.9999999485112,-50827.835676172515,18356.149397381094,-32471.68627879142,288.6497113864341,53.092232698021796,1.2779207692117869,41.5
1381500,2762.9999999484876,-50765.69417790236,18287.130034853162,-32478.5641430492,287.5643846851486,52.72706656591848,1.2867711266244106,41.5
1382000,2763.999999948464,-50956.509928138585,18432.806477119117,-32523.703451019468,289.8551408838244,52.70934572759474,1.2872037380101107,41.5
1382500,2764.9999999484403,-50872.96843657129,18399.54771189997,-32473.42072467132,289.33214813770167,53.01965922880915,1.279669991008939,41.5
1383000,2765.9999999484166,-51188.29156565011,18622.44469583933,-32565.846869810783,292.8371942500514,52.649912457364394,1.2886567836854406,41.5
1383500,2766.999999948393,-50942.427116522966,18530.005189750063,-32412.421926772902,291.3835867327157,53.12576019479685,1.277114277515265,41.5
1384000,2767.9999999483694,-50993.62258950918,18531.944638382178,-32461.677951127,291.414084484493,52.354202859272505,1.2959354386695747,41.5
1384500,2768.9999999483457,-50932.71983394027,18515.358677286196,-32417.36115665407,291.15327091298735,52.65727944980586,1.288476494751332,41.5
1385000,2769.999999948322,-51049.03618867695,18336.352330786744,-32712.68385789021,288.3384033100478,52.28193653102984,1.2977267360469509,41.5
1385500,2770.9999999482984,-51011.69057045236,18242.786099620756,-32768.90447083161,286.86707808617314,52.71155972920773,1.2871496726178733,41.5
1386000,2771.9999999482748,-51041.58874312993,18447.595738738957,-32593.99300439097,290.0877014282921,52.67602601049518,1.288017946439415,41.5
1386500,2772.999999948251,-51012.166561918064,18317.50919263697,-32694.657369281093,288.0420957201062,53.03018455007953,1.2794160047577177,41.5
1387000,2773.9999999482275,-50536.73660485582,18153.437916000235,-32383.298688855582,285.4620814903923,53.0026485076113,1.2800806895316585,41.5
1387500,2774.999999948204,-50726.76482780283,18197.210098112857,-32529.55472968997,286.15039729454264,52.70300879831344,1.287358509421542,41.5
1388000,2775.99999994818,-50764.011576454286,18449.219057733844,-32314.792518720442,290.1132280542319,52.91149356858766,1.2822859887838587,41.5
1388500,2776.9999999481565,-51270.930028565796,18819.70058702249,-32451.229441543306,295.9390352095403,52.4677624198779,1.2931305571156297,41.5
1389000,2777.999999948133,-50656.87114880556,18172.994230455148,-32483.876918350416,285.76960374906366,52.819877435876506,1.2845101151738656,41.5
1389500,2778.9999999481092,-50769.79470943959,18216.08440099439,-32553.710308445203,286.44719494863847,52.815973202861976,1.2846050680166337,41.5
1390000,2779.9999999480856,-50926.86348323953,18412.381793386405,-32514.481689853128,289.53396355316664,52.697876133700596,1.2874838954892573,41.5
1390500,2780.999999948062,-50862.759928166146,18348.23269191434,-32514.527236251804,288.5252215112081,52.855000826308235,1.2836565280092942,41.5
1391000,2781.9999999480383,-50575.03727547199,18106.784006853646,-32468.25326861834,284.72845064447347,52.920997112492486,1.282055716078168,41.4
1391500,2782.9999999480146,-51196.80396265245,18720.508118110283,-32476.295844542165,294.37923762327193,52.704401433663946,1.2873244928893317,41.5
1392000,2783.999999947991,-51120.728596040164,18738.136084577356,-32382.592511462808,294.656436687351,52.775426517195015,1.285592013671769,41.5
1392500,2784.9999999479674,-51178.820675713694,18660.59707593248,-32518.223599781213,293.43713889335254,52.55146725794919,1.2910708375771227,41.5
1393000,2785.9999999479437,-51120.312177723994,18709.940223118538,-32410.371954605456,294.21305789933893,52.94819505275823,1.2813971615278472,41.5
1393500,2786.99999994792,-50690.29787908834,18434.350095510694,-32255.94778357765,289.879414220981,52.89405787190167,1.2827086742510858,41.5
1394000,2787.9999999478964,-50651.197294192694,18416.368670605632,-32234.828623587062,289.596657037173,52.87849501220322,1.283086192845871,41.5
1394500,2788.9999999478728,-50628.11627507581,18361.959257575556,-32266.157017500253,288.741071204445,52.79123087716689,1.2852071399224088,41.5
1395000,2789.999999947849,-50913.29606071431,18542.15574215631,-32371.140318558002,291.57465368087145,52.8490876602843,1.283800153462521,41.5
1395500,2790.9999999478255,-50944.058848261855,18567.566617316792,-32376.492230945063,291.97423867129413,52.87925072797055,1.2830678558147401,41.5
1396000,2791.999999947802,-50946.171098353174,18479.46739239317,-32466.703705960004,290.58888190081586,52.76893127838976,1.2857502550257747,41.5
1396500,2792.999999947778,-50571.27514610264,18392.169283771465,-32179.105862331176,289.2161226519817,52.91381500941868,1.282229732189038,41.5
1397000,2793.9999999477545,-50934.794508111285,18773.69847748198,-32161.096030629305,295.2156538862258,52.71316242976511,1.2871105378856234,41.5
1397500,2794.999999947731,-50777.54121567642,18635.69757012242,-32141.843645554003,293.045595165409,52.74070980050371,1.2864382581362077,41.5
1398000,2795.9999999477072,-50820.324695412855,18544.813110509982,-32275.511584902873,291.61644069141107,52.48060843798314,1.2928140291819115,41.5
1398500,2796.9999999476836,-50875.87905258283,18525.97714969637,-32349.90190288646,291.32024596479204,52.43637524948979,1.2939045943929424,41.5
1399000,2797.99999994766,-50723.26671689008,18413.96172594827,-32309.30499094181,289.5588079291912,52.757631723684206,1.286025635191064,41.5
1399500,2798.9999999476363,-51105.722011601465,18651.811428102817,-32453.910583498648,293.29898493439987,52.74778401117294,1.2862657288931008,41.5
1400000,2799.9999999476127,-50887.40327072616,18431.005958087215,-32456.397312638943,289.8268277944257,52.71574644108136,1.2870474465245085,41.5
1400500,2800.999999947589,-50747.36614572043,18385.755419293902,-32361.610726426527,289.115264890899,52.598757542438385,1.2899100666757293,41.5
1401000,2801.9999999475654,-50819.477282027416,18379.580786004615,-32439.8964960228,289.01816903063514,52.992929757366525,1.2803154526325415,41.5
1401500,2802.9999999475417,-50873.34001529125,18342.61344153698,-32530.72657375427,288.43685902490887,52.900385386795705,1.2825552470466965,41.5
1402000,2803.999999947518,-51138.00859561541,18779.790103696316,-32358.21849191909,295.3114444635728,52.695346920543045,1.2875456907216432,41.5
1402500,2804.9999999474944,-50882.00704389592,18444.150638089654,-32437.85640580627,290.03352735906924,53.03276023080735,1.2793538664279012,41.5
1403000,2805.9999999474708,-50558.39791166142,18306.901386521728,-32251.496525139693,287.87528839536054,52.90342626325312,1.2824815260737545,41.5
1403500,2806.999999947447,-50872.1955723561,18650.48196791592,-32221.713604440178,293.278079226403,52.70486315087863,1.2873132153744364,41.5
1404000,2807.9999999474235,-51118.43521165295,18962.546410161005,-32155.888801491943,298.1852800362234,52.81731695037979,1.2845723858401965,41.5
1404500,2808.9999999474,-50962.074454722366,18760.664882105913,-32201.409572616452,295.0107011228665,52.74426826003545,1.2863514669334348,41.5
1405000,2809.999999947376,-50777.10389903869,18572.578970829993,-32204.524928208695,292.05305772880075,52.75245911844088,1.286151735529414,41.5
1405500,2810.9999999473525,-50622.25233156413,18367.085901303566,-32255.166430260564,288.82168747098524,52.676572775300144,1.2880045772537565,41.5
1406000,2811.999999947329,-50856.85238502973,18548.465047160887,-32308.38733786884,291.67386724844465,53.11638690097892,1.2773396461455626,41.5
1406500,2812.9999999473052,-50758.92373530804,18470.8047610266,-32288.11897428144,290.4526623708003,53.266084224764434,1.2737498510747203,41.5
1407000,2813.9999999472816,-50799.3223150565,18451.261489686673,-32348.06082536983,290.1453452145877,53.213099056662635,1.2750181449943616,41.5
1407500,2814.999999947258,-50638.88813176272,18238.242156943692,-32400.645974819025,286.7956247702354,52.98486411499996,1.280510349170068,41.5
1408000,2815.9999999472343,-50844.48920220895,18410.807350765157,-32433.68185144379,289.50920550623755,52.768696484581206,1.285755975959194,41.5
1408500,2816.9999999472107,-50744.491092161865,18273.48998095476,-32471.001111207104,287.34989538590423,53.011440690313606,1.2798683824683246,41.5
1409000,2817.999999947187,-50590.0248392761,18346.89282723006,-32243.132012046037,288.5041521929081,53.112759288640525,1.2774268887050293,41.5
1409500,2818.9999999471634,-50660.019391127564,18393.255804889275,-32266.76358623829,289.23320815288287,53.006029695513234,1.2799990347960406,41.5
1410000,2819.9999999471397,-50755.522643173244,18563.764536147944,-32191.7581070253,291.9144510977515,53.34367425458053,1.2718971423833116,41.5
1410500,2820.999999947116,-50837.5517866209,18799.21602553713,-32038.335761083767,295.6169163036291,52.978909225344395,1.2806542799897775,41.5
1411000,2821.9999999470924,-50370.30526516129,18671.651937069128,-31698.65332809216,293.6109761403389,52.970930030722954,1.2808471893786988,41.5
1411500,2822.9999999470688,-50387.38131137037,18757.658924543663,-31629.72238682671,294.9634325610347,53.474812735699835,1.2687780167452938,41.5
1412000,2823.999999947045,-50256.93791637047,18727.04538150232,-31529.89253486815,294.48203582732435,52.89534787146458,1.2826773918473262,41.5
1412500,2824.9999999470215,-50332.32959809601,18576.287290546272,-31756.04230754974,292.1113709072708,52.89376039658393,1.2827158882242953,41.5
1413000,2825.999999946998,-50528.74206693796,18763.316124864334,-31765.425942073623,295.05239180866704,52.945202336585055,1.2814695922267647,41.5
1413500,2826.999999946974,-50694.62097531328,18804.911761054864,-31889.709214258415,295.7064815156861,52.696570291847046,1.2875157998493931,41.5
1414000,2827.9999999469505,-50794.26865815224,18818.951626759437,-31975.317031392806,295.9272578395108,52.70801952453038,1.2872361257483942,41.5
1414500,2828.999999946927,-50458.4294535059,18496.624207557572,-31961.80524594833,290.85867212960005,52.974612878309145,1.2807581436127482,41.5
1415000,2829.9999999469032,-50363.914503094784,18416.98171811871,-31946.932784976074,289.6062971846726,53.14596245869214,1.2766288107278518,41.5
1415500,2830.9999999468796,-50626.674521323956,18442.800575187022,-32183.873946136933,290.01229767419574,52.64833994324769,1.2886952736166732,41.5
1416000,2831.999999946856,-50632.92134113455,18476.86512395768,-32156.05621717687,290.5479613342748,52.87457708594841,1.2831812675936836,41.5
1416500,2832.9999999468323,-50535.107605181045,18364.44275118527,-32170.664853995775,288.7801240416254,52.576234252054626,1.2904626551106746,41.5
1417000,2833.9999999468087,-50687.148388405796,18500.080603265757,-32187.06778514004,290.91302381316973,52.825491658537565,1.2843735991553575,41.5
1417500,2834.999999946785,-51040.449535687716,18595.938741365262,-32444.510794322454,292.42038918144306,52.9489901023409,1.2813779208534448,41.4
1418000,2835.9999999467614,-50817.253495453406,18449.050431280157,-32368.20306417325,290.11057641002617,52.373692760405156,1.295453180263823,41.5
1418500,2836.9999999467377,-51060.29947595966,18740.55499365017,-32319.744482309492,294.6944739352848,52.91901185368209,1.2821038124487651,41.5
1419000,2837.999999946714,-50916.33335095891,18532.447444971192,-32383.885905987714,291.4219910978932,52.78672818665603,1.2853167676677193,41.5
1419500,2838.9999999466904,-50818.46292166318,18534.045930238328,-32284.416991424852,291.44712721446245,52.94354774386404,1.281509640737865,41.5
1420000,2839.999999946667,-51046.06604527551,18720.514354894203,-32325.551690381308,294.3793356964484,52.786624954551485,1.2853192812960301,41.5
1420500,2840.999999946643,-50856.01459863904,18570.91981212805,-32285.094786510992,292.0269675249082,52.76250721230988,1.2859068007442573,41.5
1421000,2841.9999999466195,-50877.585507767,18828.87528946492,-32048.71021830208,296.0833070366394,52.34977130719151,1.296045143167735,41.5
1421500,2842.999999946596,-51162.882810027724,19295.04508250553,-31867.837727522194,303.4138082929346,53.20680198577355,1.2751690444911223,41.5
1422000,2843.999999946572,-50361.33066373042,18709.793514934296,-31651.537148796124,294.2107509190392,52.91965520256869,1.2820882258003437,41.5
1422500,2844.9999999465485,-50554.42447104913,18878.130785496087,-31676.293685553046,296.85784773173856,53.55039627411616,1.2669872040035994,41.5
1423000,2845.999999946525,-50445.71926306152,18668.710156001056,-31777.00910706046,293.56471675129825,53.05702008578206,1.2787688931442396,41.5
1423500,2846.9999999465012,-50459.19001714372,18539.978729199134,-31919.21128794459,291.5404202396323,52.94679386950016,1.2814310724055127,41.5
1424000,2847.9999999464776,-50264.21663962656,18378.99372181266,-31885.2229178139,289.0089374698157,52.96203339213713,1.2810623479328123,41.5
1424500,2848.999999946454,-50890.04247491983,19023.10266487939,-31866.93981004044,299.13752470740695,52.85221577362726,1.283724170415624,41.5
1425000,2849.9999999464303,-50196.9733560697,18235.077378420057,-31961.89597764964,286.7458587551702,53.20109653048512,1.2753057976868836,41.5
1425500,2850.9999999464067,-50833.47688936274,18839.696203595766,-31993.780685766975,296.2534654763638,53.270316026450864,1.273648664200492,41.5
1426000,2851.999999946383,-50657.15083750022,18575.236210823892,-32081.91462667633,292.0948427208881,52.91822781846406,1.2821228080686786,41.5
1426500,2852.9999999463594,-50776.05659500934,18804.243623048373,-31971.812971960964,295.6959750723922,52.6454774061216,1.2887653449361238,41.5
1427000,2853.9999999463357,-50628.77797818949,18487.133008239187,-32141.644969950306,290.70942340184916,52.73772310349161,1.286511113031636,41.5
1427500,2854.999999946312,-50514.260949155534,18432.19766935079,-32082.063279804745,289.84556740614056,52.79740355405319,1.2850568831318718,41.5
1428000,2855.9999999462884,-50690.07067516754,18358.143566751332,-32331.927108416206,288.6810696196187,52.7251365574037,1.286818229000869,41.5
1428500,2856.999999946265,-50617.14339923497,18395.342624814937,-32221.800774420033,289.26602331232715,53.09989209218897,1.2777364355248406,41.5
1429000,2857.999999946241,-51160.10935267731,18897.264483458825,-32262.844869218487,297.15872436305904,52.894919567590854,1.2826877780186288,41.5
1429500,2858.9999999462175,-50310.075731543344,18206.964282670302,-32103.11144887304,286.3037814546061,53.32833429489961,1.2722630051303934,41.5
1430000,2859.999999946194,-50499.923662791145,18431.58131920395,-32068.342343587196,289.8358753248578,53.33789338060914,1.2720349932922745,41.5
1430500,2860.99999994617,-50754.91574621458,18712.83302538527,-32042.082720829312,294.25854709869736,52.9697436597597,1.2808758766973236,41.5
1431000,2861.9999999461465,-50603.44896693207,18557.735445025908,-32045.71352190616,291.8196438822172,52.56916137120017,1.2906362795012614,41.5
1431500,2862.999999946123,-50403.84440809131,18590.19965193644,-31813.64475615487,292.3301422308769,52.53853609811734,1.2913886051548826,41.5
1432000,2863.9999999460993,-50327.352497121254,18479.799969099262,-31847.55252802199,290.5941116561502,52.48422014469015,1.2927250640589234,41.5
1432500,2864.9999999460756,-50776.624689360346,18930.858424955375,-31845.76626440497,297.68698774267045,53.25655228616974,1.2739778287571695,41.5
1433000,2865.999999946052,-50459.468488162514,18659.97862085811,-31799.489867304404,293.42741371216897,52.8926102389209,1.2827437810717397,41.5
1433500,2866.9999999460283,-50046.127251566024,18446.765615620054,-31599.36163594597,290.07464777561694,52.53186303545913,1.2915526487767979,41.5
1434000,2867.9999999460047,-50448.09880640465,18712.9528210149,-31735.145985389747,294.2604308801577,53.00692449868553,1.2799774272946114,41.5
1434500,2868.999999945981,-50494.83368051373,18707.53610674412,-31787.29757376961,294.1752532659928,53.01157700890472,1.2798650913031764,41.5
1435000,2869.9999999459574,-50169.0980815476,18530.673177760546,-31638.424903787054,291.3940908173285,53.09732876438853,1.2777981195568442,41.5
1435500,2870.9999999459337,-50382.80086157461,18827.507093089298,-31555.29376848531,296.06179220363197,52.683276927273624,1.2878406736598256,41.5
1436000,2871.99999994591,-50531.122967918986,19134.55894798949,-31396.564019929494,300.8901702789518,52.57855120266198,1.2904057889900964,41.5
1436500,2872.9999999458864,-50650.22185073172,19118.857901286,-31531.363949445724,300.643271950696,52.52792488062496,1.2916494798303553,41.5
1437000,2873.999999945863,-50543.33981168499,18946.96875344454,-31596.371058240453,297.9403220105535,52.396029725571886,1.294900915278971,41.5
1437500,2874.999999945839,-50436.91225295541,18915.240578827248,-31521.67167412816,297.4413977401177,52.78971747295778,1.2852439849367077,41.5
1438000,2875.9999999458155,-50336.15539231317,19076.535328089652,-31259.62006422352,299.9777511884821,53.80654942175551,1.2609555449618643,41.5
1438500,2876.999999945792,-50420.64557960272,19067.822429889966,-31352.823149712756,299.84074121453637,53.27761970012204,1.2734740634156332,41.5
1439000,2877.999999945768,-50392.35987660884,19046.600329105186,-31345.759547503654,299.50702453278967,53.20064369573185,1.2753166528710713,41.5
1439500,2878.9999999457445,-50281.525665368325,18910.552368100187,-31370.973297268138,297.3676758148931,53.13240453276113,1.2769545712314363,41.5
1440000,2879.999999945721,-50224.12564835636,18825.548735920143,-31398.57691243622,296.0309971158698,52.84168144916238,1.2839800889739228,41.5
1440500,2880.9999999456973,-50736.43440665612,19092.038725047954,-31644.395681608163,300.22154148244,52.80602673482245,1.2848470343989293,41.5
1441000,2881.9999999456736,-50271.532383396785,18529.613966043027,-31741.918417353758,291.37743475564906,53.03073915134243,1.279402624485382,41.5
1441500,2882.99999994565,-50441.77938566837,18625.216129050925,-31816.563256617446,292.8807749258967,52.951382971011775,1.281320015489877,41.5
1442000,2883.9999999456263,-51037.28443652626,19006.253231916413,-32031.031204609844,298.87256805138395,52.99020208933363,1.2803813568071718,41.5
1442500,2884.9999999456027,-50414.13441300832,18493.85428720538,-31920.280125802943,290.81511524340806,52.76542243109033,1.2858357561191462,41.5
1443000,2885.999999945579,-50652.954214003905,18680.636222663903,-31972.31799134,293.75225367016304,52.69805346762243,1.2874795629844784,41.5
1443500,2886.9999999455554,-50474.629673843665,18665.70476437296,-31808.924909470705,293.5174570887583,52.70587910190754,1.2872884013079986,41.5
1444000,2887.9999999455317,-50382.59038651916,18847.391699306587,-31535.19868721257,296.37447683706995,52.67921018462082,1.2879400927015923,41.4
1444500,2888.999999945508,-50462.09972844715,18806.072968478904,-31656.02675996825,295.7247414557505,52.90370795997187,1.28247469723601,41.5
1445000,2889.9999999454844,-50480.167770311506,18918.109651245002,-31562.058119066503,297.48651378855476,52.83140940472318,1.2842297340369941,41.5
1445500,2890.999999945461,-50224.21125204328,18626.802751782438,-31597.40850026084,292.90572450457,52.96284324360559,1.281042759289905,41.5
1446000,2891.999999945437,-50674.02750186688,18809.5192591143,-31864.508242752585,295.77893423745684,52.883171436688215,1.2829727303676275,41.5
1446500,2892.9999999454135,-50834.67325502102,19031.151577504206,-31803.521677516816,299.264093534879,52.790585539508186,1.2852228509162942,41.5
1447000,2893.99999994539,-50744.34508514483,18725.72311181654,-32018.62197332829,294.46124318966855,53.16424541768,1.2761897834830207,41.5
1447500,2894.999999945366,-50777.47570095389,18608.98997249311,-32168.48572846078,292.6256192662902,53.11720404543074,1.2773199958077164,41.5
1448000,2895.9999999453426,-50705.8274365891,18598.53707442912,-32107.290362159976,292.46124786442346,53.1450661944742,1.2766503404163927,41.5
1448500,2896.999999945319,-50641.21508972294,18588.682792275373,-32052.532297447564,292.3062896736819,52.953706601487085,1.2812637906393856,41.5
1449000,2897.9999999452953,-50538.385767596774,18577.49663648921,-31960.889131107564,292.1303878236098,52.779713141186626,1.2854876014034702,41.5
1449500,2898.9999999452716,-50847.641691585864,18720.52287700502,-32127.118814580845,294.37946970629844,52.62391156507369,1.2892934947400883,41.5
1450000,2899.999999945248,-50837.89767918619,18499.038813493487,-32338.858865692706,290.896641710879,52.78913315418956,1.2852582112014193,41.5
1450500,2900.9999999452243,-50958.63295966706,18484.47872488338,-32474.15423478368,290.66768490277707,52.94588060815219,1.2814531757581262,41.5
1451000,2901.9999999452007,-50589.95677435696,18390.860839863388,-32199.09593449357,289.1955474241245,52.98042182151706,1.2806177171860884,41.5
1451500,2902.999999945177,-51071.86039023972,18713.835573783286,-32358.024816456436,294.27431213195536,52.71205811640933,1.2871375027473295,41.5
1452000,2903.9999999451534,-50704.841667970344,18272.370885386725,-32432.47078258362,287.33229765308266,52.6946561634178,1.2875625687397327,41.5
1452500,2904.9999999451297,-50677.69401298406,18327.64193182696,-32350.052081157097,288.2014326365491,52.92641805290646,1.281924402683082,41.5
1453000,2905.999999945106,-51201.162661210336,18882.865251408915,-32318.29740980142,296.93229701789994,52.631581279301415,1.2891056130078664,41.5
1453500,2906.9999999450824,-50796.51356215483,18585.96950100181,-32210.54406115302,292.26362327747506,52.90626011383027,1.2824128317263364,41.5
1454000,2907.999999945059,-50869.84611153894,18805.1699925372,-32064.676119001735,295.7105421953654,52.84312674866893,1.283944971146815,41.5
1454500,2908.999999945035,-50556.256247119556,18584.247635134318,-31972.00861198524,292.23654700592493,53.14747378244216,1.2765925079780822,41.5
1455000,2909.9999999450115,-50410.13818961041,18535.837749754304,-31874.300439856102,291.47530350432294,52.75759077554476,1.2860266333480357,41.5
1455500,2910.999999944988,-50709.24798546696,18860.895140808978,-31848.35284465798,296.5868179118787,52.99330255758085,1.2803064457986193,41.5
1456000,2911.999999944964,-51106.499978344444,19208.82938337217,-31897.670594972275,302.05806988979356,52.794901912850705,1.285117774451486,41.5
1456500,2912.9999999449406,-50551.984946212724,18587.172464980875,-31964.81248123185,292.28253983768866,52.862009949204214,1.2834863243721324,41.5
1457000,2913.999999944917,-50597.81258765648,18651.814905377083,-31945.997682279398,293.2990396143979,53.16349115980932,1.2762078894457345,41.5
1457500,2914.9999999448933,-50652.47648445658,18685.621913285977,-31966.854571170603,293.8306534547785,52.549409221887736,1.291121400854255,41.5
1458000,2915.9999999448696,-50700.59521902285,18683.25726101268,-32017.33795801017,293.7934693928361,52.83605980683622,1.2841167016744255,41.5
1458500,2916.999999944846,-50405.863151327605,18441.625988517586,-31964.23716281002,289.9938273460353,53.2100149083899,1.2750920473418117,41.4
1459000,2917.9999999448223,-50528.20540454782,18498.8513441202,-32029.35406042762,290.8936937625201,52.96638689775194,1.2809570526228755,41.5
1459500,2918.9999999447987,-50394.10761735071,18520.741612156628,-31873.366005194082,291.2379173474397,52.95168180728982,1.281312784276602,41.5
1460000,2919.999999944775,-50818.01278537008,18856.30131348127,-31961.71147188881,296.5145801618149,52.79638708614724,1.285081623822497,41.5
1460500,2920.9999999447514,-50388.48504915098,18388.627469459407,-31999.857579691572,289.1604277642998,52.994355588038644,1.2802810053216518,41.5
1461000,2921.9999999447277,-50867.26452487783,18646.735364567667,-32220.52916031016,293.2191640393591,52.81156344959163,1.2847123322411667,41.5
1461500,2922.999999944704,-50665.28746287,18511.000291925382,-32154.28717094462,291.0847354783886,52.813075219529146,1.284675557456245,41.5
1462000,2923.9999999446804,-50950.31132217905,18689.237394988457,-32261.07392719059,293.88750675921347,52.66828087688519,1.2882073559079064,41.5
1462500,2924.999999944657,-50722.41466048741,18540.243166113392,-32182.17149437402,291.54457849947903,52.759418986055564,1.2859820701694897,41.5
1463000,2925.999999944633,-50737.70861513574,18748.861825619377,-31988.846789516367,294.8250985340795,52.40322975769567,1.294723000134614,41.5
1463500,2926.9999999446095,-50761.08499184205,18630.539798569098,-32130.545193272952,292.9644894150671,52.25042084561331,1.2985094808920254,41.5
1464000,2927.999999944586,-50588.76639329786,18483.499977793523,-32105.26641550434,290.65229414413307,52.659561781491,1.288420650558368,41.5
1464500,2928.999999944562,-50748.47527505317,18489.028430670292,-32259.446844382877,290.73922884338543,52.70525384934732,1.2873036726578142,41.5
1465000,2929.9999999445386,-50895.196450799005,18519.369561560703,-32375.826889238302,291.216341906973,52.4539816835175,1.2934702890237757,41.5
1465500,2930.999999944515,-50756.68802370863,18401.441402158744,-32355.246621549886,289.3619263408976,52.59075299700258,1.290106396698564,41.5
1466000,2931.9999999444913,-50679.765052309376,18329.1833179347,-32350.581734374675,288.2256708711321,52.376615461142165,1.2953808918593244,41.5
1466500,2932.9999999444676,-50952.95101860652,18685.75377383403,-32267.197244772495,293.832726956596,52.524221385918025,1.29174055432676,41.5
1467000,2933.999999944444,-50891.58298791141,18527.925540285152,-32363.657447626258,291.3508843284785,52.637185047170234,1.2889683745022888,41.5
1467500,2934.9999999444203,-50980.31150824926,18270.515580247986,-32709.795928001273,287.30312305435626,52.51460363893868,1.2919771291641116,41.5
1468000,2935.9999999443967,-50987.361889356536,18270.339302763376,-32717.02258659316,287.30035109799684,52.78219788989491,1.2854270864233293,41.5
1468500,2936.999999944373,-51087.71283370479,18631.705479933527,-32456.007353771263,292.9828197076642,52.5992964144447,1.2898968517380212,41.5
1469000,2937.9999999443494,-50807.974857338944,18360.81828781413,-32447.156569524814,288.72312950081175,52.59009262089052,1.290122596621476,41.5
1469500,2938.9999999443257,-50999.10007201587,18586.990338148527,-32412.109733867343,292.2796759005712,52.889642075324154,1.2828157685771477,41.5
1470000,2939.999999944302,-51069.35392149918,18538.62897489083,-32530.724946608352,291.51919540739215,52.72257962146226,1.2868806370204207,41.5
1470500,2940.9999999442784,-50752.10763776889,18355.193126649778,-32396.91451111911,288.63467406762464,52.55008133431358,1.2911048874880575,41.4
1471000,2941.999999944255,-50664.40961297896,18415.520485488007,-32248.889127490955,289.58331936029396,53.1795333938605,1.275822906269804,41.5
1471500,2942.999999944231,-50952.359757263715,18518.81410873938,-32433.545648524334,291.207607433686,52.76195686890442,1.2859202136343364,41.5
1472000,2943.9999999442075,-50838.6972758537,18454.311223116674,-32384.386052737027,290.19330215018016,52.78280451630256,1.2854123131648243,41.5
1472500,2944.999999944184,-50963.93076394568,18632.39659187819,-32331.53417206749,292.9936874152125,52.97415016058475,1.2807693307576464,41.5
1473000,2945.99999994416,-50922.06775432412,18702.47467037198,-32219.59308395214,294.0956623825024,53.35687574751634,1.2715824511480207,41.5
1473500,2946.9999999441366,-50700.223395729416,18452.54653735211,-32247.676858377305,290.1655525374699,52.802182317916944,1.2849405814351162,41.5
1474000,2947.999999944113,-50757.47424948203,18632.304378481233,-32125.1698710008,292.9922373632521,52.83499203888405,1.284142653010992,41.5
1474500,2948.9999999440893,-50753.1993592078,18585.688299465313,-32167.511059742486,292.2592013946175,53.280458729626794,1.2734062068219443,41.5
1475000,2949.9999999440656,-50706.70611426818,18646.83239589746,-32059.873718370716,293.22068985311967,52.75812805807247,1.2860135366051126,41.5
1475500,2950.999999944042,-50657.1293603542,18482.61782389913,-32174.51153645507,290.6384223096049,53.32132028983534,1.272430361435762,41.5
1476000,2951.9999999440183,-50547.59866674527,18278.440481584385,-32269.158185160883,287.427741809303,52.81403417155582,1.2846522314170823,41.5
1476500,2952.9999999439947,-50944.74885355863,18656.528472555394,-32288.220381003237,293.3731602687991,52.921859506684655,1.282034824193153,41.5
1477000,2953.999999943971,-50641.674126128855,18240.59897665379,-32401.075149475066,286.83268566543643,53.199315580534495,1.2753484910142812,41.5
1477500,2954.9999999439474,-50723.01543251279,18500.06051230273,-32222.954920210057,290.9127078835838,53.4219933265341,1.270032483324205,41.5
1478000,2955.9999999439237,-50561.49906507763,18313.699689181507,-32247.799375896124,287.98219143140483,53.02116604833767,1.2796336238017227,41.5
1478500,2956.9999999439,-50281.87217713773,18286.624408809555,-31995.247768328176,287.5564337359382,53.18652834618203,1.2756551133967295,41.5
1479000,2957.9999999438764,-50789.985323749475,19079.44969668993,-31710.535627059544,300.0235795175686,52.70496246947965,1.2873107895279572,41.5
1479500,2958.999999943853,-50522.55245526155,18788.374365232943,-31734.17809002861,295.4464316311629,53.226079248858255,1.27470720755902,41.5
1480000,2959.999999943829,-50789.02669339027,18763.629138653938,-32025.39755473633,295.0573139379259,52.9315292714602,1.281800616427864,41.5
1480500,2960.9999999438055,-50631.24161442623,18468.13996352978,-32163.101650896453,290.4107585372833,53.03291733020093,1.279350076598363,41.5
1481000,2961.999999943782,-50751.79875957946,18496.707943450663,-32255.0908161288,290.8599888731528,52.799721329845354,1.285000472346734,41.5
1481500,2962.999999943758,-50648.54915890902,18562.811062347475,-32085.73809656155,291.8994577605672,53.03552624474436,1.2792871430280317,41.5
1482000,2963.9999999437346,-50641.94250248533,18636.420335492287,-32005.522166993047,293.0569606217962,52.90332064273226,1.282484086524878,41.5
1482500,2964.999999943711,-50704.672346983134,18640.270847044445,-32064.40149993869,293.1175097611696,52.931056592724,1.281812063013941,41.5
1483000,2965.9999999436873,-50228.09920318907,18306.662237299704,-31921.436965889367,287.8715277834576,53.040791938406635,1.2791601401316741,41.5
1483500,2966.9999999436636,-50702.20773960593,18599.40015137893,-32102.807588227002,292.4748197147649,52.999646650363324,1.2801531922696714,41.5
1484000,2967.99999994364,-50597.625451360764,18636.142601312175,-31961.48285004859,293.0525932629784,53.07264934697134,1.2783923109822861,41.5
1484500,2968.9999999436163,-50306.91896570255,18467.877931261944,-31839.041034440605,290.4066380904049,52.8195429112258,1.2845182504259698,41.5
1485000,2969.9999999435927,-50437.71763708229,18541.496749929196,-31896.220887153097,291.5642910545905,53.06500902024563,1.2785763745511023,41.4
1485500,2970.999999943569,-50373.54653607618,18901.68535839401,-31471.86117768217,297.2282424437028,52.91561200883234,1.2821861880252374,41.5
1486000,2971.9999999435454,-50318.15042238591,18691.055605822763,-31627.094816563145,293.9160980514938,52.95573710058949,1.2812146627238985,41.5
1486500,2972.9999999435217,-50357.44990493726,18797.0216692702,-31560.42823566706,295.58241013954125,53.458106819198484,1.269174516001771,41.5
1487000,2973.999999943498,-50517.627975396754,18941.861101929782,-31575.76687346697,297.86000439580323,53.19928466759513,1.2753492320913618,41.5
1487500,2974.9999999434744,-50573.320161574855,18758.22234971845,-31815.097811856405,294.9722923992595,52.96419351876323,1.2810101002404828,41.5
1488000,2975.999999943451,-50545.67330337915,18785.75346367989,-31759.919839699265,295.4052180595971,53.18130832920017,1.2757803254602182,41.5
1488500,2976.999999943427,-50715.11815344208,19093.97717816729,-31621.140975274793,300.2520235798189,53.034683454819415,1.2793074725604248,41.5
1489000,2977.9999999434035,-50345.89572831536,18828.984425627204,-31516.911302688153,296.0850231984042,52.985209815693715,1.280501994511898,41.5
1489500,2978.99999994338,-50170.705720313366,18773.397005337058,-31397.30871497631,295.2109132488656,53.371770289659956,1.2712275886747522,41.5
1490000,2979.999999943356,-50202.23129708917,18736.0799953439,-31466.151301745274,294.6241047668064,53.0046259761591,1.2800329329584244,41.5
1490500,2980.9999999433326,-50417.88849280194,18976.44352251783,-31441.44497028411,298.40381156939316,52.85249430923661,1.2837174051172455,41.5
1491000,2981.999999943309,-50141.30472395536,18766.737981706898,-31374.566742248466,295.1062003699633,53.12110799078579,1.27722612375472,41.5
1491500,2982.9999999432853,-50115.93675284251,18732.910822889833,-31383.025929952673,294.57426965736175,53.58714488271587,1.2661183385889059,41.5
1492000,2983.9999999432616,-50005.64040854769,18784.082148597765,-31221.558259949925,295.37893669711485,53.40883996448726,1.2703452629516134,41.5
1492500,2984.999999943238,-50314.24278029931,19136.305669789203,-31177.93711051011,300.9176374090369,53.353724140200015,1.27165756359089,41.5
1493000,2985.9999999432143,-50069.256286922355,18862.489964244036,-31206.76632267832,296.61189644628564,52.84395326691341,1.2839248893043722,41.5
1493500,2986.9999999431907,-50557.36053309505,19170.30501871125,-31387.055514383803,301.4522758041175,53.07610619082337,1.2783090493619853,41.5
1494000,2987.999999943167,-50281.144606163114,18845.78112010913,-31435.363486053982,296.3491505439327,53.16215561479811,1.2762399504684732,41.5
1494500,2988.9999999431434,-50238.25882181268,18741.14243252679,-31497.116389285886,294.7037113880056,53.2543447838509,1.2740306377631307,41.5
1495000,2989.9999999431197,-50413.53727878706,18937.319445243396,-31476.217833543662,297.78858702697704,53.11523700892949,1.277367299278378,41.5
1495500,2990.999999943096,-50598.0164154513,19005.29328993216,-31592.723125519136,298.8574730022697,53.037660082336394,1.2792356741096715,41.5
1496000,2991.9999999430725,-50421.92976096958,18837.308421991533,-31584.621338978046,296.2159177066221,53.08977954465877,1.2779798189132467,41.5
1496500,2992.999999943049,-50346.63495212048,18644.822813824525,-31701.812138295958,293.1890892558047,53.365423472507814,1.2713787773759575,41.5
1497000,2993.999999943025,-50389.55638270205,18893.58387186518,-31495.972510836873,297.1008468937036,53.12712706464126,1.2770814195556832,41.5
1497500,2994.9999999430015,-50492.45234830066,18911.50078086971,-31580.951567430955,297.38258956756914,53.04862257314475,1.278971320227536,41.5
1498000,2995.999999942978,-50692.54372311342,19124.194650883634,-31568.349072229787,300.7271921235901,52.956000263892335,1.2812082957649022,41.5
1498500,2996.999999942954,-50378.89535481627,18681.518566122104,-31697.376788694164,293.7661284855745,53.398599199036425,1.270588889340219,41.5
1499000,2997.9999999429306,-50630.51455529033,19039.287698261323,-31591.226857029003,299.39203370672584,52.908056871077626,1.2823692809953935,41.5
1499500,2998.999999942907,-50294.5068281544,18623.946980556735,-31670.559847597666,292.86081761684324,52.97563335175772,1.2807334722761938,41.5
1500000,2999.9999999428833,-50454.76723025412,18640.56014123628,-31814.207089017837,293.12205890070703,53.47943328312707,1.2686683961184262,41.5
1500500,3000.9999999428596,-50530.53761816284,18819.630959707996,-31710.90665845484,295.9379403228188,53.08280835367378,1.2781476518080939,41.5
1501000,3001.999999942836,-50487.91868105445,18625.758284290743,-31862.160396763706,292.8893002952491,53.236932483852314,1.2744473372729839,41.5
1501500,3002.9999999428123,-50563.23957519576,18505.045237043734,-32058.194338152025,290.99109247975827,52.89888000731801,1.2825917455953924,41.5
1502000,3003.9999999427887,-51073.86729453215,18871.992434247237,-32201.874860284915,296.76132240510213,53.20349930592458,1.2752482023503273,41.4
1502500,3004.999999942765,-50382.51252044956,18375.02267723301,-32007.489843216554,288.9464929534302,53.017125902325965,1.2797311377011216,41.4
1503000,3005.9999999427414,-50619.81623643264,18768.236233273758,-31851.580003158884,295.1297603156249,52.608588168933146,1.2896690295272581,41.4
1503500,3006.9999999427177,-50421.40365455437,18714.55770408792,-31706.84595046645,294.2856676019673,53.15659042694952,1.2763735654164445,41.4
1504000,3007.999999942694,-50655.34500952242,18912.7379206169,-31742.60708890552,297.4020435403627,53.25620832228506,1.2739860569502157,41.4
1504500,3008.9999999426705,-50590.969157632244,18870.80866940634,-31720.160488225905,296.7427077505644,52.76255329353452,1.285905677671994,41.4
1505000,3009.999999942647,-50578.73978712105,18793.09781279982,-31785.64197432123,295.52070765427715,52.69672679597369,1.2875119760533424,41.4
1505500,3010.999999942623,-50535.55103379664,18748.059831583392,-31787.49120221325,294.81248721010246,53.18114567818155,1.2757842273500106,41.4
1506000,3011.9999999425995,-50264.36342169802,18370.273433157443,-31894.089988540578,288.8718112812538,53.00578171659398,1.280005023063113,41.5
1506500,3012.999999942576,-50522.55010239924,18404.220845292155,-32118.329257107085,289.40563297244137,52.92268145141649,1.2820149128481328,41.5
1507000,3013.999999942552,-50675.57287580817,18440.08084798405,-32235.49202782412,289.96953007325754,52.901443395659825,1.282529596426732,41.5
1507500,3014.9999999425286,-50659.28403939311,18376.940465601292,-32282.34357379182,288.9766500984295,53.04891342073649,1.2789643081003423,41.5
1508000,3015.999999942505,-50740.1380005596,18534.24520375863,-32205.89279680097,291.45026078255876,52.64909266098361,1.2886768492955762,41.5
1508500,3016.9999999424813,-50872.21627389946,18766.91075201336,-32105.3055218861,295.1089171760873,52.6392964444913,1.2889166731203046,41.5
1509000,3017.9999999424576,-50705.19964021055,18817.114922326633,-31888.084717883918,295.8983757361375,52.87740613029567,1.2831126148934613,41.5
1509500,3018.999999942434,-50594.34320791753,18624.39281006234,-31969.95039785519,292.8678282678973,52.701105179968806,1.2874050101403844,41.5
1510000,3019.9999999424103,-50611.604778604014,18731.93648731255,-31879.668291291466,294.5589482695757,52.93620704780593,1.2816873484599107,41.5
1510500,3020.9999999423867,-50580.57640084791,18620.389185258726,-31960.187215589183,292.80487142879963,52.813270103502916,1.284670816930291,41.5
1511000,3021.999999942363,-50486.78764480273,18484.46749075759,-32002.32015404514,290.6675082466006,53.027102076323295,1.2794903774106359,41.5
1511500,3022.9999999423394,-50500.253573735434,18545.340708811353,-31954.91286492408,291.62473715349154,53.09174178542873,1.2779325855014292,41.5
1512000,3023.9999999423158,-50550.560048487496,18670.1614712598,-31880.398577227697,293.58753862540146,52.73321482390982,1.2866210997222254,41.5
1512500,3024.999999942292,-50604.58666398593,18749.52160915491,-31855.065054831022,294.8354736036535,52.79815599602709,1.2850385694101238,41.5
1513000,3025.9999999422685,-50548.850641254416,18740.72992640713,-31808.120714847286,294.69722474585603,52.412663554226405,1.2944899619236423,41.5
1513500,3026.999999942245,-50482.21385158282,18653.04651807096,-31829.167333511858,293.3184066745003,52.816716295889954,1.2845869945517026,41.5
1514000,3027.999999942221,-50522.83878515896,18604.610819583446,-31918.227965575512,292.55675726282055,53.04698955631428,1.2790106925219695,41.5
1514500,3028.9999999421975,-50552.496148016144,18678.754355904523,-31873.74179211162,293.72266139101976,53.03413731362708,1.2793206467637555,41.5
1515000,3029.999999942174,-50744.56820679459,18839.25610449929,-31905.3121022953,296.246544935763,52.52738034780861,1.291662869904719,41.5
1515500,3030.99999994215,-50790.443663657476,18778.082077320156,-32012.36158633732,295.2845858174676,52.70613039521504,1.2872822637494707,41.5
1516000,3031.9999999421266,-50767.18948721665,18688.344350179017,-32078.845137037635,293.873463665484,52.61356507481557,1.2895470351068021,41.5
1516500,3032.999999942103,-50839.00085429632,18860.304541760346,-31978.696312535973,296.5775307655801,52.40084629571308,1.2947818908447255,41.5
1517000,3033.9999999420793,-50513.654693322984,18734.50125135354,-31779.153441969444,294.59927908102094,52.880720561156295,1.2830321926147301,41.5
1517500,3034.9999999420556,-50632.00332050813,18932.296629371493,-31699.706691136635,297.70960344930035,52.76783606096534,1.28577694128369,41.5
1518000,3035.999999942032,-50396.56701665856,18760.158984995756,-31636.408031662806,295.00274591114555,52.95595807377487,1.2812093165061078,41.5
1518500,3036.9999999420083,-50634.250700025914,19115.811735731488,-31518.438964294426,300.59537111980217,53.008130110315825,1.2799483156155227,41.5
1519000,3037.9999999419847,-50455.85589718121,18930.64447720672,-31525.21141997449,297.6836234229232,52.88269020689418,1.282984405354289,41.5
1519500,3038.999999941961,-50397.090239223144,19024.15682911828,-31372.933410104863,299.15410139768784,52.83289567161661,1.284193606769825,41.5
1520000,3039.9999999419374,-50399.57523280241,19068.012688461873,-31331.562544340537,299.84373302293153,52.93423641205581,1.2817350631164457,41.5
1520500,3040.9999999419138,-50163.055095805554,18624.556146029827,-31538.498949775727,292.87039671942017,52.98672188763855,1.2804654530714725,41.5
1521000,3041.99999994189,-50530.576051708726,18945.522379279028,-31585.053672429698,297.91757783494273,52.552585980896495,1.2910433536665666,41.5
1521500,3042.9999999418665,-50385.6079801522,18501.64101595899,-31883.96696419321,290.9375612400448,52.76029709025581,1.2859606672146253,41.5
1522000,3043.999999941843,-50695.200875175084,18761.470185128877,-31933.730690046206,295.0233644805308,52.875439860186745,1.283160329786949,41.5
1522500,3044.999999941819,-51035.51888152616,18708.111642769316,-32327.40723875684,294.18430354685336,52.84291076788673,1.2839502189167644,41.5
1523000,3045.9999999417955,-50867.56774344269,18551.92399933298,-32315.64374410971,291.72825913230656,52.84037236816017,1.2840118986275337,41.5
1523500,3046.999999941772,-50958.44008497838,18571.71621486231,-32386.723870116068,292.03949092589033,52.85676930364885,1.2836135795371717,41.5
1524000,3047.9999999417482,-50441.5308616067,18194.301680401542,-32247.229181205155,286.10466254294585,52.34731204122995,1.296106031102205,41.5
1524500,3048.9999999417246,-50865.74574777236,18586.645903717515,-32279.099844054843,292.2742596829892,52.263429958474966,1.2981862633687538,41.5
1525000,3049.999999941701,-50891.79321512535,18825.38558527358,-32066.40762985177,296.028431578511,52.36847152699302,1.2955823393404853,41.5
1525500,3050.9999999416773,-50927.88149411733,18597.944856125167,-32329.936637992167,292.4519352554,52.873650442466584,1.2832037561403917,41.5
1526000,3051.9999999416536,-50788.50763525934,18533.58221314443,-32254.92542211491,291.43983528180155,52.77855990325257,1.28551568995057,41.4
1526500,3052.99999994163,-50823.43368801789,18479.627117302174,-32343.806570715715,290.5913935685893,53.19575573274563,1.2754338370431744,41.5
1527000,3053.9999999416063,-50976.377278547676,18505.755299399432,-32470.621979148244,291.00225818175824,53.17458571870074,1.2759416163117592,41.5
1527500,3054.9999999415827,-50735.392754618006,18382.169969119634,-32353.222785498372,289.0588838310379,53.1027235368509,1.2776683064390093,41.5
1528000,3055.999999941559,-50583.53027977131,18255.082299302347,-32328.44798046896,287.0604353318789,53.07401514281405,1.2783594130962115,41.5
1528500,3056.9999999415354,-50734.6877826497,18416.57103029409,-32318.11675235561,289.5998391351394,52.70294149709865,1.2873601533675743,41.5
1529000,3057.9999999415118,-50985.648243881806,18487.6407268176,-32498.007517064205,290.7174072560853,52.639807462130676,1.2889041605525844,41.5
1529500,3058.999999941488,-51056.690163768995,18446.057781897067,-32610.63238187193,290.06351711877676,52.68471322008587,1.2878055644945698,41.5
1530000,3059.9999999414645,-51105.42672211678,18567.093741116398,-32538.332981000385,291.9668027120518,52.56245461943949,1.290800959351215,41.5
1530500,3060.999999941441,-51070.853792243266,18306.86973492919,-32763.984057314075,287.8747906753402,53.03009456397793,1.2794181757826715,41.5
1531000,3061.999999941417,-51040.718299362925,18309.551953503833,-32731.166345859092,287.9169684546057,52.30851165019655,1.2970674314410982,41.5
1531500,3062.9999999413935,-50880.29585836324,18185.808522452186,-32694.487335911057,285.9711079756034,52.94150446594384,1.2815591006158917,41.5
1532000,3063.99999994137,-50941.389021325595,18246.79942015135,-32694.589601174244,286.93018739018777,53.01217386572418,1.2798506814770547,41.5
1532500,3064.9999999413462,-50967.23571199605,18176.68809314647,-32790.54761884958,285.8276895913975,52.88879087362142,1.282836414444608,41.5
1533000,3065.9999999413226,-50766.97972111406,18068.246609204445,-32698.733111909616,284.1224516155806,52.984631131838995,1.2805159798094141,41.5
1533500,3066.999999941299,-50956.89775147506,18315.11867423327,-32641.77907724179,288.0045049143029,52.292259624600476,1.2974705498614334,41.5
1534000,3067.9999999412753,-50729.67459610866,18359.754609052157,-32369.919987056506,288.70640319503786,52.88119746135356,1.283020621804402,41.5
1534500,3068.9999999412516,-51005.643850079374,18741.15272196135,-32264.491128118025,294.7038731889504,52.60276587403664,1.2898117755080831,41.5
1535000,3069.999999941228,-50489.56583971228,18399.83677220872,-32089.729067503562,289.33669359943696,52.93919469738528,1.2816150158018604,41.5
1535500,3070.9999999412044,-50821.04942688966,18711.629473975525,-32109.419952914133,294.23962130115996,53.14782914668722,1.2765839722515977,41.5
1536000,3071.9999999411807,-50691.15123747811,18649.729033997028,-32041.42220348108,293.26623937079523,53.17248253858385,1.2759920848042878,41.5
1536500,3072.999999941157,-50348.165966581415,18479.47392561889,-31868.692040962524,290.5889846355277,52.80126222447096,1.2849629722901383,41.5
1537000,3073.9999999411334,-50560.63359676215,18620.57680587565,-31940.056790886498,292.80782175545875,52.72132325745835,1.2869113037489812,41.5
1537500,3074.9999999411098,-50366.58491433323,18498.80873467456,-31867.77617965867,290.8930237307002,52.750228142794946,1.2862061309946085,41.5
1538000,3075.999999941086,-50537.35210412038,18668.304906641828,-31869.04719747855,293.55834422141476,52.9707566516003,1.280851381732669,41.5
1538500,3076.9999999410625,-50601.26010302596,18807.752986177115,-31793.507116848847,295.7511596665209,52.720743513952165,1.2869254552654747,41.5
1539000,3077.999999941039,-50510.469219551924,18583.924998801347,-31926.544220750577,292.2314735625584,52.840838796067764,1.2840005646101933,41.5
1539500,3078.999999941015,-50568.19888826329,18484.33919548058,-32083.859692782706,290.6654908085269,52.874613678945515,1.2831803795408894,41.5
1540000,3079.9999999409915,-50537.163220332186,18443.900643680943,-32093.262576651243,290.02959620704166,52.798623128736246,1.2850272001070486,41.5
1540500,3080.999999940968,-50633.61995111642,18483.187305921598,-32150.432645194825,290.647377391516,52.84638158389,1.2838658923302761,41.4
1541000,3081.9999999409442,-50728.92214581671,18439.719172916335,-32289.202972900373,289.9638427473565,52.80865194274338,1.2847831624671948,41.5
1541500,3082.9999999409206,-50543.92939405191,18243.10747491211,-32300.821919139802,286.8721316997109,52.973270786060624,1.2807905919692737,41.5
1542000,3083.999999940897,-50906.311307651995,18574.4878674309,-32331.823440221095,292.0830750511155,52.85016094871714,1.283774081870116,41.5
1542500,3084.9999999408733,-50444.921502049634,18085.1243822753,-32359.797119774335,284.3878539186607,53.20985277179902,1.2750959326951221,41.5
1543000,3085.9999999408496,-50692.89629221457,18351.11779196606,-32341.778500248514,288.570589593545,53.16536277266732,1.2761629623170399,41.5
1543500,3086.999999940826,-50862.19354219704,18724.189100627827,-32138.004441569214,294.43712092539084,53.03922393900973,1.2791979559626634,41.5
1544000,3087.9999999408024,-50631.77864449654,18475.530295879937,-32156.248348616602,290.5269712164102,52.7531678693576,1.2861344557856866,41.5
1544500,3088.9999999407787,-50661.12488126893,18441.328330559118,-32219.796550709812,289.98914668660376,52.39298823354991,1.29497608623096,41.5
1545000,3089.999999940755,-50722.19148716269,18660.026825213914,-32062.164661948773,293.4281717237263,52.534842536074905,1.291479398687399,41.5
1545500,3090.9999999407314,-50936.530001278115,18543.297248433228,-32393.232752844888,291.5926038211893,52.27566039912058,1.2978825390366295,41.5
1546000,3091.9999999407078,-50714.31787954712,18456.15392014033,-32258.16395940679,290.22227848680365,52.752417353165114,1.2861527538046822,41.5
1546500,3092.999999940684,-50868.687433616535,18583.46238707523,-32285.225046541305,292.22419901176147,52.67828357543355,1.2879627475233055,41.5
1547000,3093.9999999406605,-50870.22447040416,18556.08967171185,-32314.13479869231,291.79376416301096,52.875737943719564,1.283153096054066,41.5
1547500,3094.999999940637,-50781.31428067904,18230.27446516569,-32551.03981551335,286.6703331373146,53.08226186987859,1.2781608103841409,41.5
1548000,3095.999999940613,-50655.303277559426,18304.262865490586,-32351.04041206884,287.8337977582101,52.61087108223582,1.2896130676600057,41.4
1548500,3096.9999999405895,-50988.89717988353,18511.56378383129,-32477.333396052236,291.0935963659575,52.974680197371775,1.2807565160533678,41.4
1549000,3097.999999940566,-50796.33433888049,18464.558535743316,-32331.775803137178,290.35444072930875,52.78256013802982,1.2854182645025392,41.4
1549500,3098.9999999405422,-50895.14827263355,18530.31209351428,-32364.836179119273,291.38841278207093,52.862726270264766,1.2834689323768658,41.4
1550000,3099.9999999405186,-50871.042219143725,18476.362893703634,-32394.67932544009,290.5400637837188,52.88229930545433,1.282993889065435,41.4
1550500,3100.999999940495,-50804.286873018835,18457.258161896476,-32347.02871112236,290.23964264403037,52.95251765103304,1.2812925590385706,41.4
1551000,3101.9999999404713,-50703.64501225597,18439.559792408007,-32264.085219847962,289.9613364952699,52.9453378205423,1.2814663130226158,41.4
1551500,3102.9999999404477,-50600.3872937695,18541.877816024215,-32058.509477745283,291.57028330361646,53.091554585332965,1.2779370914742578,41.5
1552000,3103.999999940424,-50696.665274009974,18634.035757561433,-32062.629516448542,293.0194632296897,52.61021552670143,1.2896291370293336,41.5
1552500,3104.9999999404004,-50750.18648117035,18785.935224345318,-31964.25125682503,295.40807623875446,52.5476388422124,1.2911648999559624,41.4
1553000,3105.9999999403767,-50554.911152380584,18425.212322476822,-32129.698829903762,289.73572310734704,52.74359122484648,1.2863679789908862,41.5
1553500,3106.999999940353,-50574.78907244253,18442.524887178268,-32132.264185264263,290.00796249134027,52.700330882142154,1.2874239252948947,41.5
1554000,3107.9999999403294,-50719.56893071796,18561.564391993837,-32158.00453872412,291.87985391937036,52.77147001861896,1.2856883999003443,41.5
1554500,3108.9999999403058,-50717.76658098754,18491.897652996136,-32225.868927991403,290.78434724912125,52.6093086232668,1.289651368248948,41.5
1555000,3109.999999940282,-50664.19363190512,18402.39400678788,-32261.799625117237,289.3769060103976,52.805079818317125,1.2848700746607353,41.5
1555500,3110.9999999402585,-51215.10276982666,18832.802990032767,-32382.299779793895,296.14506997018157,52.60484599481913,1.2897607732814063,41.5
1556000,3111.999999940235,-50665.55184514395,18271.393584267455,-32394.158260876495,287.31692963226806,52.70964740967599,1.2871963707382401,41.4
1556500,3112.999999940211,-50997.09636929349,18571.337168494716,-32425.759200798773,292.03353043699695,52.56189953454482,1.290814590976421,41.5
1557000,3113.9999999401875,-50670.2817407577,18168.96942871432,-32501.31231204338,285.70631390347967,53.088920007468246,1.278000510070327,41.5
1557500,3114.999999940164,-51008.31211003456,18394.470853967854,-32613.841256066706,289.25231475080056,53.10945477014727,1.2775063713658052,41.5
1558000,3115.9999999401402,-50809.083821628534,18227.921663783498,-32581.162157845036,286.63333543015847,52.87005475722568,1.2832910266535058,41.5
1558500,3116.9999999401166,-50710.67139622668,18216.065248466257,-32494.606147760423,286.44689377590345,53.114116764043956,1.2773942405940044,41.5
1559000,3117.999999940093,-50997.32325330301,18361.073485146222,-32636.249768156787,288.7271424686004,53.05806744737984,1.2787436503584473,41.5
1559500,3118.9999999400693,-50904.386829452,18235.695556584607,-32668.691272867392,286.75557958195805,53.150676870029365,1.2765155750421908,41.5
1560000,3119.9999999400457,-50994.56114153313,18424.46063009477,-32570.10051143836,289.72390277485607,53.03575035804165,1.2792817371412881,41.4
1560500,3120.999999940022,-50917.665711587484,18288.52145904825,-32629.144252539234,287.58626477468334,52.763553422568165,1.2858813034303187,41.4
1561000,3121.9999999399984,-50853.86641733943,18358.863813744978,-32495.00260359445,288.692395474641,52.996182743095765,1.2802368649365836,41.4
1561500,3122.9999999399747,-50886.84319330964,18297.792157047857,-32589.051036261786,287.7320461280602,53.032661435734056,1.2793562497489637,41.4
1562000,3123.999999939951,-50944.186903366885,18511.865911442022,-32432.320991924862,291.0983473104913,53.19785334163912,1.275383546266544,41.4
1562500,3124.9999999399274,-50644.38230347849,18469.639546177772,-32174.742757300715,290.4343394141422,53.36040433066345,1.271498364746061,41.4
1563000,3125.999999939904,-50473.939708748345,18344.10468890145,-32129.835019846894,288.46030882976936,52.64012993936178,1.2888962646327733,41.4
1563500,3126.99999993988,-50487.3887327707,18431.930379475205,-32055.458353295493,289.8413642835916,52.79401914904936,1.2851392627842564,41.5
1564000,3127.9999999398565,-50764.83104401843,18710.914746763363,-32053.916297255066,294.2283822444796,52.970579293182304,1.2808556703354703,41.5
1564500,3128.999999939833,-50825.689722146475,18693.20339682466,-32132.486325321814,293.94987197866095,53.382818319389195,1.270964497278785,41.5
1565000,3129.999999939809,-50333.4447793968,18335.838074841402,-31997.606704555397,288.3303166559796,53.284078756072475,1.27331969384748,41.5
1565500,3130.9999999397855,-50538.25256695331,18535.669744789466,-32002.582822163848,291.4726616330044,52.96910510275449,1.2808913180052763,41.5
1566000,3131.999999939762,-50465.65928729148,18466.104594744596,-31999.55469254688,290.3787524449548,52.82163702935563,1.2844673255946397,41.5
1566500,3132.9999999397382,-50567.89260618321,18663.74694435838,-31904.14566182483,293.48667044773026,53.067925142249116,1.2785061158272317,41.5
1567000,3133.9999999397146,-50768.308376459376,18897.489561874158,-31870.81881458522,297.16226371209234,52.626372436960914,1.2892332058398912,41.5
1567500,3134.999999939691,-50444.67872881095,18543.265475459535,-31901.413253351413,291.59210419245517,52.84479968758136,1.2839043245455155,41.5
1568000,3135.9999999396673,-50619.64756823049,18501.01358846982,-32118.633979760667,290.9276949679991,53.03323951627222,1.279342304326129,41.5
1568500,3136.9999999396437,-50681.11876904478,18610.52824522674,-32070.59052381804,292.6498085431904,53.06474688719876,1.2785826905544828,41.5
1569000,3137.99999993962,-50585.107772403026,18681.448570187145,-31903.65920221588,293.76502780231095,52.98277704628652,1.280560790336726,41.5
1569500,3138.9999999395964,-50443.80774210722,18552.892472673822,-31890.9152694334,291.7434883366602,52.544257010400166,1.2912480013790664,41.5
1570000,3139.9999999395727,-50483.76774848463,18593.83961241596,-31889.92813606867,292.3873804630968,52.86028968464031,1.2835280936483744,41.5
1570500,3140.999999939549,-50365.396467981955,18509.793386005716,-31855.603081976238,291.06575693131754,52.994458019454186,1.280278530704483,41.4
1571000,3141.9999999395254,-50564.22452512079,18553.568240417906,-32010.656284702887,291.7541147572712,52.9110763557171,1.2822960998278046,41.5
1571500,3142.999999939502,-50700.42208951465,18758.57083973164,-31941.85124978301,294.9777723907082,53.08098753658125,1.2781914956248575,41.5
1572000,3143.999999939478,-50496.98022980466,18681.1932953259,-31815.786934478765,293.7610136153795,53.25179827505426,1.2740915620949156,41.5
1572500,3144.9999999394545,-50711.99172885747,18496.62112392384,-32215.370604933632,290.8586236395835,53.13042301002905,1.277002195819523,41.5
1573000,3145.999999939431,-50537.52574366052,18277.149722046706,-32260.37602161381,287.40744466745946,53.22773648371044,1.2746675198069144,41.5
1573500,3146.999999939407,-50559.786563979855,18512.109344872108,-32047.677219107747,291.10217529139373,52.875927533631696,1.28314849522919,41.5
1574000,3147.9999999393835,-50435.532926635045,18388.022738088173,-32047.510188546872,289.15091838779637,53.089505333745855,1.2779864197661013,41.5
1574500,3148.99999993936,-50817.75839584316,18824.43715690667,-31993.321238936485,296.01351758056666,52.6766226874402,1.288003356843989,41.5
1575000,3149.9999999393362,-50440.8840292545,18421.76075290868,-32019.123276345817,289.6814473146355,53.07628762197247,1.2783046797067188,41.5
1575500,3150.9999999393126,-50615.99471407364,18638.251713576195,-31977.743000497445,293.0857589685472,52.690025036966354,1.2876757375048984,41.5
1576000,3151.999999939289,-50520.59366541072,18491.5886761773,-32029.00498923342,290.77948860106545,52.54984962322441,1.29111058043146,41.5
1576500,3152.9999999392653,-50965.400643348294,18829.674593234762,-32135.72605011353,296.0958760562894,52.77847401122976,1.2855177820069439,41.4
1577000,3153.9999999392417,-50748.83635104782,18608.036272132882,-32140.80007891494,292.6106223664628,52.97684433233851,1.2807041964032415,41.5
1577500,3154.999999939218,-50692.966711762914,18680.195687561376,-32012.77102420154,293.7453262733846,52.58499476557294,1.2902476676302086,41.5
1578000,3155.9999999391944,-50583.39008188606,18451.266077867032,-32132.124004019024,290.1454173635394,52.76649869165793,1.2858095293587013,41.5
1578500,3156.9999999391707,-50595.62041473616,18620.039451648532,-31975.580963087625,292.79937188183806,53.10400155163478,1.2776375577395362,41.5
1579000,3157.999999939147,-50599.52692012944,18675.341070105475,-31924.18585002397,293.66898760903825,53.271248526365746,1.273626369298386,41.5
1579500,3158.9999999391234,-50483.68370083215,18782.24694015737,-31701.436760674784,295.350078118162,53.02927401100203,1.2794379729684926,41.5
1580000,3159.9999999391,-50770.255003309154,19130.85133579596,-31639.403667513194,300.8318682262485,53.07226472470537,1.2784015756735518,41.5
1580500,3160.999999939076,-50256.59586014827,18415.855547918996,-31840.740312229274,289.5885882035523,52.55859899884602,1.2908956505883435,41.5
1581000,3161.9999999390525,-50623.232264213984,18652.361573980477,-31970.870690233507,293.30763595621113,53.08114291106459,1.278187754214399,41.5
1581500,3162.999999939029,-50614.1363128177,18464.530792645368,-32149.605520172336,290.35400447020874,52.81954054135564,1.2845183080588352,41.5
1582000,3163.999999939005,-50715.818323195155,18598.929022333847,-32116.88930086131,292.46741122946963,52.51914463930699,1.2918654200214807,41.5
1582500,3164.9999999389815,-50676.198691440964,18604.11168348546,-32072.087007955506,292.5489083677441,52.81285118391971,1.2846810071349688,41.5
1583000,3165.999999938958,-50954.518651081315,18622.440110455856,-32332.078540625458,292.8371221450807,52.923837067268025,1.2819869194743094,41.5
1583500,3166.9999999389343,-50818.46790398389,18459.54494530445,-32358.92295867944,290.27560222119575,52.69399627408734,1.2875786929447937,41.5
1584000,3167.9999999389106,-51099.720020885565,18821.690253027584,-32278.02976785798,295.97032262748905,52.79865777285518,1.2850263569296456,41.5
1584500,3168.999999938887,-50822.38306228183,18523.369844448087,-32299.01321783374,291.27924619457224,52.89279329944324,1.2827393415303212,41.5
1585000,3169.9999999388633,-50884.62347526548,18447.61609460137,-32437.00738066411,290.0880215234103,52.52382572234189,1.2917502850476306,41.5
1585500,3170.9999999388397,-50570.119446700875,18300.026839056653,-32270.092607644223,287.7671864128179,52.98031355326445,1.2806203342004698,41.5
1586000,3171.999999938816,-50918.89835895168,18428.681160009597,-32490.217198942082,289.7902704381082,52.961095196065926,1.281085041716945,41.5
1586500,3172.9999999387924,-50997.235220327566,18206.896385558975,-32790.33883476859,286.30271377525986,52.908637661986816,1.2823552041177126,41.5
1587000,3173.9999999387687,-50931.30008048752,18145.453977866782,-32785.84610262074,285.33653438418503,52.861872327045,1.2834896658383255,41.5
1587500,3174.999999938745,-50806.807569613295,18195.427196115852,-32611.380373497443,286.1223612323095,52.963478506169466,1.281027394013102,41.5
1588000,3175.9999999387214,-50998.748174544446,18341.043260583705,-32657.70491396074,288.41216799253726,52.438225722496185,1.293858934275885,41.5
1588500,3176.999999938698,-50856.743671916796,18103.97150172739,-32752.772170189408,284.6842241144212,52.567991770597864,1.2906649952447968,41.5
1589000,3177.999999938674,-50842.98287565074,18203.95923459025,-32639.023641060492,286.2565271943453,52.8673059941339,1.2833577496109885,41.5
1589500,3178.9999999386505,-51152.48355201054,18444.017826739713,-32708.465725270828,290.03143890593026,52.885496875361405,1.2829163165192168,41.5
1590000,3179.999999938627,-51383.55377591326,18527.41303207261,-32856.140743840646,291.3428251574383,52.906532812953,1.2824062217136292,41.5
1590500,3180.999999938603,-51183.55383520956,18469.059525510667,-32714.494309698894,290.4252186124679,52.718678585251624,1.2869758626235375,41.5
1591000,3181.9999999385795,-51324.688335945604,18468.259100801304,-32856.4292351443,290.4126319660889,52.77307018273042,1.2856494157664118,41.5
1591500,3182.999999938556,-51154.04047901756,18222.733811045,-32931.30666797256,286.55175665438884,52.65691383129085,1.2884854411712485,41.5
1592000,3183.9999999385323,-51200.49897616029,18199.33850486909,-33001.1604712912,286.1838664052259,52.626818805666296,1.2892222708571182,41.5
1592500,3184.9999999385086,-51224.46397848821,18334.272175168262,-32890.19180331995,288.30569294656607,52.79801357918661,1.2850420356604721,41.5
1593000,3185.999999938485,-50734.53780571926,18096.406222614423,-32638.131583104834,284.5652604044818,52.828622147698844,1.284297490457691,41.5
1593500,3186.9999999384613,-50827.493708073285,18214.745270773812,-32612.748437299473,286.4261371797507,52.54094864384385,1.2913293078992938,41.5
1594000,3187.9999999384377,-50760.586481202576,18180.014867832288,-32580.571613370288,285.88000298960105,53.1107217394218,1.2774758961384405,41.5
1594500,3188.999999938414,-50813.673980979234,18199.69681122622,-32613.977169753016,286.18950075828843,52.65454469806041,1.2885434151541801,41.5
1595000,3189.9999999383904,-51095.16117342385,18557.511224109257,-32537.64994931459,291.81611801731617,52.43552802288376,1.2939255006456183,41.5
1595500,3190.9999999383667,-50892.54443836726,18401.346060173895,-32491.198378193363,289.3604270920184,52.54621476829604,1.291199892281553,41.5
1596000,3191.999999938343,-50714.248027491696,18262.58252324661,-32451.665504245088,287.1783760519056,52.80708074059377,1.2848213894253668,41.5
1596500,3192.9999999383194,-50587.40737028179,18192.434456489314,-32394.972913792477,286.07530052198547,53.01526398626487,1.279776082341212,41.5
1597000,3193.999999938296,-50631.03650157983,18315.139572220454,-32315.896929359376,288.00483353431133,52.91311123410867,1.282246786594009,41.4
1597500,3194.999999938272,-50692.2854331741,18503.715157029786,-32188.57027614431,290.9701770250059,52.5223491417475,1.2917866005101883,41.5
1598000,3195.9999999382485,-50745.15526793257,18826.97567766867,-31918.1795902639,296.05343571750467,52.78231712141801,1.2854241827344102,41.5
1598500,3196.999999938225,-50444.303151225606,18657.782042851533,-31786.521108374072,293.39287261131443,52.76703493203076,1.2857964624319296,41.5
1599000,3197.999999938201,-50732.72804640875,18923.30067025284,-31809.427376155912,297.56814235378255,52.82437940933794,1.2844006424168903,41.5
1599500,3198.9999999381776,-50597.96285642851,18946.076674881664,-31651.886181546844,297.9262941110124,53.10968134150267,1.277500921392415,41.5
1600000,3199.999999938154,-50341.96628063724,18697.402915404513,-31644.56336523273,294.01590923951534,52.35841233337224,1.295831248981215,41.5
1600500,3200.9999999381303,-50630.88352829161,18747.97872555078,-31882.90480274083,294.811211821,52.88265223858879,1.2829853265021824,41.5
1601000,3201.9999999381066,-50553.18666707877,18563.958416625974,-31989.228250452798,291.91749986047483,52.55524185294183,1.2909781109651457,41.5
1601500,3202.999999938083,-50771.00254366843,18764.983007458257,-32006.019536210173,295.0786034704505,52.89200429946749,1.282758476394329,41.5
1602000,3203.9999999380593,-50314.50725156554,18374.919686922396,-31939.587564643145,288.9448734349359,52.855301484782494,1.2836492261454822,41.5
1602500,3204.9999999380357,-50624.12968132949,18532.458369105185,-32091.671312224305,291.42216287946115,52.5905465401422,1.2901114613220324,41.5
1603000,3205.999999938012,-50465.466662410356,18334.202679525974,-32131.263982884382,288.30460013038464,53.17965055122277,1.275820095569755,41.4
1603500,3206.9999999379884,-50782.46013779823,18588.30613258072,-32194.15400521751,292.3003667151246,52.797663611888666,1.2850505535125547,41.5
1604000,3207.9999999379647,-50371.6116542745,18136.91591887024,-32234.69573540426,285.20227374968056,52.7064975703134,1.2872732960127855,41.5
1604500,3208.999999937941,-50770.40013320439,18389.95987839636,-32380.440254808032,289.1813798412727,52.478881951637675,1.292856561066845,41.5
1605000,3209.9999999379174,-50641.16588471338,18312.624761422274,-32328.541123291106,287.96528823560124,52.94604658125756,1.2814491587110244,41.5
1605500,3210.999999937894,-50955.92330561765,18688.76686920511,-32267.156436412544,293.88010776018467,52.51351296423023,1.292003962767486,41.5
1606000,3211.99999993787,-50857.09004369231,18525.376616297413,-32331.713427394898,291.31080260123395,52.776552450186934,1.285564586899933,41.5
1606500,3212.9999999378465,-50780.76899239387,18627.168607906046,-32153.60038448782,292.91147757740697,52.781892704102,1.2854345187844003,41.5
1607000,3213.999999937823,-50813.69585987841,18538.06812697136,-32275.62773290705,291.5103760964036,52.56817765032756,1.2906604314864325,41.5
1607500,3214.999999937799,-50876.42832252335,18711.372323334585,-32165.055999188768,294.2355776176682,52.6574061608367,1.2884733942532869,41.5
1608000,3215.9999999377756,-50880.48239320569,18564.336031582225,-32316.146361623465,291.92343784048234,52.604183221891425,1.2897770232917931,41.5
1608500,3216.999999937752,-51002.71242226362,18924.41390382885,-32078.29851843477,297.5856479070151,52.801550743488036,1.284955950976398,41.5
1609000,3217.9999999377283,-50608.08983170818,18426.216443397338,-32181.873388310843,289.75151286845806,52.66722503316969,1.288233181184255,41.5
1609500,3218.9999999377046,-50565.18211732944,18440.33787146626,-32124.844245863176,289.97357175718344,52.96672099371286,1.2809489727838865,41.5
1610000,3219.999999937681,-50893.40283688607,18676.692321969153,-32216.710514916915,293.6902359902765,52.98209125741834,1.2805773656419697,41.5
1610500,3220.9999999376573,-50970.48734761296,18584.275690206443,-32386.211657406515,292.23698817080634,53.04386165399223,1.2790861135111344,41.5
1611000,3221.9999999376337,-50678.588247815984,18316.22443497207,-32362.363812843912,288.0218929574708,52.78531817377888,1.2853511013282202,41.5
1611500,3222.99999993761,-50819.07662830059,18491.587808291355,-32327.488820009232,290.7794749535939,52.79055716896416,1.285223541616931,41.5
1612000,3223.9999999375864,-50721.90659496179,18324.959271033913,-32396.947323927874,288.15924790341705,52.84835365618967,1.2838179840003547,41.5
1612500,3224.9999999375627,-50688.89454437452,18187.461486083474,-32501.433058291044,285.997100762259,52.49239708063695,1.2925236914672051,41.5
1613000,3225.999999937539,-50688.74106525159,18357.33233947697,-32331.40872577462,288.66831310333936,53.165885654352984,1.276150411369516,41.5
1613500,3226.9999999375154,-50898.96699418778,18408.13164510014,-32490.83534908764,289.46713014221416,52.824495909842355,1.2843978097666182,41.5
1614000,3227.999999937492,-50773.94693613215,18311.72570580044,-32462.221230331714,287.9511506220885,52.96878630980975,1.2808990270570333,41.5
1614500,3228.999999937468,-50927.34002128221,18493.964537144908,-32433.3754841373,290.81684891927534,53.29632892801721,1.2730270210592411,41.5
1615000,3229.9999999374445,-50885.21051493396,18403.476777916818,-32481.733737017144,289.3939325428745,53.00600569026089,1.2799996144794072,41.4
1615500,3230.999999937421,-50763.62613854653,18518.650014617375,-32244.97612392916,291.2050270602138,52.92573157113448,1.2819410300911382,41.5
1616000,3231.999999937397,-50543.678584504305,18546.72044545248,-31996.958139051825,291.6464334567101,52.84365671966566,1.2839320944149923,41.5
1616500,3232.9999999373736,-50965.58665904187,18922.63794695849,-32042.948712083376,297.55772105661924,52.8919845720184,1.2827589548326546,41.5
1617000,3233.99999993735,-50501.6792680269,18469.97917717116,-32031.70009085574,290.4396800978606,52.98350752182373,1.2805431354404193,41.5
1617500,3234.9999999373263,-51083.70774741484,18932.538863135414,-32151.168884279425,297.7134125655007,52.86859679753456,1.2833264160283364,41.5
1618000,3235.9999999373026,-50775.26549751341,18480.668127031473,-32294.597370481933,290.60776340473564,52.978410970424946,1.280666324373205,41.5
1618500,3236.999999937279,-50763.48351517966,18518.427017810358,-32245.0564973693,291.20152044438754,52.82875415034128,1.2842942813973002,41.5
1619000,3237.9999999372553,-50733.72968928288,18459.602885087363,-32274.12680419552,290.27651332195296,52.97949201447605,1.2806401924368884,41.5
1619500,3238.9999999372317,-51149.56323132056,18673.06461919196,-32476.4986121286,293.6331905099329,52.98988686309063,1.2803889735398843,41.5
1620000,3239.999999937208,-50687.415357962556,18464.160459191364,-32223.254898771193,290.34818099153136,52.770543957806,1.2857109622155212,41.5
1620500,3240.9999999371844,-50901.37815767949,18611.078618555315,-32290.29953912418,292.65846314165816,52.66640823586992,1.288253160245275,41.5
1621000,3241.9999999371607,-50637.53204536247,18578.282473913376,-32059.249571449098,292.1427450855154,52.89822391705745,1.282607653425377,41.5
1621500,3242.999999937137,-50478.96797828378,18422.31802734823,-32056.64995093555,289.6902104327958,53.06798250065089,1.2785047339569584,41.5
1622000,3243.9999999371134,-50843.747887367266,18862.436127601934,-31981.311759765333,296.61104986725275,52.773305543109885,1.2856436819786332,41.5
1622500,3244.99999993709,-50833.64212904571,18750.587605583365,-32083.054523462342,294.8522363546396,52.36732448879459,1.2956107173881886,41.5
1623000,3245.999999937066,-50704.56277579309,18458.343994518378,-32246.218781274714,290.25671731836104,52.25699390726613,1.2983461499723439,41.5
1623500,3246.9999999370425,-50793.92662490248,18624.860302869733,-32169.066322032748,292.87517957350104,52.62890581733771,1.2891711464439362,41.4
1624000,3247.999999937019,-50767.74782856407,18538.936139603746,-32228.811688960322,291.52402556015517,52.972264444342656,1.2808149238157256,41.5
1624500,3248.999999936995,-50590.31626441843,18327.24230261355,-32263.073961804876,288.1951484832327,52.71958172916036,1.286953815323978,41.5
1625000,3249.9999999369716,-50846.78725015509,18772.455193652335,-32074.332056502753,295.1961032979827,53.02338799034304,1.2795800008287677,41.5
1625500,3250.999999936948,-50964.16478746454,18692.511128235004,-32271.653659229538,293.9389860829167,52.76466726369622,1.2858541589877244,41.5
1626000,3251.9999999369243,-50693.04057343286,18279.461181762697,-32413.579391670162,287.4437922785765,52.6204906160664,1.2893773139376916,41.5
1626500,3252.9999999369006,-50839.09287443442,18589.16287005775,-32249.93000437667,292.31383887751144,52.58934006308249,1.2901410583825905,41.5
1627000,3253.999999936877,-50812.08798713642,18366.866821710944,-32445.22116542548,288.8182424531979,52.619277833235834,1.2894070318420958,41.5
1627500,3254.9999999368533,-50623.13366892287,18226.641149004587,-32396.492519918284,286.61319938673466,53.06380719683658,1.2786053325753826,41.5
1628000,3255.9999999368297,-51163.99647137823,18499.915133348586,-32664.081338029646,290.91042180537386,52.30765618048983,1.2970886444331573,41.5
1628500,3256.999999936806,-50572.16755942752,18124.14236742277,-32448.025192004752,285.0014101666451,52.86260658660451,1.2834718382165429,41.5
1629000,3257.9999999367824,-50482.12885898502,18054.65763489934,-32427.471224085682,283.9087655408875,53.297719496205985,1.2729938070512934,41.5
1629500,3258.9999999367587,-50825.39916320265,18362.18441146923,-32463.214751733423,288.7446117403722,52.921146674636795,1.282052092819526,41.4
1630000,3259.999999936735,-50974.8598399876,18286.487548904282,-32688.372291083317,287.55428161942933,52.70174579433655,1.2873893611303908,41.5
1630500,3260.9999999367114,-51019.55377274047,18364.463170851595,-32655.090601888878,288.7804451400575,53.031880911226665,1.2793750793452263,41.5
1631000,3261.999999936688,-51084.655975093716,18345.7206777982,-32738.935297295517,288.4857201902106,52.84799745241155,1.2838266371345959,41.5
1631500,3262.999999936664,-51144.198699455366,18373.929000550113,-32770.26969890525,288.9292949315557,52.5380682049639,1.2914001059943203,41.5
1632000,3263.9999999366405,-51155.09122652892,18532.626652713723,-32622.4645738152,291.42480913244066,52.42984824141503,1.2940656729773525,41.5
1632500,3264.999999936617,-51122.30556144795,18532.258718168276,-32590.046843279677,291.4190233765039,52.54831160169797,1.291148369578346,41.5
1633000,3265.999999936593,-50876.924251999844,18298.60339912545,-32578.320852874393,287.74480287711975,53.131157852257445,1.2769845339582504,41.5
1633500,3266.9999999365696,-50650.697424876904,18194.94701386476,-32455.750411012144,286.1148103857136,53.48522691001982,1.2685309714170208,41.5
1634000,3267.999999936546,-50912.19826660259,18392.968653539203,-32519.229613063384,289.2286927094461,52.86312398945404,1.2834592761139603,41.5
1634500,3268.9999999365223,-50859.77848203957,18474.86952860141,-32384.908953438156,290.5165806775172,52.549778635973674,1.2911123245375793,41.5
1635000,3269.9999999364986,-50407.92926543479,18293.03459367389,-32114.8946717609,287.6572336352508,53.062527686360994,1.278636163916981,41.5
1635500,3270.999999936475,-50675.038262464645,18613.751315846814,-32061.28694661783,292.70049119912886,53.11380660474506,1.2774016999671391,41.5
1636000,3271.9999999364513,-50818.1614201901,18742.176310295523,-32075.98510989458,294.7199690743587,53.244372951697066,1.2742692436283953,41.5
1636500,3272.9999999364277,-50573.10736741793,18902.026583362986,-31671.080784054942,297.2336081926233,52.7287378212163,1.2867303419754446,41.5
1637000,3273.999999936404,-50610.71148298223,18884.332729499783,-31726.378753482448,296.9553730518886,52.80641397822198,1.2848376122758198,41.5
1637500,3274.9999999363804,-49815.454383749,18334.919266984838,-31480.53511676416,288.3158684393697,53.03764110308228,1.2792361318777477,41.5
1638000,3275.9999999363567,-50381.35682501772,18866.549353367605,-31514.807471650114,296.6757301770729,52.89744550765469,1.282626527566612,41.5
1638500,3276.999999936333,-50259.86767800942,18716.051198523255,-31543.816479486162,294.3091527419269,52.95061702617054,1.281338550126694,41.5
1639000,3277.9999999363095,-50538.331799923886,18741.97531199087,-31796.356487933015,294.7168083840979,52.98470900927945,1.280514097694577,41.5
1639500,3278.999999936286,-50785.62532911015,18735.032142333934,-32050.59318677622,294.6076273203467,53.16358628774382,1.2762056058710363,41.5
1640000,3279.999999936262,-50451.59928092761,18532.43238955357,-31919.166891374036,291.4217543520564,53.034795234131664,1.2793047762153404,41.5
1640500,3280.9999999362385,-50525.89442139889,18411.94566468805,-32113.948756710837,289.5271054469166,52.95605631662523,1.281206939636229,41.5
1641000,3281.999999936215,-50645.871709625004,18607.981292003773,-32037.89041762123,292.6097578061427,53.20817988047973,1.2751360223377648,41.5
1641500,3282.999999936191,-50515.518801737824,18336.768728203366,-32178.75007353446,288.3449511426857,53.56408641826014,1.2666633818568733,41.5
1642000,3283.9999999361676,-50873.23854270207,18570.038930363797,-32303.199612338274,292.01311569457533,52.86834055591701,1.283332636038899,41.5
1642500,3284.999999936144,-50932.9313820676,18659.04216011291,-32273.889221954694,293.4126879045949,52.88458497882317,1.2829384380305864,41.5
1643000,3285.9999999361203,-50673.30812210768,18481.575968626916,-32191.732153480763,290.6220391773302,53.009085416900916,1.2799252489460098,41.5
1643500,3286.9999999360966,-50807.99968390675,18680.720675050085,-32127.27900885667,293.7535816805409,53.14997296838701,1.2765324808157892,41.5
1644000,3287.999999936073,-50932.90399426588,18782.48488528916,-32150.41910897672,295.3538197957944,52.94244349804857,1.2815363697961548,41.5
1644500,3288.9999999360493,-50623.471018280536,18448.020657584733,-32175.450360695802,290.09438326006085,52.34219662081267,1.2962326999789906,41.5
1645000,3289.9999999360257,-50900.701548232726,18575.158214039384,-32325.543334193342,292.0936162245871,52.89358765892226,1.282720077264081,41.5
1645500,3290.999999936002,-50855.15398672956,18519.428604191733,-32335.725382537825,291.2172703499725,52.88533046446718,1.2829203533901143,41.5
1646000,3291.9999999359784,-50861.8879135393,18694.68174718093,-32167.20616635837,293.973118978586,52.9887067223086,1.2804174897905725,41.5
1646500,3292.9999999359547,-50527.65942111202,18445.30176093288,-32082.357660179136,290.05162871950574,52.73672972641554,1.2865353464388727,41.5
1647000,3293.999999935931,-50713.74451558872,18665.8846252943,-32047.859890294418,293.5202853945163,53.12923098315459,1.277030847108239,41.5
1647500,3294.9999999359075,-50369.39601537361,18111.283048019824,-32258.112967353787,284.79919788595754,53.01738907857627,1.2797247851656974,41.5
1648000,3295.999999935884,-50668.52199434736,18495.890095953502,-32172.631898393854,290.8471282541361,52.8532007473252,1.2837002468967946,41.5
1648500,3296.99999993586,-50814.48673426762,18674.770964072457,-32139.715770195166,293.66002271458643,53.13328570288416,1.2769333940314618,41.5
1649000,3297.9999999358365,-50884.494161404,18783.62021581956,-32100.87394558444,295.3716728227465,52.79651949823258,1.2850784008763776,41.5
1649500,3298.999999935813,-50641.830771451605,18627.85818545879,-32013.972585992815,292.92232115670396,53.257300637564136,1.2739599273037883,41.5
1650000,3299.999999935789,-50555.9036105745,18754.02075066058,-31801.882859913923,294.906222422972,52.79176594870309,1.2851941136910194,41.5
1650500,3300.9999999357656,-50501.56116040135,18787.557965481345,-31714.003194920002,295.433593777887,52.92743035079415,1.28189988440671,41.5
1651000,3301.999999935742,-50269.27123240557,18785.421062875965,-31483.850169529604,295.39999107031736,53.082888093903705,1.2781457317959901,41.5
1651500,3302.9999999357183,-50173.42209511401,18580.99871701849,-31592.42337809552,292.1854578991548,52.990513348879105,1.2803738360096935,41.5
1652000,3303.9999999356946,-50344.93273830208,18723.75281354451,-31621.17992475757,294.4302603285437,52.59513670970483,1.2899988685856574,41.5
1652500,3304.999999935671,-50363.94831918864,18765.313419541057,-31598.634899647583,295.08379918717054,53.444421211821634,1.2694995157627351,41.5
1653000,3305.9999999356473,-50522.11515799893,18777.910218951773,-31744.20493904716,295.28188335153317,52.898643795856586,1.2825974728286236,41.5
1653500,3306.9999999356237,-50347.64704907885,18487.2617547712,-31860.38529430765,290.71144793588974,52.68095028546787,1.2878975508409365,41.5
1654000,3307.9999999356,-50282.274422281815,18410.28673281549,-31871.987689466325,289.501018809907,52.55607401484902,1.2909576698871714,41.5
1654500,3308.9999999355764,-50719.39406495531,18719.519382274986,-31999.874682680325,294.36368979200745,52.88805915855751,1.282854162699014,41.5
1655000,3309.9999999355528,-50771.10443515257,18814.706983915465,-31956.397451237106,295.860511001417,52.64823086625836,1.2886979435449555,41.5
1655500,3310.999999935529,-50547.69577446601,18659.503848413675,-31888.191926052335,293.4199479345653,53.10639884228904,1.2775798835487897,41.5
1656000,3311.9999999355055,-50523.488970739476,18577.22406946822,-31946.264901271257,292.12610171816146,52.773329195261816,1.2856431057739452,41.4
1656500,3312.999999935482,-50534.26733107386,18522.72380880379,-32011.543522270073,291.2690873100352,53.09374820648826,1.277884292228891,41.5
1657000,3313.999999935458,-50581.418109352024,18479.421467525117,-32101.996641826907,290.5881597341119,52.88559601933609,1.2829139114518189,41.5
1657500,3314.9999999354345,-50865.27776704216,18894.568307244444,-31970.709459797712,297.1163271004698,52.6814886839895,1.2878843886818043,41.5
1658000,3315.999999935411,-50277.19824288253,18237.02120401372,-32040.17703886881,286.77642533449193,52.77441745005737,1.2856165946849964,41.5
1658500,3316.999999935387,-50661.34542722912,18577.513459966372,-32083.831967262748,292.1306523721119,53.20847318507921,1.275128993320807,41.5
1659000,3317.9999999353636,-50741.781775463525,18551.00766316132,-32190.774112302206,291.7138497828424,52.544354986937996,1.291245593660698,41.5
1659500,3318.99999993534,-50864.144878322026,18782.32113251669,-32081.823745805337,295.3512447900299,53.06682760814796,1.2785325580346125,41.5
1660000,3319.9999999353163,-50817.05549926392,18910.987854191728,-31906.067645072195,297.37452381617675,52.718145210979365,1.2869888835636973,41.5
1660500,3320.9999999352926,-50887.512651290905,18815.81671299373,-32071.695938297176,295.8779614465634,52.738767754717585,1.2864856297776905,41.5
1661000,3321.999999935269,-50803.92100751742,18828.79446922677,-31975.12653829065,296.0820361416433,52.856987453078666,1.2836082818540466,41.5
1661500,3322.9999999352453,-50614.624323581724,18683.721069835112,-31930.903253746612,293.8007627679244,52.80444251973717,1.284885581800569,41.5
1662000,3323.9999999352217,-50422.204868060624,18726.70219493432,-31695.502673126302,294.47663923233813,52.71194352978819,1.287140300760977,41.5
1662500,3324.999999935198,-50518.624212316485,18828.297589506237,-31690.326622810247,296.0742227280117,52.90859410636095,1.282356259783327,41.5
1663000,3325.9999999351744,-50623.343639241284,18845.433941375704,-31777.90969786558,296.3436911723055,52.67182654430062,1.2881206386788706,41.5
1663500,3326.9999999351508,-50727.928950990776,18762.696415303762,-31965.232535687013,295.0426469007384,53.24750588036826,1.2741942693252393,41.5
1664000,3327.999999935127,-50604.82781166969,18416.107044381126,-32188.720767288563,289.5925429753096,52.17584093644352,1.3003655644242296,41.5
1664500,3328.9999999351035,-50894.49636015826,18698.660606152764,-32195.835754005493,294.0356863759744,52.854419098929164,1.2836706562157978,41.5
1665000,3329.99999993508,-51192.0808113661,18854.425453163574,-32337.655358202523,296.4850823337256,52.53291201208202,1.2915268590673779,41.5
1665500,3330.999999935056,-50835.09264420455,18494.643001756638,-32340.449642447915,290.8275177480216,52.67538487225077,1.288033623544897,41.5
1666000,3331.9999999350325,-50750.75885630533,18518.225489097335,-32232.533367207994,291.19835141347636,52.84706545047683,1.2838492784846776,41.5
1666500,3332.999999935009,-50788.13225546511,18627.965967471137,-32160.166287993976,292.9240160245155,52.70656374783512,1.287271679732944,41.5
1667000,3333.999999934985,-50652.51093581901,18531.76113594443,-32120.74979987458,291.41119891603597,52.87446180082491,1.2831840653850153,41.5
1667500,3334.9999999349616,-50538.62318532326,18439.61306616901,-32099.01011915425,289.96217422302016,53.08952392840326,1.2779859721501146,41.5
1668000,3335.999999934938,-50523.32882873561,18386.973996643268,-32136.354832092344,289.13442697073293,53.07696893531537,1.27828827096952,41.4
1668500,3336.9999999349143,-50816.308957873836,18589.04418966503,-32227.264768208806,292.3119726331067,53.16892946935072,1.2760773543078021,41.5
1669000,3337.9999999348906,-50345.7238735309,18277.79321691901,-32067.93065661189,287.4175635984589,53.199606697588635,1.275341512096226,41.5
1669500,3338.999999934867,-50886.648234990695,18517.811513054097,-32368.836721936597,291.19184165683765,53.12371045887789,1.2771635539491706,41.5
1670000,3339.9999999348433,-50674.887949518234,18280.863112161238,-32394.024837356996,287.46583757773817,52.97098299583766,1.2808459086734056,41.5
1670500,3340.9999999348197,-50574.877526145974,18266.26401707093,-32308.613509075043,287.236267394303,53.119484921318545,1.2772651494856229,41.5
1671000,3341.999999934796,-51015.443027422574,18627.06053644065,-32388.382490981923,292.90977815795793,52.90710339578694,1.282392391453999,41.5
1671500,3342.9999999347724,-50560.68341804597,18270.413435646784,-32290.269982399186,287.30151683460844,52.901133213963746,1.2825371164396568,41.5
1672000,3343.9999999347488,-50752.877915809564,18531.696853366866,-32221.181062442698,291.4101880750878,52.986905731352444,1.280461010360181,41.5
1672500,3344.999999934725,-50742.9941233635,18628.768471360956,-32114.225652002548,292.9366353659235,53.21282595054727,1.2750246888162013,41.5
1673000,3345.9999999347015,-50738.70189693046,18444.44456844288,-32294.257328487583,290.0381494020582,53.109905496795164,1.2774955295810377,41.5
1673500,3346.999999934678,-50655.46671557963,18311.405466182463,-32344.061249397164,287.9461148669689,53.32540898142745,1.2723327986524713,41.5
1674000,3347.999999934654,-50583.734233843585,18041.235055815683,-32542.4991780279,283.6976960243629,52.78468756801565,1.285366457103723,41.5
1674500,3348.9999999346305,-50863.56098721955,18319.30994158564,-32544.251045633908,288.0704124249369,52.6552062825545,1.2885272252955966,41.5
1675000,3349.999999934607,-50421.533872850356,18086.83429220158,-32334.699580648776,284.41474218351584,52.99929025586175,1.2801618006785143,41.5
1675500,3350.9999999345832,-50905.66613533308,18545.721755671322,-32359.944379661756,291.63072910004706,52.97060015272427,1.280855165941287,41.5
1676000,3351.9999999345596,-50783.89907890122,18504.067115036043,-32279.831963865174,290.9757115505062,52.72112492191642,1.28691614507684,41.5
1676500,3352.999999934536,-50981.27737703023,18716.421676853482,-32264.855700176748,294.314978498777,52.85278979088236,1.2837102282977617,41.5
1677000,3353.9999999345123,-50686.43047199333,18359.067001531126,-32327.3634704622,288.69559059441036,52.8877295780171,1.282862157063143,41.5
1677500,3354.9999999344886,-51028.09408873592,18696.62980219183,-32331.464286544087,294.00375206532374,52.66638588938662,1.288253706854412,41.5
1678000,3355.999999934465,-50731.4179030718,18404.667829750302,-32326.7500733215,289.41266178507766,52.93365455764449,1.2817491521342332,41.5
1678500,3356.9999999344413,-51010.97768305789,18722.677919552865,-32288.299763505027,294.4133576637341,52.767367929495634,1.2857883481943027,41.5
1679000,3357.9999999344177,-50509.08349691128,18339.392567773575,-32169.6909291377,288.38621091445316,53.17648501759891,1.2758960436398312,41.5
1679500,3358.999999934394,-50954.1088423958,18767.823897656817,-32186.28494473898,295.1232763546237,53.136264676824034,1.2768618054219325,41.5
1680000,3359.9999999343704,-50565.76040028044,18613.14620026423,-31952.614200016207,292.6909757809174,53.30776003567849,1.272754038121603,41.5
1680500,3360.9999999343468,-50461.843165447804,18461.397857907155,-32000.44530754065,290.30473919738927,53.26566048915412,1.2737599839289,41.5
1681000,3361.999999934323,-50522.856639634556,18536.796321994407,-31986.06031764015,291.4903770142655,52.75984778616063,1.285971618485682,41.5
1681500,3362.9999999342995,-50670.78335869093,18510.597695983462,-32160.18566270747,291.07840467338565,52.90877680818385,1.2823518316177105,41.5
1682000,3363.999999934276,-50945.18491433222,18827.43191864939,-32117.75299568283,296.0606100885863,53.37137622291153,1.27123697476441,41.5
1682500,3364.999999934252,-50570.043536012774,18555.239029973236,-32014.804506039538,291.7803878558657,53.44283820511821,1.2695371190471214,41.4
1683000,3365.9999999342285,-50769.012262946584,18955.47579715736,-31813.536465789224,298.0740949309683,53.089711954733794,1.2779814459433605,41.5
1683500,3366.999999934205,-50675.36426472037,18830.43864314443,-31844.925621575938,296.1078907104054,53.16304346338977,1.2762186366427621,41.5
1684000,3367.9999999341812,-50378.657774001535,18517.921935758197,-31860.735838243338,291.19357804942075,52.99411891604207,1.2802867230629391,41.5
1684500,3368.9999999341576,-50635.55500905082,18590.9620828274,-32044.59292622342,292.3421314259887,52.91399896511721,1.2822252745129847,41.5
1685000,3369.999999934134,-50976.7279143202,18888.440438472422,-32088.28747584778,297.01996661036014,52.82392616409231,1.2844116629624447,41.5
1685500,3370.9999999341103,-50393.05850573002,18325.826057486203,-32067.232448243816,288.1728780855359,52.78927223879484,1.2852548249143307,41.5
1686000,3371.9999999340866,-50730.165770908185,18633.722309713274,-32096.44346119491,293.01453427487746,52.801392320230036,1.2849598063086003,41.5
1686500,3372.999999934063,-50338.568349015404,18343.919374400935,-31994.64897461447,288.45739476669814,53.355577670029845,1.2716133872305098,41.5
1687000,3373.9999999340394,-50435.12671614252,18450.32939262127,-31984.797323521252,290.130688025703,53.39453453229356,1.2706856131050688,41.5
1687500,3374.9999999340157,-50471.018485796514,18471.143557810487,-31999.874927986028,290.4579899366078,53.480266276168024,1.2686486357092357,41.5
1688000,3375.999999933992,-50371.606738845214,18378.841989835186,-31992.764749010028,289.00655149056934,53.14577985275673,1.2766331971532425,41.5
1688500,3376.9999999339684,-50232.33062111025,18287.195050734175,-31945.13557037608,287.56540705726394,53.136626106073706,1.2768531203540598,41.5
1689000,3377.9999999339448,-50587.48952217445,18507.39050542708,-32080.099016747372,291.02797173081035,52.832265229980706,1.2842089309115166,41.5
1689500,3378.999999933921,-50687.35256272596,18556.411130955246,-32130.941431770712,291.79881909669126,52.97392415335092,1.280774795014604,41.5
1690000,3379.9999999338975,-50662.46556075536,18664.918160913512,-31997.547399841846,293.50508778097867,52.881945505841514,1.283002472765162,41.5
1690500,3380.999999933874,-50831.79376289296,18670.789674014944,-32161.004088878013,293.59741708847343,52.81494049232179,1.2846301863861964,41.5
1691000,3381.99999993385,-50785.229340888414,18497.788553445993,-32287.44078744242,290.8769814218906,52.59299789580748,1.2900513293241225,41.5
1691500,3382.9999999338265,-50702.28637643225,18372.722983342923,-32329.563393089324,288.9103303594526,52.881299328999305,1.2830181502635767,41.5
1692000,3383.999999933803,-51089.49733932932,18573.6345197041,-32515.862819625218,292.06965619241475,52.9150194221174,1.282200547020271,41.5
1692500,3384.9999999337792,-50816.24865627964,18271.919630395743,-32544.329025883897,287.3252016864892,52.94915638585389,1.2813738967662507,41.5
1693000,3385.9999999337556,-51090.85597534499,18433.50314668785,-32657.352828657138,289.86609598478776,52.92316359318336,1.2820032334077278,41.5
1693500,3386.999999933732,-51065.55029743425,18318.092020718082,-32747.45827671617,288.05126066825295,52.56070999512409,1.290843804334478,41.5
1694000,3387.9999999337083,-50492.51010052401,18035.84303205537,-32456.667068468636,283.61290666748255,53.017341575151235,1.279725931796377,41.5
1694500,3388.9999999336846,-51108.93311939003,18742.574660903192,-32366.358458486837,294.72623312165126,52.76171665960139,1.2859260680685325,41.5
1695000,3389.999999933661,-50743.71266258807,18448.228674087797,-32295.483988500273,290.0976543112096,52.81096214104314,1.2847269600471447,41.5
1695500,3390.9999999336374,-50695.77419752991,18468.696730578813,-32227.077466951094,290.41951367674824,52.69278445537348,1.28760830443661,41.5
1696000,3391.9999999336137,-50833.560302866834,18469.541258946876,-32364.019043919958,290.4327938513874,52.98974141882337,1.2803924879038173,41.5
1696500,3392.99999993359,-50651.19529944001,18183.95144348965,-32467.243855950364,285.9419054835691,52.87896868515188,1.2830746993686821,41.5
1697000,3393.9999999335664,-51104.64618361608,18557.509806181086,-32547.136377434996,291.81609572045267,52.50974397720676,1.2920966988160956,41.4
1697500,3394.9999999335428,-50869.14431626606,18308.399034228227,-32560.74528203783,287.89883884534225,52.824411338186415,1.284399866082002,41.5
1698000,3395.999999933519,-50978.3232898928,18701.5258947865,-32276.797395106303,294.08074292456,52.582451469680215,1.2903100740320015,41.5
1698500,3396.9999999334955,-50775.95043609249,18713.119031457863,-32062.831404634628,294.26304453269194,52.589156853831305,1.2901455529550723,41.5
1699000,3397.999999933472,-50797.02564297024,18571.719425766474,-32225.306217203768,292.03954141722926,52.65907617030884,1.2884325321089143,41.5
1699500,3398.999999933448,-50964.70923582483,18669.64127856766,-32295.067957257168,293.5793586162285,53.32201053008327,1.2724138901392106,41.5
1700000,3399.9999999334245,-50710.26856851891,18567.429031766573,-32142.83953675234,291.97207514404766,52.70392948317735,1.2873360205577007,41.5
1700500,3400.999999933401,-51070.34872883676,18937.58937856285,-32132.75935027391,297.7928317175746,52.832736752478354,1.2841974695820488,41.5
1701000,3401.9999999333772,-50865.16509220274,18631.16069244386,-32234.00439975888,292.9742529462888,52.61344956712356,1.2895498661814224,41.5
1701500,3402.9999999333536,-50827.35153091301,18807.727007959104,-32019.624522953905,295.75075116008696,52.78836248850754,1.2852769748900283,41.5
1702000,3403.99999993333,-50848.135176106116,18678.90729496915,-32169.227881136965,293.72506635166314,52.39205957574984,1.2949990398932731,41.5
1702500,3404.9999999333063,-50742.46004458111,18697.700683529783,-32044.759361051325,294.02059163131537,52.86976619201626,1.2832980309050948,41.5
1703000,3405.9999999332827,-50667.23929633357,18511.036042810258,-32156.203253523316,291.0852976596162,53.02773778472581,1.2794750385932956,41.4
1703500,3406.999999933259,-50860.2916523145,18506.414550115755,-32353.87710219875,291.0126248727716,52.62028956385321,1.2893822404055,41.5
1704000,3407.9999999332354,-50578.783234365495,18450.035545820992,-32128.747688544503,290.1260672965808,53.20667570833335,1.275172070898629,41.5
1704500,3408.9999999332117,-51021.57474388085,18912.041346697126,-32109.53339718372,297.3910899434754,52.8457803085872,1.2838805000595719,41.5
1705000,3409.999999933188,-50796.85175065082,18657.301180913208,-32139.550569737614,293.3853110766641,52.98077224200237,1.2806092470437527,41.5
1705500,3410.9999999331644,-50701.95462340334,18359.142429465704,-32342.812193937636,288.69677669564953,52.425578541064525,1.2941710656656404,41.5
1706000,3411.9999999331408,-50939.10204090026,18505.937907624553,-32433.164133275706,291.0051296887577,52.61513118307635,1.2895086512765437,41.5
1706500,3412.999999933117,-50643.76483710805,18196.375917552483,-32447.388919555568,286.13727983876345,52.93707370860265,1.2816663652793012,41.5
1707000,3413.9999999330935,-50932.61104135724,18433.62526422683,-32498.98577713041,289.86801627817925,52.62428093681626,1.2892844451421392,41.5
1707500,3414.99999993307,-50973.53113605448,18632.780443952346,-32340.750692102134,292.9997234736483,52.846134000415745,1.2838719072258613,41.5
1708000,3415.999999933046,-50984.87719578278,18743.946099380973,-32240.931096401804,294.7477989365848,52.937660324800504,1.2816521627957476,41.5
1708500,3416.9999999330225,-50529.224084868154,18405.860841490798,-32123.363243377356,289.43142184673985,53.24617472864454,1.274226124118689,41.5
1709000,3417.999999932999,-50644.766154095676,18664.99779800933,-31979.768356086344,293.50634007110915,53.06570280479943,1.2785596583579188,41.5
1709500,3418.9999999329752,-50455.7151728165,18490.66753029941,-31965.047642517085,290.7650036191642,53.29046242133748,1.2731671628629184,41.5
1710000,3419.9999999329516,-50413.03664923394,18549.4541796678,-31863.58246956614,291.6894213173543,52.82195187450233,1.284459669529515,41.5
1710500,3420.999999932928,-50624.03101154093,18594.121203533723,-32029.909808007207,292.3918084721042,53.33087894405526,1.2722022999058433,41.5
1711000,3421.9999999329043,-50611.638102589575,18489.40374695428,-32122.234355635293,290.7451306768641,52.52431758085439,1.2917381885863537,41.5
1711500,3422.9999999328807,-50697.03938441958,18416.959650763594,-32280.079733655984,289.6059501764005,52.825385629973795,1.2843761770880397,41.5
1712000,3423.999999932857,-50672.8515951943,18548.936747160056,-32123.91484803424,291.68128471196997,52.61840607190149,1.2894283942374722,41.5
1712500,3424.9999999328334,-50667.422452620274,18501.257348203093,-32166.16510441718,290.9315280800061,52.96624050371663,1.2809605930756283,41.5
1713000,3425.9999999328097,-50728.105850938664,18696.837995876056,-32031.267855062608,294.00702590263916,53.221422502480166,1.2748187413717746,41.5
1713500,3426.999999932786,-50919.33063928983,18636.936439288802,-32282.39420000103,293.06507633324986,53.292235872884135,1.2731247945847417,41.5
1714000,3427.9999999327624,-50595.1992575901,18393.298280352647,-32201.900977237456,289.23387607783695,52.91798934771877,1.2821285858539906,41.5
1714500,3428.999999932739,-50291.91057761078,17882.88156466904,-32409.029012941744,281.207593741635,53.17972616692908,1.2758182814942678,41.5
1715000,3429.999999932715,-50683.10564698977,18313.4841965521,-32369.621450437666,287.9788028184699,53.079585365761325,1.2782252608248883,41.5
1715500,3430.9999999326915,-50652.569619114765,18540.019139929653,-32112.550479185113,291.5410556967452,53.087124803655676,1.2780437271666873,41.5
1716000,3431.999999932668,-50659.77486281221,18596.994829648967,-32062.780033163246,292.4369961272513,52.989261128648536,1.280404093272882,41.5
1716500,3432.999999932644,-50606.318837395476,18628.43030482741,-31977.888532568068,292.93131771077725,52.90357937950252,1.2824778142500275,41.5
1717000,3433.9999999326205,-51033.86712969349,19007.875519153287,-32025.991610540204,298.8980784529705,52.82176007814786,1.2844643334157944,41.5
1717500,3434.999999932597,-50449.2249061273,18340.981615923592,-32108.24329020371,288.411198632735,53.065364333398456,1.2785678135055227,41.5
1718000,3435.9999999325732,-50549.59071952504,18353.524499977884,-32196.066219547156,288.6084349802852,52.9728937314908,1.2807997084798448,41.5
1718500,3436.9999999325496,-50457.47064682399,18364.833974845675,-32092.636671978315,288.7862760179587,53.06675298630432,1.2785343558920517,41.5
1719000,3437.999999932526,-50722.277767216474,18472.252404091487,-32250.025363124987,290.4754264998027,52.956534440952666,1.281195372108014,41.5
1719500,3438.9999999325023,-50634.04528020834,18550.98627129081,-32083.059008917528,291.7135133965386,53.1944134991176,1.2754660195614842,41.5
1720000,3439.9999999324787,-50563.16145505487,18564.802307449616,-31998.359147605253,291.9307700097536,52.71082551339334,1.2871676014899016,41.5
1720500,3440.999999932455,-50730.53022616537,18879.524621305318,-31851.005604860053,296.8797657438088,52.90341467042084,1.282481807106526,41.5
1721000,3441.9999999324314,-50724.44816992851,18782.98479225302,-31941.46337767549,295.3616808127057,53.05167710154853,1.2788976815710658,41.5
1721500,3442.9999999324077,-50478.423302759395,18776.347900172237,-31702.075402587157,295.25731595152763,53.005525328696955,1.2800112144515392,41.5
1722000,3443.999999932384,-50474.07404790388,18729.639232800753,-31744.434815103126,294.5228240347236,52.86329600726741,1.283455099721739,41.5
1722500,3444.9999999323604,-50650.218405096544,18739.912996466963,-31910.30540862958,294.68437855538616,52.9096144587261,1.2823315297743103,41.5
1723000,3445.999999932337,-50437.112812599575,18516.870546425624,-31920.24226617395,291.1770449944302,53.10675863376785,1.277571228108928,41.5
1723500,3446.999999932313,-50696.45067644305,18576.032693213805,-32120.417983229243,292.1073673744522,52.90432991529237,1.2824596201721357,41.4
1724000,3447.9999999322895,-50587.67300383406,18298.918901028395,-32288.754102805666,287.74976413186084,52.84883711972285,1.2838062395758352,41.5
1724500,3448.999999932266,-50825.68324767301,18637.507393166976,-32188.175854506037,293.0740545600327,52.53606246246046,1.2914494095766624,41.5
1725000,3449.999999932242,-50931.35370325815,18465.86345744945,-32465.4902458087,290.37496057068194,52.81801237445587,1.2845554726220645,41.5
1725500,3450.9999999322185,-50984.43717360287,18761.33736844158,-32223.09980516129,295.021275943462,52.67995465855635,1.2879218915122452,41.5
1726000,3451.999999932195,-50829.33209926722,18703.296823611152,-32126.03527565607,294.1085907091392,52.751349684949886,1.2861787850706756,41.5
1726500,3452.9999999321712,-50844.24854120329,18870.961130089934,-31973.287411113357,296.7451051886853,52.694880921326636,1.2875570769373907,41.5
1727000,3453.9999999321476,-50344.120446803114,18496.09440887229,-31848.026037930824,290.85034106657105,52.828986836044784,1.2842886247126606,41.5
1727500,3454.999999932124,-50840.17476248311,18719.807527229736,-32120.367235253376,294.36822085983795,52.59836409545465,1.289919715478192,41.5
1728000,3455.9999999321003,-51069.76240073087,18922.510122388554,-32147.252278342316,297.55571102039534,52.623641631266025,1.289300108191599,41.5
1728500,3456.9999999320767,-50916.336287763814,18769.434888150157,-32146.901399613656,295.14860911537227,52.96439421157755,1.2810052462338237,41.5
1729000,3457.999999932053,-50528.6330220483,18624.13206246215,-31904.50095958615,292.86372802236593,53.25931087694188,1.2739118424831368,41.5
1729500,3458.9999999320294,-50565.24942239807,18538.28807506361,-32026.961347334458,291.5138347713127,53.3847989644444,1.2709173428528866,41.5
1730000,3459.9999999320057,-50591.09339819112,18696.475370396416,-31894.618027794706,294.0013236315488,53.12289972623298,1.2771830453209032,41.5
1730500,3460.999999931982,-50774.42605229701,18796.749530756828,-31977.67652154018,295.57813077235795,53.07495733427864,1.2783367195437678,41.5
1731000,3461.9999999319584,-50508.16020230349,18521.972475571478,-31986.18772673201,291.2572726251595,53.05481750762676,1.278821981413355,41.5
1731500,3462.999999931935,-50627.402192307294,18630.033260142736,-31997.368932164558,292.95652411867457,52.97461172207141,1.2807581715669107,41.5
1732000,3463.999999931911,-50636.78435502281,18443.60631735997,-32193.178037662845,290.02496793747576,52.64055656732077,1.2888858187101122,41.5
1732500,3464.9999999318875,-51092.13644004393,18990.231887556227,-32101.9045524877,298.6206330553521,52.63590483224355,1.288999724900051,41.5
1733000,3465.999999931864,-50696.49048132794,18528.101408191782,-32168.38907313616,291.3536498442407,52.61968569436151,1.2893970375025914,41.5
1733500,3466.99999993184,-50606.947079490936,18455.09497480665,-32151.852104684287,290.20562661399947,52.714185313677795,1.2870855623566417,41.5
1734000,3467.9999999318165,-50812.35882194344,18669.239155665437,-32143.119666278002,293.5730352497557,52.76542845130144,1.2858356094131889,41.5
1734500,3468.999999931793,-50674.288524566204,18559.48531945946,-32114.803205106742,291.84716058734267,52.73299869719894,1.2866263729513856,41.5
1735000,3469.9999999317693,-50979.75113375248,18859.39427633344,-32120.356857419036,296.5632168783332,52.549630065942374,1.2911159748125336,41.5
1735500,3470.9999999317456,-50946.854726614474,18571.7529595584,-32375.101767056076,292.04006873475925,52.78009308985455,1.2854783475489733,41.5
1736000,3471.999999931722,-50533.857793257506,18421.85735607161,-32112.000437185896,289.68296639548925,53.05982245824923,1.2787013545326875,41.5
1736500,3472.9999999316983,-50579.45232526818,18282.826622324814,-32296.62570294337,287.4967136961305,52.52898509068212,1.2916234100373358,41.5
1737000,3473.9999999316747,-50704.16525069374,18525.992829485258,-32178.17242120848,291.320492528842,52.15615306476847,1.3008564255951303,41.5
1737500,3474.999999931651,-50561.160175822195,18335.075849872956,-32226.08432594924,288.3183306989909,52.82508987606621,1.2843833679754395,41.5
1738000,3475.9999999316274,-51042.03061815677,18867.473810155465,-32174.556808001307,296.6902672229004,52.65324966445058,1.2885751075386198,41.5
1738500,3476.9999999316037,-50619.610433801005,18380.0363687406,-32239.574065060406,289.02533305084484,52.8095572591504,1.2847611373767223,41.5
1739000,3477.99999993158,-50793.59216051496,18721.02813564264,-32072.564024872325,294.38741487806436,52.79322184333292,1.285158671504635,41.5
1739500,3478.9999999315564,-50462.39176627071,18402.396907113278,-32059.994859157432,289.3769516178979,53.05994882247799,1.278698309258162,41.5
1740000,3479.999999931533,-50810.98125301369,18917.974162682778,-31893.007090330913,297.4843832363602,53.19202857643923,1.275523206473075,41.5
1740500,3480.999999931509,-50261.182752038425,18364.233696487394,-31896.94905555103,288.7768366649049,53.135986910058385,1.27686848017843,41.5
1741000,3481.9999999314855,-50947.90144677171,19010.20011940575,-31937.701327365965,298.9346326984953,52.69034772136998,1.2876678515657198,41.5
1741500,3482.999999931462,-50280.85957417108,18359.588708118696,-31921.270866052386,288.70379440952814,53.06862104855795,1.2784893503553896,41.4
1742000,3483.999999931438,-50704.5065073372,18755.973303767267,-31948.533203569936,294.9369262420852,52.599747872490546,1.2898857806904291,41.5
1742500,3484.9999999314145,-50597.07688165452,18580.32613312844,-32016.750748526076,292.17488154452053,52.78541941781156,1.28534863598589,41.5
1743000,3485.999999931391,-50807.71279328532,18695.18755330316,-32112.52523998216,293.9810727595255,52.86342880884865,1.2834518754725648,41.5
1743500,3486.9999999313673,-50699.14742751351,18486.403919338336,-32212.743508175176,290.6979585081915,52.83657301202185,1.2841042289625768,41.5
1744000,3487.9999999313436,-50836.21855675977,18620.600352736838,-32215.618204022932,292.80819202890433,52.719906537417685,1.2869458863792307,41.5
1744500,3488.99999993132,-50955.22028845302,18650.231563927104,-32304.988724525916,293.27414163374476,52.99971137488838,1.280151628915736,41.5
1745000,3489.9999999312963,-50994.76812459727,18478.95441139053,-32515.813713206742,290.5808152951704,52.46827654368608,1.2931178860455985,41.5
1745500,3490.9999999312727,-50901.24392408256,18500.70154903766,-32400.5423750449,290.92278816047195,52.661310960073294,1.2883778548556812,41.5
1746000,3491.999999931249,-50820.27048734821,18478.797477116346,-32341.47301023186,290.57834751001735,52.700520831105635,1.2874192850212063,41.5
1746500,3492.9999999312254,-50462.53485043477,18380.97910513568,-32081.55574529909,289.040157542761,52.9102645298255,1.2823157746713116,41.5
1747000,3493.9999999312017,-50504.31052589144,18560.774161599096,-31943.53636429234,291.86742757817905,53.25767094507653,1.2739510692947316,41.5
1747500,3494.999999931178,-50652.08769283429,18727.217067468548,-31924.870625365744,294.4847355822418,52.77188403433684,1.2856783131805771,41.4
1748000,3495.9999999311544,-50398.029236783106,18669.555769926832,-31728.473466856274,293.5780139962888,53.103131157210484,1.2776584990396498,41.5
1748500,3496.999999931131,-50587.25172273018,18967.284399450553,-31619.967323279627,298.2597847273421,53.513686368721025,1.2678563457793193,41.5
1749000,3497.999999931107,-50286.727003172986,18590.42438525877,-31696.302617914214,292.3336761533367,53.14220817661859,1.2767189993899934,41.5
1749500,3498.9999999310835,-50613.00601788354,18688.52966939917,-31924.47634848437,293.87637780277134,52.76688681028712,1.2858000717866878,41.5
1750000,3499.99999993106,-50512.16991602625,18487.875281769942,-32024.29463425631,290.7210956232821,52.65196071474144,1.2886066525843791,41.5
1750500,3500.999999931036,-50388.435713287785,18461.56181438606,-31926.873898901726,290.3073174064292,53.36265516359191,1.2714447330371612,41.5
1751000,3501.9999999310126,-50344.62156110435,18494.11167436043,-31850.509886743923,290.8191626460747,53.0751292618041,1.278332578597303,41.5
1751500,3502.999999930989,-50526.5686989678,18691.33210132041,-31835.23659764739,293.92044593207964,53.0577812103961,1.2787505489455557,41.5
1752000,3503.9999999309653,-50386.38174309419,18585.219405988402,-31801.16233710579,292.2518280635418,52.86615480831485,1.2833856953401128,41.5
1752500,3504.9999999309416,-50676.38103333487,18703.36456335946,-31973.016469975406,294.1096559139583,52.707668754445606,1.2872446923182241,41.5
1753000,3505.999999930918,-50847.126504389504,18657.349348901822,-32189.77715548768,293.3860685163488,52.86524704365036,1.2834077327323563,41.5
1753500,3506.9999999308943,-50834.979518805645,18809.265456546367,-32025.714062259278,295.77494320227856,53.038167511576994,1.2792234353462089,41.5
1754000,3507.9999999308707,-50798.661804770854,18678.5025349604,-32120.159269810454,293.7187015167962,53.16430571567235,1.2761883360516892,41.5
1754500,3508.999999930847,-50771.377775003355,18461.070116679286,-32310.30765832407,290.29958547975565,52.69107658293202,1.287650039600914,41.5
1755000,3509.9999999308234,-50814.05141378801,18493.803116047897,-32320.248297740112,290.8143105790137,52.76857554879656,1.285758922673336,41.5
1755500,3510.9999999307997,-50710.196313594926,18565.652032375776,-32144.54428121915,291.94413190005986,52.817086379783404,1.2845779935827168,41.5
1756000,3511.999999930776,-50780.0069271809,18512.684332293727,-32267.32259488717,291.1112169454851,52.990773343374066,1.2803675539698618,41.5
1756500,3512.9999999307524,-50948.599278638554,18672.59427521206,-32276.005003426493,293.6257943697561,52.43640701701095,1.2939038105073957,41.5
1757000,3513.999999930729,-50742.68899165506,18611.941380879754,-32130.747610775303,292.67203004452836,52.512169134124726,1.2920370262240184,41.5
1757500,3514.999999930705,-50723.98606397403,18600.84013684449,-32123.14592712954,292.4974634283258,52.83417771468984,1.284162445283275,41.5
1758000,3515.9999999306815,-50732.22138367583,18559.367425397293,-32172.853958278538,291.8453067079542,52.751147980077086,1.2861837030400123,41.5
1758500,3516.999999930658,-51057.208226914016,18765.48322676197,-32291.725000152044,295.0864693988934,52.39979544720219,1.294807856969408,41.5
1759000,3517.999999930634,-50904.43222321815,18517.84967210155,-32386.5825511166,291.1924417063249,52.47166529263335,1.2930343733182896,41.5
1759500,3518.9999999306106,-50766.058566128995,18332.386455669064,-32433.67211045993,288.276040083244,52.554849773217185,1.2909877421665372,41.5
1760000,3519.999999930587,-50897.71700495006,18392.49071007809,-32505.226294871965,289.2211770677326,52.73819213888634,1.2864996712429955,41.5
1760500,3520.9999999305633,-51255.86247594011,18674.134098179962,-32581.728377760144,293.6500080240279,52.970661818675424,1.280853674829993,41.5
1761000,3521.9999999305396,-50982.27597906871,18217.69291211229,-32764.583066956424,286.47248872130785,52.651448343140025,1.2886191925139532,41.5
1761500,3522.999999930516,-51209.79401021483,18618.32230754199,-32591.47170267284,292.772369859789,52.997618614218254,1.28020217931877,41.5
1762000,3523.9999999304923,-50830.45191114933,18202.57476263215,-32627.87714851718,286.23475642845773,52.4861170170268,1.2926783443823255,41.5
1762500,3524.9999999304687,-50796.689745081305,18204.850587467343,-32591.839157613962,286.2705436825066,53.09200177572443,1.2779263274953327,41.5
1763000,3525.999999930445,-50900.85718713727,18453.238841624432,-32447.618345512838,290.1764389943226,53.007321964510695,1.2799678296151686,41.5
1763500,3526.9999999304214,-51068.870925249365,18629.032620050526,-32439.83830519884,292.9407890934487,52.3416872626421,1.2962453141447012,41.5
1764000,3527.9999999303977,-50889.85176133231,18423.320948241915,-32466.530813090398,289.70598132353325,52.470152488590166,1.2930716537059987,41.5
1764500,3528.999999930374,-51143.41035370972,18636.221012463524,-32507.189341246194,293.05382627518134,52.47033848030405,1.2930670701523184,41.5
1765000,3529.9999999303504,-50769.91175629616,18327.875479902723,-32442.03627639344,288.20510517065225,52.8372082682869,1.2840887903108547,41.5
1765500,3530.999999930327,-50860.75499828467,18588.669209259322,-32272.085789025346,292.3060760813005,52.47475978756392,1.2929581216435897,41.5
1766000,3531.999999930303,-50801.52444168781,18586.9182594221,-32214.606182265714,292.2785424654955,52.92619349062189,1.2819298418022311,41.5
1766500,3532.9999999302795,-50840.3454392879,18688.83331416876,-32151.512125119138,293.88115260456715,52.80213309588125,1.2849417792539817,41.5
1767000,3533.999999930256,-50875.87169438015,18719.8417394704,-32156.029954909747,294.3687588459471,52.69416174991336,1.287574649552875,41.5
1767500,3534.999999930232,-50902.162117928136,18619.516535695882,-32282.645582232253,292.791149049503,52.48410834508123,1.2927278177716406,41.5
1768000,3535.9999999302086,-51202.28515989215,18891.150626380324,-32311.134533511824,297.06258420626676,52.3494281964885,1.296053637758326,41.5
1768500,3536.999999930185,-50786.134422271934,18706.822179076527,-32079.312243195407,294.16402678211864,52.67197632831449,1.28811697563273,41.5
1769000,3537.9999999301613,-50753.12012218335,18590.627565955423,-32162.492556227924,292.33687116162395,52.47451278360804,1.2929642077557588,41.5
1769500,3538.9999999301376,-50790.29259401417,18855.8735875692,-31934.419006444972,296.50785418904144,53.19913137042252,1.2753529071030834,41.5
1770000,3539.999999930114,-50955.33287964124,18957.19596070116,-31998.13691894008,298.1011444335467,52.62366164077585,1.289299617950852,41.5
1770500,3540.9999999300903,-50792.076134836025,18814.14042120329,-31977.935713632734,295.851601825543,53.057050168288015,1.2787681681025582,41.5
1771000,3541.9999999300667,-50361.0537602404,18321.829643123987,-32039.224117116413,288.1100346303394,52.96355146714619,1.2810256293087479,41.5
1771500,3542.999999930043,-50664.10098485262,18596.630131879057,-32067.470852973565,292.4312612694797,53.40465826601494,1.2704447336910185,41.5
1772000,3543.9999999300194,-50921.882505952846,18817.92098757432,-32103.961518378524,295.9110510797548,52.89915639422676,1.2825850443246745,41.5
1772500,3544.9999999299957,-50968.35591177006,18831.470499305797,-32136.88541246426,296.12411660706397,52.930363182618784,1.2818288552931554,41.5
1773000,3545.999999929972,-50372.03652523672,18411.181927171394,-31960.854598065325,289.5150957051683,53.15663342615369,1.2763725329385769,41.5
1773500,3546.9999999299484,-50545.8075146377,18357.783616261804,-32188.023898375897,288.6754094126403,52.648779919045246,1.28868450423642,41.5
1774000,3547.999999929925,-50887.81069909467,18617.57101992566,-32270.239679169008,292.7605558922229,52.614237141398554,1.289530563111453,41.5
1774500,3548.999999929901,-50974.626030030806,18618.939716400397,-32355.68631363041,292.7820785892687,52.695937915681476,1.2875312506476293,41.5
1775000,3549.9999999298775,-51133.82560360372,18738.60759221531,-32395.21801138841,294.66385112600403,52.55915813407731,1.2908819177725266,41.5
1775500,3550.999999929854,-50882.13617630447,18448.59792354179,-32433.53825276268,290.1034607440305,52.89714223504638,1.2826338811867901,41.5
1776000,3551.99999992983,-51032.21426092166,18648.700812594005,-32383.513448327656,293.25007063056546,52.483063611966685,1.2927535509409027,41.5
1776500,3552.9999999298066,-50962.89837009404,18768.844660902134,-32194.053709191903,295.1393278156233,52.585621465182484,1.2902322908468409,41.5
1777000,3553.999999929783,-51033.666441874724,18756.216791203366,-32277.44965067136,294.94075507223,52.80936120179013,1.284765907115864,41.5
1777500,3554.9999999297593,-50938.17876827004,18269.04106691228,-32669.13770135776,287.2799363914253,52.395679707881726,1.294909565576665,41.5
1778000,3555.9999999297356,-50990.83402085631,18208.543672309297,-32782.290348547016,286.32861729319035,52.343737680966484,1.2961945373896817,41.5
1778500,3556.999999929712,-50680.014256398346,18019.41488772042,-32660.599368677926,283.3545747582002,53.18357391082118,1.2757259781449615,41.5
1779000,3557.9999999296883,-51109.508687908805,18497.858819724846,-32611.64986818396,290.878086356301,52.24226838735381,1.2987121145959077,41.5
1779500,3558.9999999296647,-50705.387746210035,18282.240688304613,-32423.147057905422,287.48749990721643,53.12157212126439,1.2772149644544877,41.5
1780000,3559.999999929641,-50997.99257844478,18331.784731876072,-32666.207846568705,288.2665780007876,52.692413558894195,1.2876173677790261,41.5
1780500,3560.9999999296174,-51069.87436219918,18356.61709321109,-32713.25726898809,288.65706588456015,52.73688341763448,1.2865315970859947,41.5
1781000,3561.9999999295937,-50995.11531187307,18277.43450347279,-32717.680808400284,287.4119228439368,52.488415745325156,1.292621731580268,41.5
1781500,3562.99999992957,-50830.13797766554,18263.96660719549,-32566.17137047005,287.2001407163638,52.54283023416184,1.2912830646209577,41.5
1782000,3563.9999999295464,-50930.72128232758,18185.221131954946,-32745.50015037263,285.9618712836465,53.156739152010644,1.2763699943031754,41.5
1782500,3564.999999929523,-50967.96220416045,18274.50651220043,-32693.45569196002,287.3658802988795,52.76891373183794,1.2857506825593712,41.5
1783000,3565.999999929499,-51313.558860695586,18696.014587786358,-32617.54427290923,293.9940778435283,52.683228151776056,1.287841865976087,41.5
1783500,3566.9999999294755,-51038.97259227695,18709.164035813235,-32329.808556463715,294.2008523851645,52.59512948216348,1.2899990458553068,41.5
1784000,3567.999999929452,-51202.09700386744,18493.14340526555,-32708.953598601893,290.8039366534806,52.287556865239694,1.29758724477203,41.5
1784500,3568.999999929428,-51488.64420470656,18583.49189378216,-32905.1523109244,292.2246630035418,52.51077330162025,1.2920713709339666,41.5
1785000,3569.9999999294046,-51265.323421110756,18349.018046066158,-32916.3053750446,288.5375711736754,52.55295236930556,1.2910343527770058,41.5
1785500,3570.999999929381,-51418.99073873677,18522.957189350054,-32896.03354938672,291.2727572097437,52.30444937292206,1.2971681694779844,41.5
1786000,3571.9999999293573,-51173.42126006919,18388.338712516488,-32785.0825475527,289.15588707297997,52.363362874282764,1.2957087384078088,41.5
1786500,3572.9999999293336,-51062.43228720231,18373.302528512104,-32689.129758690207,288.91944368394115,52.52984083090135,1.2916023687761673,41.5
1787000,3573.99999992931,-50946.168099531606,18285.635631455138,-32660.532468076468,287.54088525178724,52.56239703882014,1.2908023733871592,41.5
1787500,3574.9999999292863,-51058.15693307305,18331.974808782725,-32726.182124290324,288.2695669525039,52.80246395619359,1.2849337278070119,41.5
1788000,3575.9999999292627,-50811.104037081954,18081.896186488877,-32729.207850593077,284.3370906696875,52.74187563318257,1.2864098220644398,41.5
1788500,3576.999999929239,-50731.520237734185,18181.19434654905,-32550.325891185134,285.898550245009,52.29249824827615,1.297464629180608,41.5
1789000,3577.9999999292154,-51206.043902606,18583.20956390928,-32622.834338696717,292.22022337763997,52.70320441018708,1.2873537312944265,41.5
1789500,3578.9999999291917,-51098.246772773244,18349.366502331388,-32748.880270441856,288.5430506344388,52.84367472850522,1.2839316568578538,41.5
1790000,3579.999999929168,-51064.38362000577,18243.99777999024,-32820.38584001553,286.8861317112757,52.42008865011621,1.2943066025981778,41.5
1790500,3580.9999999291445,-50968.058169370815,18324.82418796309,-32643.233981407724,288.1571237275585,52.77880346928879,1.2855097574939678,41.5
1791000,3581.999999929121,-51358.31488970162,18622.06899348909,-32736.24589621253,292.8312863456965,52.55026587548021,1.2911003535052468,41.4
1791500,3582.999999929097,-51106.67241450925,18444.88531510991,-32661.787099399342,290.04508012568,52.412781140279996,1.2944870577853247,41.5
1792000,3583.9999999290735,-50701.75773408625,18193.757679624614,-32508.000054461634,286.0961081525966,52.67967180559943,1.2879288067511372,41.5
1792500,3584.99999992905,-51042.36959916785,18505.24814192897,-32537.121457238878,290.99428315092206,52.92105327721161,1.2820543554419987,41.5
1793000,3585.999999929026,-51058.16506509062,18629.691681648445,-32428.47338344218,292.9511528105827,52.38614969681763,1.295145133614369,41.5
1793500,3586.9999999290026,-51024.32324229813,18543.901082137865,-32480.422160160266,291.6020990819216,52.9600851063714,1.2811094754163215,41.5
1794000,3587.999999928979,-50851.11665587779,18365.58960233473,-32485.52705354306,288.7981582298491,52.690621602627786,1.2876611583804793,41.5
1794500,3588.9999999289553,-50715.362294223894,18418.758487754294,-32296.6038064696,289.6342368157689,52.80992216481509,1.2847522599423769,41.5
1795000,3589.9999999289316,-50551.2363113241,18369.83076822669,-32181.40554309741,288.8648503930122,52.983468949153476,1.280544067692858,41.5
1795500,3590.999999928908,-50513.42534898649,18672.589851455854,-31840.83549753064,293.6257248063675,53.10787898538748,1.2775442767596754,41.5
1796000,3591.9999999288843,-50419.9981608402,18552.760273122403,-31867.237887717798,291.74140950402835,52.77351365803951,1.2856386119799565,41.5
1796500,3592.9999999288607,-50390.56759635111,18754.845363059827,-31635.722233291282,294.9191894198021,52.992085320222095,1.2803358546589623,41.5
1797000,3593.999999928837,-50475.89594637642,18789.514900493505,-31686.381045882914,295.4643665022876,53.384056008247626,1.270935030454505,41.5
1797500,3594.9999999288134,-50789.59472524728,18952.5527871622,-31837.041938085084,298.02813071629464,52.41670861985269,1.2943900644484587,41.5
1798000,3595.9999999287897,-50577.615166085336,18625.090519034173,-31952.524647051163,292.87879971343256,52.73727075972033,1.286522147832646,41.5
1798500,3596.999999928766,-50549.50939752971,18702.992667267798,-31846.516730261916,294.1038078628665,53.196778316399765,1.2754093198104592,41.5
1799000,3597.9999999287425,-50568.22755068646,18678.97952601041,-31889.24802467605,293.72620218188337,53.01853262216247,1.2796971830990653,41.5
1799500,3598.999999928719,-50643.58721711218,18928.07089483792,-31715.51632227426,297.6431539436276,52.42153785997732,1.2942708210860672,41.5
1800000,3599.999999928695,-50800.687145976546,19025.130915250593,-31775.556230725953,299.1694188629618,52.53807538176363,1.2913999295866412,41.5
1800500,3600.9999999286715,-50467.21755672609,18481.042605567145,-31986.174951158948,290.6136520646557,52.72858632839233,1.2867340388394564,41.5
1801000,3601.999999928648,-50574.33094938405,18711.084211793986,-31863.246737590063,294.2310470752739,52.79076397857577,1.285218506710038,41.5
1801500,3602.999999928624,-50428.16010239922,18725.404792770332,-31702.755309628887,294.45623763546286,53.03460756020294,1.279309303299907,41.5
1802000,3603.9999999286006,-50720.48315519314,18984.991484050624,-31735.491671142518,298.5382279208822,52.98025259631563,1.2806218076307452,41.5
1802500,3604.999999928577,-50566.68990199955,18925.178947954882,-31641.510954044665,297.59767819514343,53.17204757198977,1.2760025228813707,41.5
1803000,3605.9999999285533,-50258.44322610202,18675.378705392133,-31583.064520709886,293.6695794224081,53.606206135622415,1.26566813321902,41.5
1803500,3606.9999999285296,-50440.50723891685,18757.940633637918,-31682.56660527893,294.9678624252177,53.322051441128345,1.2724129138867861,41.5
1804000,3607.999999928506,-50304.41278718619,18710.144711781184,-31594.26807540501,294.21627347533894,53.40815903644122,1.2703614592357262,41.5
1804500,3608.9999999284823,-50374.226448100766,18818.559282485636,-31555.66716561513,295.92108824157685,53.201795784076616,1.275289035806083,41.5
1805000,3609.9999999284587,-50266.12705484389,18838.9025162494,-31427.22453859449,296.24098477474706,53.010995805052815,1.2798791235338425,41.5
1805500,3610.999999928435,-50634.726455609234,19140.494149814993,-31494.23230579424,300.9835010890723,52.81168637625026,1.2847093418917734,41.5
1806000,3611.9999999284114,-50495.37361665636,18920.83512543283,-31574.53849122353,297.52937176059874,52.7363682947169,1.2865441637820205,41.5
1806500,3612.9999999283878,-50249.47729736735,18672.410385067018,-31577.066912300335,293.62290270461733,52.77469186569153,1.28560990978963,41.5
1807000,3613.999999928364,-50463.41369243366,18744.90706254248,-31718.506629891184,294.7629100436703,53.27854286124022,1.2734519978395642,41.5
1807500,3614.9999999283405,-50646.345448896594,18994.470305617877,-31651.875143278718,298.68728200899403,52.98074047413248,1.2806100149119926,41.5
1808000,3615.999999928317,-50407.33496478599,18804.48596813145,-31602.84899665454,295.69978593908166,52.91016248615493,1.28231824777293,41.5
1808500,3616.999999928293,-50102.838974486534,18394.858760053634,-31707.9802144329,289.2584145584063,53.02998729483738,1.2794207637917419,41.5
1809000,3617.9999999282695,-50419.14269578104,18671.23256549408,-31747.91013028696,293.60438153917926,53.132857750011716,1.2769436789537683,41.5
1809500,3618.999999928246,-50167.10647004018,18460.67811380344,-31706.42835623674,290.29342125029086,53.00142620575929,1.2801102103409943,41.5
1810000,3619.999999928222,-50591.58674838124,18902.07331151754,-31689.5134368637,297.2343429909752,53.37743934687453,1.2710925754178197,41.5
1810500,3620.9999999281986,-50746.02567206504,18918.579395902678,-31827.446276162365,297.4939005044138,53.08261647543082,1.2781522719406713,41.5
1811000,3621.999999928175,-50717.91382127529,18986.50938379046,-31731.404437484827,298.562096833274,53.07306016308453,1.2783824154880614,41.5
1811500,3622.9999999281513,-50355.36726351216,18738.983170377804,-31616.38409313436,294.6697570775116,53.009028959624416,1.2799266121306427,41.5
1812000,3623.9999999281276,-50279.757873780036,18566.34779317896,-31713.410080601076,291.9550727107215,52.820068839236896,1.2845054605121453,41.5
1812500,3624.999999928104,-50441.168884905965,18576.8453397189,-31864.323545187064,292.12014620807776,52.87903192448321,1.283073164908177,41.5
1813000,3625.9999999280803,-50553.24308178027,18662.329390972307,-31890.91369080796,293.46437947771756,52.97594797608409,1.2807258659959597,41.5
1813500,3626.9999999280567,-50431.65137134418,18445.627375518085,-31986.023995826097,290.0567489957689,53.06937842414358,1.278471104492159,41.5
1814000,3627.999999928033,-50803.97552723038,18779.57546886548,-32024.4000583649,295.3080693394859,52.75475493689587,1.2860957638754111,41.5
1814500,3628.9999999280094,-50399.45876596428,18422.13413395136,-31977.32463201292,289.68731871652227,52.83255300990066,1.2842019358010728,41.5
1815000,3629.9999999279858,-50697.623629724854,18645.024048103067,-32052.599581621787,293.19225365674544,52.87245480864538,1.2832327739307685,41.5
1815500,3630.999999927962,-50815.105898623195,18711.411576559334,-32103.69432206386,294.2361948730495,53.34408206251364,1.271887418910253,41.5
1816000,3631.9999999279385,-50427.9029350898,18220.021003828646,-32207.881931261152,286.5090978699621,53.043087066057225,1.2791047919992498,41.5
1816500,3632.999999927915,-50644.99753835332,18367.95252079869,-32277.045017554625,288.8353150277094,52.54008927953078,1.291350429338919,41.5
1817000,3633.999999927891,-50899.28986725101,18683.800014900335,-32215.489852350678,293.80200417590163,52.60440371564475,1.2897716171326745,41.5
1817500,3634.9999999278675,-50642.618738280806,18613.117969153645,-32029.50076912716,292.6905318478383,53.19900656767577,1.2753558990301166,41.4
1818000,3635.999999927844,-50695.11889848102,18901.668346879705,-31793.450551601316,297.2279749383242,52.89482895892654,1.2826899752584837,41.5
1818500,3636.99999992782,-50632.560124939395,18789.352971887136,-31843.20715305226,295.4618201814617,52.84454882926394,1.2839104193667545,41.5
1819000,3637.9999999277966,-50651.01453198243,18765.331272102783,-31885.683259879646,295.084079917986,52.80723820008715,1.2848175583724286,41.5
1819500,3638.999999927773,-50682.8455274977,18650.876916685258,-32031.968610812444,293.2842897799246,52.85492584751485,1.2836583489751938,41.5
1820000,3639.9999999277493,-50614.23197040486,18544.524473865215,-32069.707496539642,291.61190189177483,52.69791520050374,1.287482941032526,41.5
1820500,3640.9999999277256,-50509.80650745459,18779.63107293856,-31730.17543451603,295.30894371129983,53.087996802957505,1.2780227346014204,41.5
1821000,3641.999999927702,-50488.14458507871,18633.868575680975,-31854.276009397738,293.0168343013399,52.84037547047815,1.2840118232417483,41.5
1821500,3642.9999999276783,-50499.68501229944,18638.386504264214,-31861.298508035223,293.08787854669794,52.800393077622026,1.284984124055367,41.5
1822000,3643.9999999276547,-50267.35551234627,18345.408345301526,-31921.947167044746,288.4808087742557,53.08541802936094,1.2780848181529143,41.5
1822500,3644.999999927631,-50472.866743426304,18617.61685614252,-31855.249887283786,292.7612766648904,52.80032771268699,1.2849857148201866,41.5
1823000,3645.9999999276074,-50718.87597223632,18738.609499396392,-31980.266472839925,294.6638811163499,52.619394456923416,1.2894041740478475,41.5
1823500,3646.9999999275838,-50725.37871526625,18730.813983323205,-31994.564731943043,294.5412969394661,53.33361210562256,1.2721371039760225,41.5
1824000,3647.99999992756,-50529.85062403968,18459.44573126323,-32070.404892776452,290.2740420843858,53.442227615863416,1.2695516237891211,41.5
1824500,3648.9999999275365,-50749.08549440939,18556.125317364585,-32192.960177044803,291.7943246894674,52.76418339842048,1.2858659507020487,41.5
1825000,3649.999999927513,-50991.96947215469,18858.89021034447,-32133.07926181022,296.55529046091925,52.933365310379365,1.28175615608032,41.5
1825500,3650.999999927489,-50675.066962188735,18353.87677819058,-32321.190183998155,288.6139745410188,52.6869221701541,1.2877515720032195,41.5
1826000,3651.9999999274655,-50615.922355261144,18440.089926421235,-32175.83242883991,289.9696728313174,52.56859066903368,1.2906502910794961,41.5
1826500,3652.999999927442,-50762.06401194065,18441.62580714596,-32320.438204794693,289.99382449397376,52.30468472910181,1.297162332590783,41.5
1827000,3653.9999999274182,-51290.586560536096,18807.081360633416,-32483.50519990268,295.7405983818445,52.380681678168834,1.2952803337972727,41.5
1827500,3654.9999999273946,-51113.52257418193,18604.907323560263,-32508.615250621668,292.561419775937,53.3056080139227,1.2728054209775888,41.5
1828000,3655.999999927371,-50911.08058285033,18394.072330634604,-32517.008252215724,289.24604798740523,52.9102318412334,1.2823165669017715,41.5
1828500,3656.9999999273473,-50999.28803245302,18404.008343894897,-32595.279688558123,289.4022913965117,52.95230438027395,1.2812977195738842,41.5
1829000,3657.9999999273236,-50893.44625989382,18330.65963567099,-32562.78662422283,288.24888590818966,53.0297082147043,1.2794274970159862,41.5
1829500,3658.9999999273,-50564.6034242773,18187.909366535016,-32376.694057742287,286.0041436643554,53.14624285499247,1.276622075312963,41.5
1830000,3659.9999999272763,-50845.48999462666,18383.611448294352,-32461.878546332307,289.0815510331152,53.34165968805766,1.271945178410285,41.5
1830500,3660.9999999272527,-51022.651090817846,18515.191920978352,-32507.459169839494,291.1506486767499,53.13070519143051,1.2769954135592843,41.5
1831000,3661.999999927229,-50965.48698581309,18320.02553355688,-32645.46145225621,288.08166507991893,52.86632975836823,1.2833814482437678,41.5
1831500,3662.9999999272054,-51011.64717481254,18527.793449726123,-32483.853725086417,291.3488072097476,52.70586680147308,1.2872887017338823,41.5
1832000,3663.9999999271818,-51004.345744548744,18592.31833671861,-32412.027407830134,292.36345846390884,53.2989063864978,1.2729654593028394,41.5
1832500,3664.999999927158,-50747.791317862466,18283.544885190877,-32464.24643267159,287.50800835082634,52.88729228949612,1.2828727641649815,41.5
1833000,3665.9999999271345,-51200.72857581637,18596.651361419725,-32604.077214396646,292.4315951031533,52.78191342646301,1.285434014118381,41.5
1833500,3666.999999927111,-50947.516720758045,18501.34595363757,-32446.170767120475,290.93292139690146,52.980666567238416,1.2806118013355097,41.5
1834000,3667.999999927087,-50969.341898054154,18629.95249946677,-32339.389398587384,292.9552541602914,52.51941096651939,1.2918588689404653,41.5
1834500,3668.9999999270635,-50778.07326363067,18343.682604200236,-32434.390659430435,288.4536715648099,52.85940309657383,1.2835496217138491,41.5
1835000,3669.99999992704,-51192.2728107759,18594.887662839203,-32597.3851479367,292.4038610138724,52.87103426573657,1.2832672519250554,41.5
1835500,3670.9999999270162,-50776.60659959505,18267.951581845176,-32508.655017749872,287.2628042825406,53.1842330166102,1.2757101682266887,41.5
1836000,3671.9999999269926,-50758.586545320104,18383.189804679845,-32375.39674064026,289.0749207042265,52.823828682036265,1.2844140332391332,41.5
1836500,3672.999999926969,-50702.615630771164,18416.47228041522,-32286.143350355946,289.59828629726377,53.22527978709146,1.2747263540939069,41.5
1837000,3673.9999999269453,-51178.33670179186,18767.42439512332,-32410.91230666854,295.1169941933438,52.915046548584556,1.2821998897106157,41.5
1837500,3674.9999999269216,-50787.49780969999,18461.339460915384,-32326.158348784607,290.3038209070411,52.724836455352595,1.2868255533818607,41.5
1838000,3675.999999926898,-50986.02722868385,18667.377758311686,-32318.649470372166,293.54376485119315,53.47155514251385,1.26885531321836,41.5
1838500,3676.9999999268744,-50865.70315702977,18550.07534463353,-32315.62781239624,291.69918911147056,53.308883751729255,1.2727272093073294,41.5
1839000,3677.9999999268507,-50645.55601889864,18526.027940190535,-32119.528078708106,291.3210446432711,52.88787092260706,1.2828587285714605,41.5
1839500,3678.999999926827,-50774.76096864318,18454.58695383241,-32320.17401481077,290.1976380046012,52.698498239850345,1.2874686967326354,41.5
1840000,3679.9999999268034,-50948.22599782626,18737.565010812737,-32210.66098701352,294.64745657535866,52.862562317778256,1.2834729130375373,41.5
1840500,3680.9999999267798,-51035.54433263207,18842.483090090354,-32193.061242541713,296.2972891544629,52.69413420700378,1.287575322560463,41.5
1841000,3681.999999926756,-50927.68313711256,18666.05508539672,-32261.628051715838,293.52296587277465,52.50634378695451,1.2921803720312428,41.5
1841500,3682.9999999267325,-50925.4539264703,18569.915163758724,-32355.538762711574,292.01116946968574,52.950709349246964,1.2813363160278815,41.5
1842000,3683.999999926709,-50916.54368815674,18646.301388478532,-32270.242299678204,293.21233978280264,52.906095593722725,1.2824168195975758,41.5
1842500,3684.999999926685,-50784.09532434251,18415.877423555707,-32368.217900786804,289.5889321970602,52.69447770860337,1.2875669291917051,41.5
1843000,3685.9999999266615,-50930.29042485974,18445.335074952734,-32484.955349907006,290.0521525811288,52.708161366051804,1.287232661701731,41.5
1843500,3686.999999926638,-50852.90302455109,18660.20680715562,-32192.696217395467,293.43100193252457,52.67991762427038,1.2879227969287643,41.5
1844000,3687.9999999266142,-50571.79005815343,18347.73372344454,-32224.056334708886,288.5173752520782,52.76092739436212,1.2859453045906317,41.5
1844500,3688.9999999265906,-50568.443404799844,18334.9672619236,-32233.476142876243,288.3166231578524,52.6098582286265,1.2896378955020524,41.5
1845000,3689.999999926567,-51028.724555919805,18686.883052380173,-32341.841503539632,293.85048481633896,52.74863052073017,1.2862450869120314,41.5
1845500,3690.9999999265433,-50910.223252085045,18666.659809265206,-32243.56344281984,293.5324751312976,53.15620381801116,1.2763828485742634,41.5
1846000,3691.9999999265196,-50797.647367835576,18535.212906508008,-32262.434461327568,291.46547786939266,52.87829766037435,1.2830909815667255,41.5
1846500,3692.999999926496,-50924.38921655264,18418.63236839739,-32505.75684815525,289.6322535939514,52.68424826687318,1.2878169297385322,41.5
1847000,3693.9999999264724,-50625.60769273294,18344.435380128718,-32281.172312604223,288.4655089360249,53.08909563397821,1.277996282257315,41.5
1847500,3694.9999999264487,-50674.07169024245,18334.632909057018,-32339.43878118543,288.3113654724658,52.94256244786166,1.2815334904774252,41.5
1848000,3695.999999926425,-50956.465317014925,18418.62934533948,-32537.835971675446,289.63220605648723,53.03891487155903,1.2792054100829475,41.5
1848500,3696.9999999264014,-50697.90240981887,18216.500816228458,-32481.40159359041,286.45374306145493,53.07167735296358,1.278415724405939,41.5
1849000,3697.9999999263778,-50975.18112834021,18614.71778496165,-32360.463343378564,292.7156888871092,52.703112599089486,1.2873559739202076,41.5
1849500,3698.999999926354,-50771.35810254716,18437.75613581678,-32333.601966730377,289.93297406787696,52.93383911105895,1.2817446833258777,41.5
1850000,3699.9999999263305,-51216.81248792039,18903.653834122946,-32313.158653797444,297.25919664541084,52.81151575089314,1.284713492577228,41.5
1850500,3700.999999926307,-50679.953859492525,18366.6650959884,-32313.288763504126,288.8150703243199,52.964740926078655,1.2809968605967545,41.5
1851000,3701.999999926283,-50889.50979878449,18471.47148864601,-32418.038310138483,290.46314663581416,52.54747057132786,1.2911690346071156,41.5
1851500,3702.9999999262595,-50831.78295900032,18355.02323507459,-32476.759723925727,288.63200252943415,52.57143910802577,1.2905803607394362,41.5
1852000,3703.999999926236,-50846.30276833921,18437.52956771488,-32408.773200624328,289.9294112935822,53.106796187030476,1.2775703247035015,41.5
1852500,3704.9999999262122,-50794.04444308728,18511.045859234684,-32282.998583852597,291.08545202249564,52.45953224970502,1.2933334312947236,41.5
1853000,3705.9999999261886,-50749.889387747404,18758.280183552597,-31991.609204194807,294.9732018339767,52.7224522651216,1.2868837456089206,41.5
1853500,3706.999999926165,-50578.27024564705,18340.740894595867,-32237.529351051184,288.4074132995331,52.73169051557085,1.2866582919163734,41.5
1854000,3707.9999999261413,-51152.93388476011,18776.422227349154,-32376.511657410956,295.2584847433968,52.45682978130745,1.293400061183342,41.5
1854500,3708.9999999261177,-50872.17142195395,18590.551736568854,-32281.619685385096,292.3356787475684,52.8919435143441,1.2827599505816454,41.5
1855000,3709.999999926094,-50283.329446520154,18258.471393604632,-32024.858052915522,287.11372870354626,53.27368490096993,1.2735681223243474,41.5
1855500,3710.9999999260704,-50630.248000302156,18407.301582763415,-32222.94641753874,289.4540774453363,53.330543077340614,1.2722103120201436,41.5
1856000,3711.9999999260467,-50389.93937273806,18305.63867978368,-32084.30069295438,287.8554323826635,52.81722958366346,1.2845745106936224,41.5
1856500,3712.999999926023,-50482.278099264666,18314.443882316602,-32167.834216948064,287.99389383853884,53.002288338536566,1.2800893881273605,41.5
1857000,3713.9999999259994,-50574.87452586317,18339.123063269835,-32235.751462593333,288.3819729669655,53.03439637480178,1.2793143975682857,41.5
1857500,3714.9999999259758,-50783.173560861105,18361.278418146783,-32421.895142714322,288.7303650317962,53.26060688271657,1.2738808440172738,41.5
1858000,3715.999999925952,-50659.68807999241,18342.499657978125,-32317.188422014286,288.43506978301974,53.053109477356735,1.2788631527353707,41.5
1858500,3716.9999999259285,-51175.058006058265,18801.917790048486,-32373.14021600978,295.6594014419636,52.72482327094079,1.2868258751664958,41.5
1859000,3717.999999925905,-50874.62480544582,18492.863953042066,-32381.760852403753,290.7995422784998,53.04959549697247,1.2789478640322387,41.5
1859500,3718.999999925881,-50892.12416523924,18385.130722805,-32506.993442434243,289.10544156372276,53.02378033253216,1.2795705327520757,41.5
1860000,3719.9999999258575,-50503.823392267994,18394.666295649433,-32109.15709661856,289.255388063387,53.47588197869718,1.2687526477011677,41.5
1860500,3720.999999925834,-50544.31212397187,18546.15296205983,-31998.159161912037,291.6375098031726,52.86333229930603,1.28345421859677,41.5
1861000,3721.9999999258102,-50638.10547460605,18622.44763816629,-32015.657836439757,292.8372405180246,52.88299679669144,1.2829769672370765,41.5
1861500,3722.9999999257866,-50561.88719834708,18433.69359846264,-32128.193599884442,289.86909083129046,53.567671834883114,1.2665786009472415,41.5
1862000,3723.999999925763,-50592.60960455885,18321.63942489474,-32270.97017966411,288.107043456331,53.13716589495134,1.276840149562315,41.5
1862500,3724.9999999257393,-50887.54140828637,18481.161767659003,-32406.37964062737,290.61552588376,52.858151048168445,1.2835800250901541,41.5
1863000,3725.9999999257157,-50870.00913996262,18504.8521916077,-32365.156948354917,290.9880568480367,53.059022377767796,1.2787206361543513,41.5
1863500,3726.999999925692,-50669.52445370958,18439.790293285863,-32229.734160423715,289.9649611123084,53.25932152910604,1.2739115876935962,41.5
1864000,3727.9999999256684,-50715.61893904057,18295.949281325968,-32419.669657714603,287.70306698141405,53.047230629647494,1.279004880053209,41.5
1864500,3728.9999999256447,-50804.62206807054,18370.190286588855,-32434.431781481682,288.87050380480514,53.10430700724044,1.2776302087771638,41.5
1865000,3729.999999925621,-50588.902846953046,18299.112150702647,-32289.7906962504,287.75280297522016,52.852597388412335,1.2837149014648515,41.5
1865500,3730.9999999255974,-50489.57458110092,18138.310358658484,-32351.264222442434,285.2242012592965,53.251619503184216,1.274095839368232,41.5
1866000,3731.999999925574,-50613.11748435965,18453.24657353203,-32159.870910827623,290.17656057825883,52.886635709654264,1.2828886908425878,41.5
1866500,3732.99999992555,-50693.21380983301,18667.92580313824,-32025.28800669477,293.5523828340602,53.31957966931031,1.2724718999928457,41.5
1867000,3733.9999999255265,-50901.903355103976,18769.591240219546,-32132.31211488443,295.1510677453784,52.52136573198195,1.2918107879154517,41.5
1867500,3734.999999925503,-50766.13407992546,18599.241975139244,-32166.892104786217,292.4723323997543,52.74809738162489,1.2862580873345841,41.5
1868000,3735.999999925479,-50936.57894654394,18727.44227115937,-32209.13667538457,294.48827690122715,52.49858184553753,1.2923714215414446,41.5
1868500,3736.9999999254555,-50981.31246057355,18638.599409417882,-32342.713051155668,293.09122647168095,53.08431145496993,1.2781114605994401,41.5
1869000,3737.999999925432,-50841.50152781468,18419.5582614686,-32421.943266346083,289.64681322527673,53.06958937647655,1.2784660225522895,41.5
1869500,3738.9999999254082,-51252.5674498571,18538.079670199935,-32714.487779657167,291.51055761320896,53.32458181472376,1.2723525349784066,41.5
1870000,3739.9999999253846,-50995.99280032787,18348.091140445504,-32647.901659882365,288.5229956200507,52.92215437171628,1.2820276811120848,41.5
1870500,3740.999999925361,-50901.647212698306,18517.3330037491,-32384.314208949207,291.18431711725185,53.19205588873006,1.275522551535788,41.5
1871000,3741.9999999253373,-50880.65528159593,18697.164451321078,-32183.49083027485,294.0121594013891,52.95551262019268,1.2812200938407299,41.5
1871500,3742.9999999253137,-50671.190671417404,18540.774575748444,-32130.41609566896,291.55293489462844,52.6742004291686,1.2880625865382138,41.5
1872000,3743.99999992529,-50824.26872944817,18684.84457641655,-32139.42415303162,293.81842986375443,52.71483436256906,1.287069715176862,41.5
1872500,3744.9999999252664,-50732.994736656365,18727.83354390285,-32005.161192753516,294.4944296493898,52.77981766916078,1.2854850555550625,41.5
1873000,3745.9999999252427,-50805.17334382746,18634.288193725515,-32170.885150101945,293.02343277822234,53.094294232896615,1.277871150354035,41.5
1873500,3746.999999925219,-50754.114129839676,18615.92629650968,-32138.187833329997,292.73469268262176,52.78463934928963,1.2853676312849582,41.5
1874000,3747.9999999251954,-50759.61876014559,18454.81037464459,-32304.808385501,290.20115128789155,52.71661197748517,1.2870263149233565,41.5
1874500,3748.999999925172,-50826.49088001681,18540.537528553752,-32285.95335146306,291.5492073370208,52.344916146531844,1.2961653555561672,41.5
1875000,3749.999999925148,-50778.30764533066,18353.542937143302,-32424.764708187355,288.60872490397026,52.60791083593533,1.289685634166676,41.5
1875500,3750.9999999251245,-50791.85359341098,18637.863706408716,-32153.989887002266,293.0796575714359,52.49126079748922,1.2925516708463691,41.5
1876000,3751.999999925101,-50647.909771905724,18592.317792545997,-32055.591979359728,292.36344990681636,53.237646635565405,1.2744302413116355,41.5
1876500,3752.999999925077,-50893.71471485539,18568.287044354765,-32325.427670500627,291.9855673575063,52.90193230233297,1.2825177436030086,41.5
1877000,3753.9999999250535,-51118.41682721798,18421.816098204792,-32696.60072901319,289.68231761719204,52.66182028569848,1.288365394142154,41.5
1877500,3754.99999992503,-51081.05419084226,18294.525514618545,-32786.528676223716,287.6806783071729,52.6832908511322,1.2878403332917294,41.5
1878000,3755.9999999250063,-50891.74028346936,18283.058451197765,-32608.68183227159,287.5003591958385,52.92122961412139,1.2820500835551802,41.5
1878500,3756.9999999249826,-50684.873300688174,17935.32881160082,-32749.544489087355,282.03232459134307,52.77626748492487,1.2855715283011888,41.5
1879000,3757.999999924959,-50825.33099438584,18121.15205499214,-32704.1789393937,284.95438762387914,53.137770270122694,1.2768256271147176,41.5
1879500,3758.9999999249353,-51067.28489856186,18274.19847845176,-32793.08642011011,287.36103648056405,52.730552077773254,1.2866860705072356,41.5
1880000,3759.9999999249117,-50916.3769636273,18256.188753094342,-32660.188210532957,287.07783427328036,53.0437525770031,1.2790887437711616,41.5
1880500,3760.999999924888,-51055.07359689317,18151.39732357928,-32903.67627331389,285.4299932566012,52.79714812817181,1.2850631000734802,41.5
1881000,3761.9999999248644,-50900.4096477669,18020.27707509412,-32880.13257267278,283.36813261999305,53.12259952759451,1.2771902627502965,41.5
1881500,3762.9999999248407,-50843.767891022806,18077.590791013066,-32766.17710000974,284.26938849890024,53.09667978968658,1.2778137374571927,41.5
1882000,3763.999999924817,-51042.26866353956,18136.4174775694,-32905.851185970154,285.19443578026136,52.699049847629695,1.2874552206310579,41.5
1882500,3764.9999999247934,-50847.93017406283,18022.794990647202,-32825.13518341562,283.40772674084917,52.635599822825775,1.2890071943134696,41.5
1883000,3765.99999992477,-51415.300128657334,18450.091432725218,-32965.20869593212,290.12694611590325,53.0642179499583,1.2785954353008706,41.5
1883500,3766.999999924746,-51045.44106965781,18030.250995807197,-33015.190073850616,283.5249721222708,53.08474588998876,1.2781010007890532,41.5
1884000,3767.9999999247225,-50933.5650193032,18327.14301453204,-32606.422004771157,288.19358718214215,53.43809424390141,1.269649822071832,41.5
1884500,3768.999999924699,-51053.33997533167,18665.93927469076,-32387.40070064091,293.5211447540788,52.98404805609785,1.280530071556485,41.5
1885000,3769.999999924675,-50578.679925741795,18335.023003701168,-32243.656922040627,288.31749969506393,53.05954777875185,1.2787079741338727,41.5
1885500,3770.9999999246515,-50985.44131800277,18723.814228717652,-32261.627089285117,294.4312260796725,52.63819870251853,1.2889435528002016,41.5
1886000,3771.999999924628,-50752.79618607172,18789.44778571566,-31963.34840035606,295.4633111251038,53.0229848759565,1.2795897290081273,41.5
1886500,3772.9999999246043,-50517.986874980634,18587.522571662026,-31930.464303318608,292.288045251176,53.23814170557886,1.2744183901805386,41.5
1887000,3773.9999999245806,-50711.817216469906,18802.73741876054,-31909.079797709368,295.6722900705129,52.97899970417779,1.2806520928570289,41.5
1887500,3774.999999924557,-50533.66934266835,18608.16892389408,-31925.500418774267,292.6127083100752,52.92603095823589,1.2819337785250897,41.5
1888000,3775.9999999245333,-50561.013805972965,18592.162171156142,-31968.851634816823,292.36100276671664,52.91552015259123,1.2821884137768371,41.5
1888500,3776.9999999245097,-50765.883871560145,18803.107703625476,-31962.77616793467,295.6781127851292,53.540377715778995,1.2672242846099997,41.5
1889000,3777.999999924486,-50804.088659602174,18940.616169545247,-31863.472490056927,297.8404278841006,52.887969599046436,1.2828563350605635,41.5
1889500,3778.9999999244624,-50604.6932273059,18603.90578813149,-32000.787439174408,292.54567067157967,52.76777178647849,1.2857785074414092,41.5
1890000,3779.9999999244387,-50256.824731018954,18530.42443637074,-31726.400294648214,291.39017936897284,53.09130941827112,1.277942992780618,41.5
1890500,3780.999999924415,-50763.81394527091,19162.630778495255,-31601.183166775652,301.33159868521295,52.99049718113353,1.2803742266600842,41.5
1891000,3781.9999999243914,-50247.79141973526,18772.348465770694,-31475.442953964564,295.19442500633414,52.66290334126875,1.288338897856759,41.5
1891500,3782.999999924368,-50452.52201072709,18861.059813396554,-31591.462197330533,296.5894073816988,52.51846931922905,1.2918820317519335,41.5
1892000,3783.999999924344,-50109.16654705544,18468.223801941167,-31640.942745114276,290.41207689293225,52.88418961620549,1.2829480292884436,41.5
1892500,3784.9999999243205,-50577.79109007362,18914.240295251766,-31663.55079482185,297.42566832110293,52.765335331385906,1.2858378786473859,41.5
1893000,3785.999999924297,-50179.22204270361,18789.09913608386,-31390.12290661975,295.45782862365894,53.331910786016834,1.2721776859046325,41.5
1893500,3786.999999924273,-50222.555899096194,18860.604252182857,-31361.951646913338,296.5822436999262,52.955290743082536,1.2812254620184487,41.5
1894000,3787.9999999242496,-50344.387113900586,18900.545167355685,-31443.8419465449,297.21031298545904,53.097751754953556,1.277787940283133,41.5
1894500,3788.999999924226,-50429.50009138905,18694.192728196384,-31735.307363192664,293.9654291747118,52.909710785942714,1.2823291951664433,41.5
1895000,3789.9999999242023,-50392.62422512833,18717.605043319527,-31675.019181808806,294.33358688888615,52.86775200063958,1.2833469228615282,41.5
1895500,3790.9999999241786,-50524.29196928003,18848.562353631314,-31675.729615648714,296.3928853292679,53.17275644958804,1.2759855117338543,41.5
1896000,3791.999999924155,-50372.47227508438,18492.796870207363,-31879.675404877016,290.79848740362075,53.410584147865045,1.2703037783820843,41.5
1896500,3792.9999999241313,-50549.75891762418,18579.630305142164,-31970.128612482018,292.1639396774074,52.77950733838545,1.2854926138971934,41.5
1897000,3793.9999999241077,-50425.47456588327,18269.222152860555,-32156.252413022714,287.2827839606826,53.421435001090884,1.2700457568622359,41.5
1897500,3794.999999924084,-50608.14790916431,18539.501682100643,-32068.64622706367,291.53291869318497,53.137764127429186,1.2768257747149905,41.5
1898000,3795.9999999240604,-50799.040995887284,18573.627883183814,-32225.41311270347,292.0695518334,53.08516525575928,1.2780909039605246,41.5
1898500,3796.9999999240367,-50756.37767138252,18497.99173589876,-32258.385935483762,290.8801764577928,53.26341360857576,1.2738137166203571,41.5
1899000,3797.999999924013,-50771.43091028416,18701.734898983064,-32069.696011301094,294.08402950714935,52.67474185721769,1.2880493469249052,41.5
1899500,3798.9999999239894,-50810.9576338546,18821.721549751375,-31989.236084103228,295.9708147672126,52.91750240812077,1.2821403838253569,41.5
1900000,3799.999999923966,-50756.7470959269,18565.40340482197,-32191.34369110493,291.9402222417707,53.173885423305556,1.275958420350646,41.5
1900500,3800.999999923942,-51009.044370084586,18673.015694177113,-32336.028675907473,293.6324211660411,52.63300666028571,1.2890707020889562,41.5
1901000,3801.9999999239185,-50853.85011758272,18375.307905264315,-32478.542212318403,288.9509781527568,52.823167660613436,1.2844301062091832,41.5
1901500,3802.999999923895,-50694.33761324008,18347.769143981885,-32346.568469258196,288.51793223860403,53.098658957246535,1.2777661089945065,41.5
1902000,3803.999999923871,-50962.51647030231,18510.138356814576,-32452.378113487735,291.07118158341956,52.70034837060382,1.2874234980669033,41.5
1902500,3804.9999999238476,-50835.955883329894,18631.41626955448,-32204.539613775414,292.9782718860795,53.39585955882172,1.2706540808446984,41.5
1903000,3805.999999923824,-51080.25550083692,18464.205199246662,-32616.05030159026,290.3488845271024,52.54323431546283,1.2912731340685752,41.5
1903500,3806.9999999238003,-50665.82678330733,18347.240834686072,-32318.58594862126,288.5096245961646,53.35259108430144,1.271684569947547,41.5
1904000,3807.9999999237766,-50601.6605374975,18389.272645109922,-32212.387892387575,289.1705731254691,53.18156855221245,1.2757740829328101,41.5
1904500,3808.999999923753,-50977.112432739246,18478.293885185485,-32498.81854755376,290.57042854714814,53.03166694406388,1.279380241247004,41.5
1905000,3809.9999999237293,-50967.461349845194,18554.00583609682,-32413.455513748373,291.7609959317315,52.97675975158349,1.280706241128672,41.5
1905500,3810.9999999237057,-50652.51294476666,18318.915774230532,-32333.59717053613,288.0642141591226,53.20145045118177,1.2752973137618673,41.5
1906000,3811.999999923682,-50615.86633842708,18168.875859407963,-32446.990479019114,285.70484252989854,53.00903704909572,1.2799264168067852,41.5
1906500,3812.9999999236584,-50902.48760611253,18454.49978868023,-32447.987817432302,290.19626733608703,53.07376746240274,1.2783653788416327,41.5
1907000,3813.9999999236347,-50642.18151050805,18241.97424537946,-32400.207265128593,286.854311710864,52.90786502887898,1.2823739308247188,41.5
1907500,3814.999999923611,-50527.17783305028,18352.01434473473,-32175.16348831555,288.5846878497924,52.633579959090625,1.289056661191614,41.5
1908000,3815.9999999235874,-50770.37412391459,18503.6720810419,-32266.70204287269,290.969499656828,52.88936311697394,1.2828225346289461,41.5
1908500,3816.999999923564,-50725.976554584086,18680.552745208952,-32045.423809375134,293.75094099053956,52.8306867103509,1.284247301584556,41.5
1909000,3817.99999992354,-50842.813559527574,18874.293443084338,-31968.520116443236,296.79750567656873,52.8577554752299,1.2835896310508654,41.5
1909500,3818.9999999235165,-50519.688154923984,18551.923566990474,-31967.76458793351,291.728252333738,53.090251687969065,1.2779684535570277,41.5
1910000,3819.999999923493,-50543.612934986755,18507.038115971845,-32036.57481901491,291.02243042079226,52.97216086543659,1.2808174282521412,41.5
1910500,3820.999999923469,-50803.66540974288,18713.26943051268,-32090.395979230198,294.2654095517831,52.88927526277495,1.282824665521186,41.5
1911000,3821.9999999234456,-50674.272532104704,18627.320211127888,-32046.952320976816,292.91386153197624,52.7177479775225,1.2869985811525126,41.5
1911500,3822.999999923422,-50492.38611733612,18672.287568602373,-31820.09854873375,293.6209714206478,52.6088226866298,1.289663280487557,41.5
1912000,3823.9999999233983,-50576.105193680356,18881.70871834962,-31694.396475330737,296.9141105820333,52.826395853350114,1.2843516153738224,41.5
1912500,3824.9999999233746,-50386.27180375471,18693.256482492907,-31693.015321261802,293.9507067486602,52.821493557063,1.284470814429574,41.5
1913000,3825.999999923351,-50494.404720496364,18706.00925232894,-31788.395468167426,294.15124354169114,53.036506831453906,1.279263490415047,41.5
1913500,3826.9999999233273,-50422.3571899986,18462.646203742395,-31959.710986256203,290.3243693854669,53.005588172232976,1.2800096968675705,41.5
1914000,3827.9999999233037,-50630.763641441226,18649.989945063997,-31980.77369637723,293.2703421868351,52.775874037240165,1.285581112323255,41.5
1914500,3828.99999992328,-50465.775612649246,18776.598107949307,-31689.17750469994,295.2612504587641,52.62737902714505,1.2892085470118428,41.5
1915000,3829.9999999232564,-50623.72144137538,18876.628456064955,-31747.092985310428,296.8342236618252,53.029989675204945,1.2794207063621308,41.5
1915500,3830.9999999232327,-50465.81497739859,18464.307875907238,-32001.507101491356,290.35049911346255,52.85231656832185,1.2837217222242467,41.5
1916000,3831.999999923209,-50517.04964009963,18644.68240266712,-31872.367237432507,293.1868812959988,52.895567645718145,1.2826720624883856,41.5
1916500,3832.9999999231854,-50409.43982049516,18412.216923923734,-31997.222896571424,289.5313709874936,52.60003476038411,1.289878745474269,41.5
1917000,3833.999999923162,-50568.190946983894,18368.695607904847,-32199.495339079047,288.8470000425828,52.839226057860614,1.2840397543736142,41.5
1917500,3834.999999923138,-51012.24413826189,18592.93938392987,-32419.304754332024,292.3732244063408,52.88325828652728,1.2829706233496643,41.5
1918000,3835.9999999231145,-50532.33988959495,18210.883457247328,-32321.456432347622,286.36541031728535,53.028546456508224,1.2794555269259171,41.5
1918500,3836.999999923091,-50672.65443552352,18181.275520975258,-32491.37891454826,285.899826709598,53.12422567348256,1.2771511676356344,41.5
1919000,3837.999999923067,-50733.43779060443,18290.804073577285,-32442.633717027147,287.622158796395,53.207291203203816,1.2751573198776531,41.5
1919500,3838.9999999230436,-50825.83116497306,18377.24939914624,-32448.58176582682,288.9815080660052,52.58198862072282,1.2903214318883351,41.5
1920000,3839.99999992302,-50602.314164171825,18345.319918580557,-32256.994245591268,288.4794182676231,52.72641931997585,1.2867869224512758,41.5
1920500,3840.9999999229963,-50586.565869274935,18305.6522848852,-32280.913584389735,287.85564632233803,52.87888586430053,1.283076708967357,41.5
1921000,3841.9999999229726,-50675.75947093397,18480.852108289873,-32194.907362644095,290.6106565026282,52.866737709080176,1.2833715449208427,41.5
1921500,3842.999999922949,-50745.185771963435,18568.39857760849,-32176.787194354947,291.9873212134376,52.874682960884755,1.2831786981837614,41.5
1922000,3843.9999999229253,-50609.38053592495,18358.85129784122,-32250.529238083735,288.69219866255753,52.77396003724255,1.2856277376332408,41.5
1922500,3844.9999999229017,-50691.760025024945,18538.760796362276,-32152.99922866267,291.52126829473156,52.83377847251251,1.28417214914746,41.5
1923000,3845.999999922878,-51100.500969632994,18541.709703239485,-32558.79126639351,291.5676397368344,52.44138163386257,1.2937810701161325,41.5
1923500,3846.9999999228544,-50646.68831405003,18184.710433298358,-32461.97788075167,285.95384056780085,53.057224162624244,1.2787639745469757,41.5
1924000,3847.9999999228307,-50787.967798104815,18368.892900782368,-32419.074897322447,288.850102465151,52.713317039605734,1.2871067627493522,41.5
1924500,3848.999999922807,-50977.44819034456,18340.708086500395,-32636.740103844168,288.4068973935507,52.4631783961591,1.293243545716903,41.5
1925000,3849.9999999227834,-50885.06191237302,18135.00775889966,-32750.05415347336,285.1722680108481,52.88158841248701,1.2830111364923795,41.5
1925500,3850.99999992276,-51275.474418353835,18417.63709253536,-32857.83732581847,289.6166029210294,52.479201726546115,1.2928486832204824,41.5
1926000,3851.999999922736,-50933.96545909018,18228.466427777243,-32705.499031312935,286.64190182206147,52.86019227082496,1.2835304590080778,41.5
1926500,3852.9999999227125,-51152.602033826784,18350.181404300234,-32802.42062952655,288.5558649351412,52.62000562149779,1.2893891980298113,41.5
1927000,3853.999999922689,-51380.767859616164,18408.86664995568,-32971.901209660486,289.47868806402147,52.685106645024135,1.2877959478332974,41.5
1927500,3854.999999922665,-50767.87677461923,17984.120696915186,-32783.75607770405,282.799575026557,53.25236391342787,1.2740780288913909,41.5
1928000,3855.9999999226416,-51234.36068796587,18245.655966080878,-32988.70472188499,286.91220662089455,52.46891494146224,1.2931021524710873,41.5
1928500,3856.999999922618,-51089.337413928515,18070.660727454007,-33018.67668647451,284.16041352801136,53.03918528689991,1.2791988881734355,41.5
1929000,3857.9999999225943,-51217.25371386315,18240.948908733382,-32976.30480512977,286.8381883333212,52.72313648585857,1.2868670449229695,41.5
1929500,3858.9999999225706,-51010.58504176215,18001.346456142535,-33009.23858561961,283.0704493979596,52.77940155373665,1.2854951903831082,41.5
1930000,3859.999999922547,-51102.78174647856,18357.54290404173,-32745.238842436833,288.67162422265585,52.477145804189064,1.2928993337745736,41.5
1930500,3860.9999999225233,-51124.61129656329,18403.84053999074,-32720.770756572554,289.3996526868643,52.34353517365464,1.29619955212303,41.5
1931000,3861.9999999224997,-50795.836741967774,18312.62267587204,-32483.214066095734,287.9652554404077,52.3089827321055,1.2970557503689437,41.5
1931500,3862.999999922476,-51099.80031088065,18645.648872963713,-32454.15143791694,293.2020790025622,52.6586612237212,1.2884426848676473,41.5
1932000,3863.9999999224524,-50995.6191616218,18725.936831172563,-32269.682330449235,294.4646039179508,52.57508752951217,1.2904908015710297,41.5
1932500,3864.9999999224287,-50898.12361150909,18553.270809442627,-32344.85280206646,291.7494376671412,52.25224043612554,1.2984642626293872,41.5
1933000,3865.999999922405,-51085.879081084735,18648.7410408313,-32437.138040253434,293.25070321797983,52.66955264538969,1.288176250621071,41.5
1933500,3866.9999999223814,-50668.93968794549,18178.20398078727,-32490.735707158216,285.8515268636129,52.48440784031605,1.292720440993712,41.5
1934000,3867.999999922358,-50944.81035726973,18432.033010379353,-32512.777346890376,289.84297815043374,52.198844545697696,1.299792503821223,41.5
1934500,3868.999999922334,-50723.976918053406,18404.202890938563,-32319.774027114843,289.4053506409529,52.69243529541168,1.2876168366151644,41.5
1935000,3869.9999999223105,-51027.06925194512,18656.272808071673,-32370.796443873445,293.3691399550699,52.65340425469197,1.2885713242858607,41.5
1935500,3870.999999922287,-51029.75070171076,18510.974723690626,-32518.77597802013,291.08433341892487,52.18812693254177,1.300059435670625,41.5
1936000,3871.999999922263,-50859.3686843312,18585.36655122735,-32274.00213310385,292.2541419165093,52.70943284969562,1.2872016104233042,41.5
1936500,3872.9999999222396,-50687.59726741517,18584.535386034142,-32103.06188138103,292.2410718772576,52.283239297862195,1.2976943999604367,41.5
1937000,3873.999999922216,-50869.00400899377,18901.415319214317,-31967.58868977945,297.2239960884573,52.608267236735344,1.289676897041963,41.5
1937500,3874.9999999221923,-50664.62922046227,18546.268297111368,-32118.360923350905,291.6393234422217,52.47280126747335,1.2930063806348446,41.5
1938000,3875.9999999221686,-50701.82214976618,18625.860709995377,-32075.961439770803,292.8909109353371,52.212657079324714,1.299448651800057,41.5
1938500,3876.999999922145,-50621.65812558356,18530.492491659636,-32091.165633923927,291.391249535655,52.07957154496696,1.3027692977474985,41.5
1939000,3877.9999999221213,-50688.43008077614,18715.961657373882,-31972.468423402257,294.30774471095236,52.69579741062319,1.287534683647267,41.5
1939500,3878.9999999220977,-50527.1150296252,18443.683542055856,-32083.431487569345,290.02618229271434,53.23540056512341,1.274484011172762,41.5
1940000,3879.999999922074,-50819.71500110115,18821.864814768625,-31997.850186332522,295.9730676038498,53.02692156484455,1.279494732984998,41.5
1940500,3880.9999999220504,-50720.51473282294,18685.004489183448,-32035.510243639495,293.82094448558564,52.69361430515176,1.2875880264298716,41.5
1941000,3881.9999999220267,-50685.82974743779,18742.650569431207,-31943.179178006583,294.7274267802029,52.90218587382221,1.2825115962212161,41.5
1941500,3882.999999922003,-50450.07251918066,18605.580884212064,-31844.4916349686,292.5720114901105,53.03081537911198,1.2794007854412768,41.5
1942000,3883.9999999219795,-50628.47902227595,18795.68399926152,-31832.795023014427,295.5613753324269,53.11458221908728,1.2773830465006546,41.5
1942500,3884.999999921956,-50675.7705986322,18722.384039353998,-31953.386559278206,294.4087364094203,52.97392335931075,1.2807748142124766,41.5
1943000,3885.999999921932,-50656.581706278645,18601.03965510775,-32055.542051170894,292.50060084499523,52.84408703155947,1.2839216392953732,41.5
1943500,3886.9999999219085,-50476.44233538376,18397.378983756957,-32079.063351626806,289.2980449748321,53.047073385024134,1.2790086713394724,41.5
1944000,3887.999999921885,-50551.61539346823,18622.678425484963,-31928.936967983267,292.8408696393335,52.81745813224237,1.2845689521588253,41.5
1944500,3888.999999921861,-50844.309865798656,18926.706558800914,-31917.603306997742,297.62169981428974,53.080486224487885,1.2782035673465006,41.5
1945000,3889.9999999218376,-50701.31658485792,18812.789989420446,-31888.526595437477,295.83036634004293,53.052795441997695,1.2788707227087526,41.5
1945500,3890.999999921814,-50663.50773501089,18787.103699507996,-31876.404035502896,295.4264504637168,52.71664405051194,1.2870255318911623,41.5
1946000,3891.9999999217903,-50551.32981701468,18730.485072767817,-31820.844744246864,294.53612483420426,52.991283612467285,1.2803552249235317,41.5
1946500,3892.9999999217666,-50831.15961341395,19072.201145044706,-31758.95846836924,299.90959633432743,53.085756268043646,1.2780766747684045,41.5
1947000,3893.999999921743,-50431.35539356145,18714.30653487239,-31717.048858689057,294.28171797614965,53.36171637120286,1.2714671015575096,41.5
1947500,3894.9999999217193,-50511.57336622969,18851.660805495234,-31659.912560734458,296.4416083602753,52.57212175923125,1.2905636024993359,41.5
1948000,3895.9999999216957,-50289.522264539286,18501.5154006058,-31788.006863933486,290.93558594366544,52.810120158804416,1.2847474431908816,41.5
1948500,3896.999999921672,-50795.03225043947,18732.310135690324,-32062.722114749147,294.56482387529616,52.744026028014346,1.2863573746264791,41.5
1949000,3897.9999999216484,-50457.64398627104,18513.983903080287,-31943.660083190753,291.13165264386316,52.92170246993233,1.2820386284280088,41.5
1949500,3898.9999999216247,-50698.28588069002,18709.010003383155,-31989.275877306864,294.19843023139333,52.87459738801726,1.2831807748951904,41.5
1950000,3899.999999921601,-50802.64833613062,18682.372631173967,-32120.27570495665,293.779558624183,53.017712730243524,1.2797169729640951,41.5
1950500,3900.9999999215775,-50495.44785917137,18417.78193108787,-32077.6659280835,289.61888050144535,53.07696308063151,1.278288411971817,41.5
1951000,3901.999999921554,-50746.228837057766,18548.711188610345,-32197.51764844742,291.67773781284285,53.44717481298857,1.2694341110830625,41.5
1951500,3902.99999992153,-50804.310673272885,18206.055817518478,-32598.254855754407,286.28949587661253,53.391130026792695,1.2707666388514336,41.5
1952000,3903.9999999215065,-50966.271324622256,18467.17581759578,-32499.095507026475,290.3955973812283,52.81641872223546,1.2845942320595782,41.5
1952500,3904.999999921483,-50592.48799091022,18195.926765765846,-32396.56122514437,286.13021694497377,52.71721327658495,1.2870116349409282,41.5
1953000,3905.999999921459,-51031.477949058884,18424.886848179704,-32606.59110087918,289.7306050371083,53.11710765102244,1.2773223138274779,41.5
1953500,3906.9999999214356,-50869.50824045679,18500.90084308971,-32368.60739736708,290.9259220514291,53.273725983490685,1.2735671402006485,41.5
1954000,3907.999999921412,-50877.696806906024,18460.35409275379,-32417.342714152233,290.28832603231024,53.16725648914325,1.2761175078214106,41.5
1954500,3908.9999999213883,-50449.412632708416,18183.372789000598,-32266.03984370782,285.93280616498976,52.764523304970616,1.2858576672147384,41.5
1955000,3909.9999999213646,-50886.21392543896,18617.7838088394,-32268.430116599564,292.7639019893376,52.668135401120885,1.2882109140925324,41.5
1955500,3910.999999921341,-50911.47984238761,18664.205472760426,-32247.274369627186,293.4938807884203,53.14008877626237,1.2767699191149018,41.5
1956000,3911.9999999213173,-50582.178059103986,18333.34273225905,-32248.835326844935,288.2910774941808,52.732741264346124,1.2866326540566295,41.5
1956500,3912.9999999212937,-51089.3248280916,18842.682618672487,-32246.642209419115,296.30042673339614,52.560057213651724,1.2908598362599335,41.5
1957000,3913.99999992127,-50627.87297734551,18426.089465720346,-32201.783511625166,289.74951614959167,52.89899199100126,1.282589030433111,41.5
1957500,3914.9999999212464,-50847.382825828434,18430.264048468052,-32417.11877736038,289.8151612954879,52.97777397595202,1.2806817228565515,41.5
1958000,3915.9999999212228,-50847.68204416211,18407.651780735912,-32440.030263426197,289.45958429437644,52.88573748360889,1.2829104797802153,41.5
1958500,3916.999999921199,-50962.1795507283,18460.323991774556,-32501.855558953746,290.2878526956218,52.77881426878174,1.285509494455592,41.5
1959000,3917.9999999211755,-50752.4531641998,18451.019277880143,-32301.433886319654,290.14153644366655,53.022155596597,1.2796097421015022,41.5
1959500,3918.999999921152,-50528.27719745757,18162.841940964434,-32365.43525649314,285.6099594049278,53.064741745365865,1.2785828144457583,41.5
1960000,3919.999999921128,-51048.64882998685,18654.374257340874,-32394.274572645976,293.33928532114675,52.72868627025479,1.2867315999659432,41.5
1960500,3920.9999999211045,-50819.32711594549,18440.4959351481,-32378.831180797388,289.9760573022265,52.986259362386384,1.280476630452433,41.5
1961000,3921.999999921081,-50938.32147417601,18592.877832351554,-32345.443641824455,292.3722565102461,52.76152863991917,1.2859306505629544,41.5
1961500,3922.999999921057,-50596.20543287412,18426.957458494137,-32169.247974379985,289.76316530106766,52.79834028942744,1.285034083963683,41.5
1962000,3923.9999999210336,-50769.28253957328,18472.90730364956,-32296.37523592372,290.48572476902757,53.24248203238077,1.2743144996013507,41.5
1962500,3924.99999992101,-50871.59040129753,18463.628998323293,-32407.961402974237,290.3398237907448,53.26261574573512,1.273832798083334,41.5
1963000,3925.9999999209863,-50820.97541516957,18529.179308849012,-32291.796106320555,291.3705997887457,52.8439175012,1.2839257582878196,41.5
1963500,3926.9999999209626,-51196.66848832598,18603.118391790427,-32593.550096535553,292.53328889576846,52.74884038926362,1.2862399694086313,41.5
1964000,3927.999999920939,-50937.67177940393,18356.968421227837,-32580.70335817609,288.66259050350067,52.50438176035326,1.2922286592822974,41.5
1964500,3928.9999999209153,-50749.92802486665,18078.173060498302,-32671.754964368345,284.27854466314926,53.326617888897694,1.2723039550339215,41.5
1965000,3929.9999999208917,-51310.74296860079,18504.59193531392,-32806.151033286864,290.9839643282789,52.76978266451618,1.2857295107688553,41.5
1965500,3930.999999920868,-50682.87112851889,17909.75612617557,-32773.11500234332,281.6301951410114,52.90320316656349,1.2824869343924543,41.5
1966000,3931.9999999208444,-51052.96298301976,18197.970381724837,-32854.99260129492,286.1623527237789,53.03839287489938,1.2792179998488675,41.5
1966500,3932.9999999208208,-50938.81363567726,18155.554164670277,-32783.25947100698,285.4953594156589,52.8735528498254,1.2832061246448137,41.5
1967000,3933.999999920797,-50924.0907764387,18355.552320931165,-32568.538455507536,288.6403223832604,52.81269337482577,1.2846848458777556,41.5
1967500,3934.9999999207735,-50637.14972336387,18195.24227143961,-32441.907451924264,286.1194532992092,52.875731161665314,1.2831532606364502,41.5
1968000,3935.99999992075,-50872.78167870074,18664.78412013914,-32207.9975585616,293.5029799951899,53.20099189017654,1.2753083060685406,41.5
1968500,3936.999999920726,-50943.93998926657,18701.037946594144,-32242.902042672424,294.0730699588499,52.737477090597004,1.2865171144245793,41.5
1969000,3937.9999999207025,-50994.32838706335,18616.62452726368,-32377.703859799673,292.74567233316066,52.77328063043364,1.2856442888922917,41.5
1969500,3938.999999920679,-50651.225353301415,18217.597197527393,-32433.628155774022,286.47098361330796,52.81370273487311,1.2846602933565403,41.5
1970000,3939.9999999206552,-50630.079644392776,18399.949797287467,-32230.12984710531,289.33847091425685,52.69466028724237,1.287562467976541,41.5
1970500,3940.9999999206316,-50524.30917633688,18466.144747041744,-32058.164429295135,290.3793838382134,52.734313906895075,1.2865942841015334,41.5
1971000,3941.999999920608,-50649.84670285832,18581.443409349835,-32068.403293508483,292.1924506681893,52.88076559847582,1.2830310998860195,41.5
1971500,3942.9999999205843,-50829.514826483195,18872.59008485839,-31956.924741624804,296.77072043693795,52.97220858828134,1.2808162743593188,41.5
1972000,3943.9999999205606,-51013.70177212061,19063.153937477946,-31950.54783464266,299.76732935902317,52.36500239530456,1.2956681704403197,41.5
1972500,3944.999999920537,-50389.57641535594,18569.735842171838,-31819.840573184105,292.00834964494044,52.91309611691652,1.2822471529299917,41.5
1973000,3945.9999999205133,-50478.052150881835,18787.856051227776,-31690.19609965406,295.43828116426704,52.92933841316918,1.2818536728912946,41.5
1973500,3946.9999999204897,-50388.81808045102,18585.43532912411,-31803.38275132691,292.25522344617104,52.72582630946903,1.286801395020384,41.5
1974000,3947.999999920466,-50375.43728119328,18508.668902095967,-31866.76837909731,291.0480744670391,52.46847964381288,1.2931128805183105,41.5
1974500,3948.9999999204424,-50566.2980109145,18774.32341928967,-31791.97459162483,295.2254810710301,53.130218165743976,1.2770071193190091,41.5
1975000,3949.9999999204188,-50699.905927159874,18943.958722768875,-31755.947204391,297.892989399177,53.03971122855824,1.2791862036401116,41.5
1975500,3950.999999920395,-50400.73695875596,18698.12505033677,-31702.61190841919,294.0272647822964,52.88257205287024,1.2829872718897894,41.5
1976000,3951.9999999203715,-50592.682743348516,18656.52176610756,-31936.160977240957,293.3730548101765,52.6370171927266,1.2889724848998931,41.5
1976500,3952.999999920348,-50722.704334427006,18653.061907010382,-32069.642427416624,293.3186486649541,52.77208355516276,1.2856734522847844,41.5
1977000,3953.999999920324,-50670.16098860073,18563.688781548026,-32106.472207052702,291.913259859713,52.40025259615275,1.2947965608396441,41.5
1977500,3954.9999999203005,-51228.02588640138,19018.527877927467,-32209.498008473915,299.065586366487,52.948055499218725,1.2814005388664051,41.5
1978000,3955.999999920277,-50772.42843507303,18772.22513220911,-32000.20330286392,295.1924855910361,52.8671241755878,1.2833621632847756,41.5
1978500,3956.9999999202532,-50759.16592470266,18626.408899197297,-32132.757025505365,292.89953118850093,52.86032656879688,1.283527198045675,41.5
1979000,3957.9999999202296,-50559.58712921602,18476.97513551334,-32082.61199370268,290.5496912615653,52.79325484373,1.2851578681681748,41.5
1979500,3958.999999920206,-50443.63135897269,18479.154554324035,-31964.476804648657,290.58396253475433,53.03082462482283,1.279400562382899,41.5
1980000,3959.9999999201823,-50263.753004012324,18142.74839490097,-32121.004609111355,285.2939892008077,53.701400299585266,1.263424537723855,41.5
1980500,3960.9999999201586,-50509.6768483789,18315.922271157022,-32193.754577221876,288.0171414436257,53.19484408887205,1.2754556952037464,41.5
1981000,3961.999999920135,-50399.54628064998,18193.56461363562,-32205.98166701436,286.09307219768067,53.40160500233385,1.2705173720089875,41.5
1981500,3962.9999999201113,-50674.294475169394,18580.28459375086,-32094.009881418533,292.17422833947785,53.08479797567521,1.2780997467432524,41.5
1982000,3963.9999999200877,-50427.007553329306,18404.54628407817,-32022.461269251136,289.41075048426933,53.373228900609725,1.2711928479157857,41.5
1982500,3964.999999920064,-50533.92464040729,18566.017708404368,-31967.906932002923,291.9498821409099,53.54685244604393,1.2670710555208335,41.5
1983000,3965.9999999200404,-50503.51343860102,18585.73494229011,-31917.778496310908,292.2599348511624,53.087339977449375,1.2780385469953435,41.5
1983500,3966.9999999200168,-50282.52644917448,18499.566510277145,-31782.959938897337,290.9049397215895,53.2353465302087,1.2744853047988833,41.5
1984000,3967.999999919993,-50584.758298840214,18928.09349178592,-31656.664807054294,297.6435092797266,53.35621634601748,1.2715981659687412,41.5
1984500,3968.9999999199695,-50460.771461790544,18700.451675126093,-31760.31978666445,294.06385086358193,52.91522830028893,1.282195485647309,41.5
1985000,3969.999999919946,-50288.96974234041,18865.589794361833,-31423.379947978574,296.6606411502799,52.924008391477294,1.2819827694599406,41.5
1985500,3970.999999919922,-50139.478080449095,18681.266892577874,-31458.21118787122,293.7621709292083,53.66237619489827,1.2643433194648124,41.5
1986000,3971.9999999198985,-50358.07225003633,18864.848102476346,-31493.224147559988,296.64897807519543,52.646468123568155,1.2887410925530627,41.5
1986500,3972.999999919875,-50501.246425051846,18806.70313542809,-31694.543289623754,295.73465080569486,53.03252802698774,1.2793594681004115,41.5
1987000,3973.9999999198512,-50713.24097849529,18903.6501712271,-31809.590807268192,297.25913904652083,53.76569989461885,1.2619135802492876,41.5
1987500,3974.9999999198276,-50875.51049636102,18887.722783652418,-31987.787712708603,297.0086815171641,53.07529059910489,1.2783286927452349,41.5
1988000,3975.999999919804,-50469.449822978204,18567.793900967376,-31901.65592201083,291.97781269756314,53.21867201552783,1.2748846275012464,41.5
1988500,3976.9999999197803,-50422.4772800519,18625.11826493391,-31797.35901511799,292.8792360165906,53.06157064191835,1.2786592260242655,41.5
1989000,3977.9999999197566,-50485.79936263284,18640.147937372134,-31845.651425260705,293.11557701151327,52.969068582197394,1.2808922011407697,41.5
1989500,3978.999999919733,-50698.133062616944,18656.24174148941,-32041.891321127532,293.36865143431265,52.8292179242191,1.2842830069139264,41.5
1990000,3979.9999999197094,-50761.727847800845,18656.376726132585,-32105.35112166826,293.3707740624004,53.1629317603658,1.2762213181630668,41.5
1990500,3980.9999999196857,-50442.773810089464,18324.653113314496,-32118.120696774968,288.1544335855862,52.819937755565256,1.2845086482798551,41.5
1991000,3981.999999919662,-50783.59302065932,18638.024970370487,-32145.56805028883,293.0821934407521,52.73313196911334,1.2866231212734853,41.5
1991500,3982.9999999196384,-50630.57146107106,18509.001898471368,-32121.56956259969,291.0533108216564,52.795557085538285,1.2851018266310137,41.5
1992000,3983.9999999196148,-50798.08210463917,18707.474148134777,-32090.607956504395,294.1742789693515,53.07801966834308,1.2782629659616533,41.5
1992500,3984.999999919591,-50467.172512377205,18471.487079305196,-31995.68543307201,290.4633917983031,52.96396511086368,1.2810156246158892,41.5
1993000,3985.9999999195675,-50757.40869025507,18841.220052806555,-31916.188637448515,296.27742794394715,52.67616854946876,1.2880144611298128,41.5
1993500,3986.999999919544,-50719.01504833806,18813.16945877787,-31905.845589560187,295.83633348043435,52.92822316383814,1.281880682799539,41.5
1994000,3987.99999991952,-50504.332828104634,18651.80356715504,-31852.529260949595,293.2988613213121,52.84255518737154,1.2839588586897408,41.5
1994500,3988.9999999194965,-50771.55232910429,18915.105071761154,-31856.447257343138,297.43926689695047,53.06034028068912,1.2786888755276191,41.5
1995000,3989.999999919473,-50172.02931994345,18187.076051803153,-31984.9532681403,285.99103982369473,53.21491520540543,1.2749746304535203,41.5
1995500,3990.9999999194492,-50712.6115929408,18503.07672689652,-32209.534866044276,290.9601377368242,53.00093422196422,1.2801220930273778,41.5
1996000,3991.9999999194256,-50725.2581494839,18416.92530260868,-32308.332846875222,289.6054100530452,52.88701816292151,1.2828794136137256,41.5
1996500,3992.999999919402,-50663.37037893476,18406.896734450158,-32256.4736444846,289.44771122188456,52.94298922454806,1.281523159957283,41.5
1997000,3993.9999999193783,-50656.525805858,18485.56359460738,-32170.96221125062,290.68474443557693,52.70782982333373,1.2872407586508348,41.5
1997500,3994.9999999193547,-50679.38150603336,18713.268895868343,-31966.112610165015,294.2654011445224,53.24920311674255,1.2741536563444766,41.5
1998000,3995.999999919331,-50491.99082310858,18445.885668662642,-32046.105154445937,290.0608106450841,52.92187875469981,1.2820343579091453,41.5
1998500,3996.9999999193074,-50671.90764344654,18480.414903293957,-32191.492740152582,290.6037814716424,52.95111100083672,1.281326596670561,41.5
1999000,3997.9999999192837,-50631.70811467896,18477.599824107805,-32154.108290571152,290.55951446460176,53.020241596599384,1.2796559352716874,41.5
1999500,3998.99999991926,-50489.29610877345,18338.87769879167,-32150.41840998178,288.37811462040963,53.25840455967448,1.2739335210953584,41.5
2000000,3999.9999999192364,-50765.616906595045,18529.67583003421,-32235.941076560834,291.3784075644237,52.97632323400439,1.2807167939710322,41.5
